/*
SQLyog Ultimate v12.09 (64 bit)
MySQL - 5.7.17 : Database - nxlg
*********************************************************************
*/

/*!40101 SET NAMES utf8 */;

/*!40101 SET SQL_MODE=''*/;

/*!40014 SET @OLD_UNIQUE_CHECKS=@@UNIQUE_CHECKS, UNIQUE_CHECKS=0 */;
/*!40014 SET @OLD_FOREIGN_KEY_CHECKS=@@FOREIGN_KEY_CHECKS, FOREIGN_KEY_CHECKS=0 */;
/*!40101 SET @OLD_SQL_MODE=@@SQL_MODE, SQL_MODE='NO_AUTO_VALUE_ON_ZERO' */;
/*!40111 SET @OLD_SQL_NOTES=@@SQL_NOTES, SQL_NOTES=0 */;
CREATE DATABASE /*!32312 IF NOT EXISTS*/`nxlg` /*!40100 DEFAULT CHARACTER SET utf8mb4 */;

USE `nxlg`;

/*Table structure for table `admin` */

DROP TABLE IF EXISTS `admin`;

CREATE TABLE `admin` (
  `adminId` varchar(45) NOT NULL,
  `adminName` varchar(45) DEFAULT NULL COMMENT '姓名',
  `adminIcon` varchar(45) DEFAULT NULL COMMENT '头像',
  `adminPhone` varchar(15) DEFAULT NULL COMMENT '电话',
  `adminEmail` varchar(45) DEFAULT NULL COMMENT '邮箱',
  `createMan` varchar(45) DEFAULT NULL,
  `createDate` date DEFAULT NULL,
  `updateMan` varchar(45) DEFAULT NULL,
  `updateDate` date DEFAULT NULL,
  PRIMARY KEY (`adminId`)
) ENGINE=InnoDB DEFAULT CHARSET=utf8mb4 COMMENT='管理员表';

/*Data for the table `admin` */

insert  into `admin`(`adminId`,`adminName`,`adminIcon`,`adminPhone`,`adminEmail`,`createMan`,`createDate`,`updateMan`,`updateDate`) values ('0aadf383-d575-401b-ad31-fce7429ce33d','测试管理员',NULL,'15841676699','15841676699@163.com','admin','2017-08-19',NULL,NULL),('0d089548-45e4-44fc-b578-54934c10b32a','121','','15689778548','1@qq.com','123','2017-06-30','123','2017-06-30'),('1c9b9654-f2a2-49d6-af91-971f0ee80c43','test3','','15689778548','1@qq.com','test1','2017-04-25',NULL,NULL),('85651b49-28bb-4377-9841-8e3dacd99bd7','zhang','8555f8b9-90b0-458f-9ef6-74028e2655b3','15689778548','1@qq.com','admin','2017-04-26','sss','2017-08-23'),('92a961d7-2ef4-4ad9-a06b-3e2eb5f672e7','lisy','','13731650211','yao211x@qq.com','admin','2017-05-15','123','2017-06-12'),('ce724ea8-39f8-44dc-8937-de61fe29aacd','lu123','220a4d41-786b-4846-91a1-938500fda0e3','15689778548','1@qq.com','111','2017-05-15',NULL,NULL),('管理员','超级管理员','015c00e3-8cd5-4618-888b-e133749d6eb3','15066898511','1@qq.com','','2017-05-31','fca3b7d9-0921-11e7-8be9-00ac2794c53f','2017-10-13');

/*Table structure for table `arrangecourse` */

DROP TABLE IF EXISTS `arrangecourse`;

CREATE TABLE `arrangecourse` (
  `acId` varchar(45) NOT NULL,
  `semester` varchar(15) DEFAULT NULL COMMENT '学期',
  `startWeek` varchar(5) DEFAULT NULL COMMENT '课程起始周',
  `endWeek` varchar(5) DEFAULT NULL COMMENT '课程结束周',
  `days` varchar(5) DEFAULT NULL COMMENT '每周排课天数',
  `lessonsMorning` varchar(5) DEFAULT NULL COMMENT '上午上课节数',
  `lessonAfternoon` varchar(5) DEFAULT NULL COMMENT '下午上课节数',
  `lessonNight` varchar(5) DEFAULT NULL COMMENT '晚上上课节数',
  `is_now` bit(1) DEFAULT NULL COMMENT '是否当前学期',
  PRIMARY KEY (`acId`)
) ENGINE=InnoDB DEFAULT CHARSET=utf8mb4;

/*Data for the table `arrangecourse` */

insert  into `arrangecourse`(`acId`,`semester`,`startWeek`,`endWeek`,`days`,`lessonsMorning`,`lessonAfternoon`,`lessonNight`,`is_now`) values ('02e91fbf-263e-11e7-8e99-00ac9c2c0afa','2018/2019第二学期','2','22','6','2','2','1','\0'),('52682a66-4b4e-11e7-8629-d8cb8ab8c894','2016/2017第二学期','2','20','5','2','2','1','\0'),('8e2bbfce-2639-11e7-8e99-00ac9c2c0afa','2017/2018第二学期','1','20','5','3','2','1','\0'),('b6741445-5d41-11e7-8574-00ac9c2c0afa','2016/2017第一学期','1','21','5','2','2','1','\0'),('c8cc60b4-466f-11e7-b8a5-00ac9c2c0afa','2017/2018第一学期','1','14','7','3','4','2','\0'),('fb910ec9-985f-11e7-a287-408d5ce8eb96','2018/2019第一学期','1','3','2','2','1','1','');

/*Table structure for table `arrangelesson` */

DROP TABLE IF EXISTS `arrangelesson`;

CREATE TABLE `arrangelesson` (
  `al_Id` varchar(45) NOT NULL,
  `al_timeweek` varchar(45) NOT NULL DEFAULT '0' COMMENT '周几上课',
  `al_timepitch` varchar(45) NOT NULL DEFAULT '0' COMMENT '第几节上课',
  `acId` varchar(45) NOT NULL COMMENT '学期表的ID值',
  `al_code` varchar(45) DEFAULT NULL COMMENT '编号',
  `courseId` varchar(45) DEFAULT NULL COMMENT '课程id值',
  `classroomId` varchar(45) NOT NULL DEFAULT '0' COMMENT '教室的ID值',
  `classroomName` varchar(45) NOT NULL COMMENT '教室的名称',
  `tc_id` varchar(45) DEFAULT NULL COMMENT '每节课的ID值',
  PRIMARY KEY (`al_Id`)
) ENGINE=InnoDB DEFAULT CHARSET=utf8;

/*Data for the table `arrangelesson` */

insert  into `arrangelesson`(`al_Id`,`al_timeweek`,`al_timepitch`,`acId`,`al_code`,`courseId`,`classroomId`,`classroomName`,`tc_id`) values ('361b927e-b9fc-11e7-8c74-00acc501c3ab','1','1','fb910ec9-985f-11e7-a287-408d5ce8eb96',NULL,'7ab0b0c2-98f2-11e7-bfa0-408d5ce8eb96','28406482-a57a-11e7-a089-408d5ce8eb96','7896','d51bfc41-6cbc-484f-b250-f0f89c24290d'),('361cccce-b9fc-11e7-8c74-00acc501c3ab','1','2','fb910ec9-985f-11e7-a287-408d5ce8eb96',NULL,'7ab0b0c2-98f2-11e7-bfa0-408d5ce8eb96','28406482-a57a-11e7-a089-408d5ce8eb96','7896','da0a9657-d91d-4b8f-b9d4-af2847e0a973'),('361e0ddb-b9fc-11e7-8c74-00acc501c3ab','1','3','fb910ec9-985f-11e7-a287-408d5ce8eb96',NULL,'14f0142a-a009-11e7-ab7f-408d5ce8eb96','28406482-a57a-11e7-a089-408d5ce8eb96','7896','7f73be44-01e3-4efe-9991-bb46ce0bc2b1'),('361f166b-b9fc-11e7-8c74-00acc501c3ab','1','4','fb910ec9-985f-11e7-a287-408d5ce8eb96',NULL,'e86e4a54-a3e8-11e7-b16f-408d5ce8eb96','28406482-a57a-11e7-a089-408d5ce8eb96','7896','be8dd5d8-d5f7-43c6-8d74-43fd51dc2e07'),('36209f94-b9fc-11e7-8c74-00acc501c3ab','2','2','fb910ec9-985f-11e7-a287-408d5ce8eb96',NULL,'ab11d52c-9ffa-11e7-ab7f-408d5ce8eb96','28406482-a57a-11e7-a089-408d5ce8eb96','7896','c8949ce5-a2b9-4a7b-ad89-c40a7cc10fd9'),('36218f13-b9fc-11e7-8c74-00acc501c3ab','2','3','fb910ec9-985f-11e7-a287-408d5ce8eb96',NULL,'e352b49b-9ffa-11e7-ab7f-408d5ce8eb96','28406482-a57a-11e7-a089-408d5ce8eb96','7896','a87aadd1-980b-413b-83c3-97059385e399'),('36226832-b9fc-11e7-8c74-00acc501c3ab','2','4','fb910ec9-985f-11e7-a287-408d5ce8eb96',NULL,'e86e4a54-a3e8-11e7-b16f-408d5ce8eb96','28406482-a57a-11e7-a089-408d5ce8eb96','7896','53364f6c-6693-4adc-a37a-9940f99141bf'),('36233e74-b9fc-11e7-8c74-00acc501c3ab','1','1','fb910ec9-985f-11e7-a287-408d5ce8eb96',NULL,'e86e4a54-a3e8-11e7-b16f-408d5ce8eb96','c8ea0c27-4c30-11e7-8629-d8cb8ab8c894','501','590a2726-a36b-4b3c-9542-f4fcd8c573aa'),('3623f086-b9fc-11e7-8c74-00acc501c3ab','1','2','fb910ec9-985f-11e7-a287-408d5ce8eb96',NULL,'ef882aef-9ffa-11e7-ab7f-408d5ce8eb96','c8ea0c27-4c30-11e7-8629-d8cb8ab8c894','501','a99be69d-c5d9-4f6c-8d8d-b988fc5b5ad7'),('3624f47d-b9fc-11e7-8c74-00acc501c3ab','1','3','fb910ec9-985f-11e7-a287-408d5ce8eb96',NULL,'cc1ed133-9c0a-11e7-95ae-408d5ce8eb96','c8ea0c27-4c30-11e7-8629-d8cb8ab8c894','501','c9caca5c-641a-4619-80ff-6f9b4e7f71e0'),('3625bcd0-b9fc-11e7-8c74-00acc501c3ab','1','4','fb910ec9-985f-11e7-a287-408d5ce8eb96',NULL,'a6f0e253-b880-11e7-8c74-00acc501c3ab','c8ea0c27-4c30-11e7-8629-d8cb8ab8c894','501','2a55c7fc-b42f-4973-9f20-241134be5324'),('36267e9d-b9fc-11e7-8c74-00acc501c3ab','2','1','fb910ec9-985f-11e7-a287-408d5ce8eb96',NULL,'769a99aa-98f0-11e7-bfa0-408d5ce8eb96','c8ea0c27-4c30-11e7-8629-d8cb8ab8c894','501','4920a7d2-8ce7-4620-a8a8-ddfa9a3dae63'),('36272463-b9fc-11e7-8c74-00acc501c3ab','2','2','fb910ec9-985f-11e7-a287-408d5ce8eb96',NULL,'ef882aef-9ffa-11e7-ab7f-408d5ce8eb96','c8ea0c27-4c30-11e7-8629-d8cb8ab8c894','501','90050248-c6fb-4f89-99da-28ffd8237864'),('3627ccaf-b9fc-11e7-8c74-00acc501c3ab','2','3','fb910ec9-985f-11e7-a287-408d5ce8eb96',NULL,'6a23b5e6-5db8-441b-8569-f7e39272a4f0','c8ea0c27-4c30-11e7-8629-d8cb8ab8c894','501','10'),('36287602-b9fc-11e7-8c74-00acc501c3ab','2','4','fb910ec9-985f-11e7-a287-408d5ce8eb96',NULL,'badd2562-9f60-11e7-9cf4-408d5ce8eb96','c8ea0c27-4c30-11e7-8629-d8cb8ab8c894','501','74aa5e9d-4f86-4db3-8c86-2783d717cc8e'),('362921b6-b9fc-11e7-8c74-00acc501c3ab','1','1','fb910ec9-985f-11e7-a287-408d5ce8eb96',NULL,'6db09320-9d1b-11e7-a67a-408d5ce8eb96','cb193bf8-4c1e-11e7-8629-d8cb8ab8c894','112','a6b8b40f-ccab-4e57-bb75-1bec44985a4b'),('4173bc6a-b9fc-11e7-8c74-00acc501c3ab','1','1','fb910ec9-985f-11e7-a287-408d5ce8eb96',NULL,'4cd49ba0-9e6a-11e7-bfbd-408d5ce8eb96','19ca4d95-5d46-11e7-8574-00ac9c2c0afa','1','5bca9b86-7909-493a-b781-ff8be2845ee8'),('4174a34b-b9fc-11e7-8c74-00acc501c3ab','1','2','fb910ec9-985f-11e7-a287-408d5ce8eb96',NULL,'e86e4a54-a3e8-11e7-b16f-408d5ce8eb96','19ca4d95-5d46-11e7-8574-00ac9c2c0afa','1','05f7a84b-1111-4d8d-91e1-33ce3864f080'),('41756e9d-b9fc-11e7-8c74-00acc501c3ab','1','3','fb910ec9-985f-11e7-a287-408d5ce8eb96',NULL,'e352b49b-9ffa-11e7-ab7f-408d5ce8eb96','19ca4d95-5d46-11e7-8574-00ac9c2c0afa','1','8e4040e1-8e6f-4eba-93ed-c12284095777'),('41765d1f-b9fc-11e7-8c74-00acc501c3ab','1','4','fb910ec9-985f-11e7-a287-408d5ce8eb96',NULL,'4cd49ba0-9e6a-11e7-bfbd-408d5ce8eb96','19ca4d95-5d46-11e7-8574-00ac9c2c0afa','1','eaed0bb2-6dbc-48f9-9f38-20ae2affcd78'),('41771515-b9fc-11e7-8c74-00acc501c3ab','2','1','fb910ec9-985f-11e7-a287-408d5ce8eb96',NULL,'7ab0b0c2-98f2-11e7-bfa0-408d5ce8eb96','19ca4d95-5d46-11e7-8574-00ac9c2c0afa','1','f92ff9cb-5f6d-434d-90d3-ba9a58868380'),('4177c4e3-b9fc-11e7-8c74-00acc501c3ab','2','2','fb910ec9-985f-11e7-a287-408d5ce8eb96',NULL,'f64e6c9a-affc-11e7-ba56-408d5ce8eb96','19ca4d95-5d46-11e7-8574-00ac9c2c0afa','1','acc3dd4e-0050-4aa7-baa4-3677f742f1f4'),('417873cf-b9fc-11e7-8c74-00acc501c3ab','2','3','fb910ec9-985f-11e7-a287-408d5ce8eb96',NULL,'fa4da86d-a42a-11e7-b16f-408d5ce8eb96','19ca4d95-5d46-11e7-8574-00ac9c2c0afa','1','8689fea4-270a-4cf3-988b-ffdf2ff5d9ea'),('417933fa-b9fc-11e7-8c74-00acc501c3ab','2','4','fb910ec9-985f-11e7-a287-408d5ce8eb96',NULL,'e352b49b-9ffa-11e7-ab7f-408d5ce8eb96','19ca4d95-5d46-11e7-8574-00ac9c2c0afa','1','119d883d-3a58-4f4a-87f9-516b8eb381d1'),('4179f10d-b9fc-11e7-8c74-00acc501c3ab','1','1','fb910ec9-985f-11e7-a287-408d5ce8eb96',NULL,'7ab0b0c2-98f2-11e7-bfa0-408d5ce8eb96','8b832d83-0a1f-11e7-94e4-00ac2794c53f','2','b1df3d46-a514-483a-b5df-25143027c9d3'),('417a8af9-b9fc-11e7-8c74-00acc501c3ab','1','2','fb910ec9-985f-11e7-a287-408d5ce8eb96',NULL,'e64bd713-7529-4387-bc72-ef587edeb8f2','8b832d83-0a1f-11e7-94e4-00ac2794c53f','2','14'),('417b5856-b9fc-11e7-8c74-00acc501c3ab','1','3','fb910ec9-985f-11e7-a287-408d5ce8eb96',NULL,'769a99aa-98f0-11e7-bfa0-408d5ce8eb96','8b832d83-0a1f-11e7-94e4-00ac2794c53f','2','99527d8e-1302-4f54-a97a-cefe4f89d273'),('41c86ec7-b9fc-11e7-8c74-00acc501c3ab','1','4','fb910ec9-985f-11e7-a287-408d5ce8eb96',NULL,'85895a4a-9913-11e7-bfa0-408d5ce8eb96','8b832d83-0a1f-11e7-94e4-00ac2794c53f','2','d0571931-ce1e-4163-8d0a-44bd5e3fa8ac'),('41c9b988-b9fc-11e7-8c74-00acc501c3ab','2','1','fb910ec9-985f-11e7-a287-408d5ce8eb96',NULL,'6db09320-9d1b-11e7-a67a-408d5ce8eb96','8b832d83-0a1f-11e7-94e4-00ac2794c53f','2','d67fd978-4b6b-416c-bfc7-0ad7897b7520'),('41cb0ee2-b9fc-11e7-8c74-00acc501c3ab','2','2','fb910ec9-985f-11e7-a287-408d5ce8eb96',NULL,'7ab0b0c2-98f2-11e7-bfa0-408d5ce8eb96','8b832d83-0a1f-11e7-94e4-00ac2794c53f','2','b0c7bb0e-89d6-4bc8-9752-3c942f0fc424'),('41cc5c65-b9fc-11e7-8c74-00acc501c3ab','2','3','fb910ec9-985f-11e7-a287-408d5ce8eb96',NULL,'1ffd41aa-9916-11e7-bfa0-408d5ce8eb96','8b832d83-0a1f-11e7-94e4-00ac2794c53f','2','c0b59e3c-376f-47b7-9139-ffe701b4adea'),('41cdae6a-b9fc-11e7-8c74-00acc501c3ab','2','4','fb910ec9-985f-11e7-a287-408d5ce8eb96',NULL,'769a99aa-98f0-11e7-bfa0-408d5ce8eb96','8b832d83-0a1f-11e7-94e4-00ac2794c53f','2','c11cf2cd-16f6-413d-bc7c-1bee2edd7d11');

/*Table structure for table `arrangementstatus` */

DROP TABLE IF EXISTS `arrangementstatus`;

CREATE TABLE `arrangementstatus` (
  `as_id` varchar(11) NOT NULL,
  `as_status` varchar(10) DEFAULT NULL COMMENT '0表示排课结束，1表示正在排课',
  PRIMARY KEY (`as_id`)
) ENGINE=InnoDB DEFAULT CHARSET=utf8mb4;

/*Data for the table `arrangementstatus` */

insert  into `arrangementstatus`(`as_id`,`as_status`) values ('1','0');

/*Table structure for table `bookdistribution` */

DROP TABLE IF EXISTS `bookdistribution`;

CREATE TABLE `bookdistribution` (
  `distributionId` varchar(45) NOT NULL COMMENT '教材发放Id',
  `className` varchar(45) DEFAULT NULL COMMENT '班级名称',
  `bookid` varchar(45) DEFAULT NULL COMMENT '教材Id',
  `booktotalnum` int(10) DEFAULT NULL COMMENT '教材总数',
  `is_giveout` varchar(45) DEFAULT NULL COMMENT '是否发放（是/否）',
  `semester` varchar(45) DEFAULT NULL COMMENT '学期',
  `is_now` varchar(45) DEFAULT NULL COMMENT '是否当前学期（是/否）',
  PRIMARY KEY (`distributionId`)
) ENGINE=InnoDB DEFAULT CHARSET=utf8mb4;

/*Data for the table `bookdistribution` */

insert  into `bookdistribution`(`distributionId`,`className`,`bookid`,`booktotalnum`,`is_giveout`,`semester`,`is_now`) values ('16d6064e-4758-11e7-9460-00ac9c2c0afa','16测控二班','fcd0b1ff-2672-11e7-8e99-00ac9c2c0afa',23,'是','2018/2019第二学期','是'),('17a57760-0dbc-4fb4-af6d-8b70285398fd','16测控一班','3c1aab7b-2674-11e7-8e99-00ac9c2c0afa',1,'是','2016/2017第二学期','是'),('1babafdf-4758-11e7-9460-00ac9c2c0afa','16计算机一班','fcd0b1ff-2672-11e7-8e99-00ac9c2c0afa',27,'是','2018/2019第二学期','是'),('9fb1b59b-4757-11e7-9460-00ac9c2c0afa','16计算机二班','a7e94109-2674-11e7-8e99-00ac9c2c0afa',20,'是','2018/2019第二学期','是'),('dbe4723c-f936-4702-9e7c-f9b67a4e96d8','16自动化二班','a7e94109-2674-11e7-8e99-00ac9c2c0afa',1,'是','2016/2017第一学期','是'),('e8df73bb-4757-11e7-9460-00ac9c2c0afa','16自动化一班','a7e94109-2674-11e7-8e99-00ac9c2c0afa',30,'是','2018/2019第二学期','是'),('efa798c5-4757-11e7-9460-00ac9c2c0afa','16通信一班','a7e94109-2674-11e7-8e99-00ac9c2c0afa',22,'是','2018/2019第二学期','是');

/*Table structure for table `class` */

DROP TABLE IF EXISTS `class`;

CREATE TABLE `class` (
  `classId` varchar(45) NOT NULL,
  `className` varchar(45) DEFAULT NULL COMMENT '班级名称',
  `collegeName` varchar(45) DEFAULT NULL COMMENT '所属学院(该字段不用了)',
  `majorName` varchar(45) DEFAULT NULL COMMENT '所属专业(该字段不用了)',
  `gradeName` varchar(45) DEFAULT NULL COMMENT '所属年级',
  `createMan` varchar(45) DEFAULT NULL,
  `createDate` datetime DEFAULT NULL,
  `updateMan` varchar(45) DEFAULT NULL,
  `updateDate` datetime DEFAULT NULL,
  PRIMARY KEY (`classId`)
) ENGINE=InnoDB DEFAULT CHARSET=utf8mb4;

/*Data for the table `class` */

insert  into `class`(`classId`,`className`,`collegeName`,`majorName`,`gradeName`,`createMan`,`createDate`,`updateMan`,`updateDate`) values ('01452782-475a-11e7-9460-00ac9c2c0afa','16通信二班','','','2017','12','2017-06-02 14:09:15','1234','2017-08-25 11:52:27'),('1bfbdc36-475a-11e7-9460-00ac9c2c0afa','16计算机二班','','','2016','12','2017-06-02 14:10:00',NULL,NULL),('21b58a1b-475a-11e7-9460-00ac9c2c0afa','17计算机一班','','','2017','12','2017-06-02 14:10:09',NULL,NULL),('2ae5b242-475a-11e7-9460-00ac9c2c0afa','16自动化一班','','','2016','12','2017-06-02 14:10:25',NULL,NULL),('36117666-475a-11e7-9460-00ac9c2c0afa','16自动化二班','','','2016','12','2017-06-02 14:10:43',NULL,NULL),('36ef57ff-886c-11e7-beae-408d5ce8eb96','16级英语高级1班',NULL,NULL,'2016','testadmin','2017-08-24 09:33:21',NULL,NULL),('3c573708-886c-11e7-beae-408d5ce8eb96','16级英语高级2班',NULL,NULL,'2016','testadmin','2017-08-24 09:33:30',NULL,NULL),('3fd06794-475a-11e7-9460-00ac9c2c0afa','16测控一班','','','2016','12','2017-06-02 14:11:00',NULL,NULL),('47de7c58-475a-11e7-9460-00ac9c2c0afa','16测控二班','','','2016','12','2017-06-02 14:11:13','admin','2017-06-07 11:59:57'),('49d6e338-84c4-11e7-8102-408d5ce8eb96','一班',NULL,NULL,'2017','testadmin','2017-08-19 17:53:44',NULL,NULL),('5cae2ae9-46cc-11e7-b8a5-00ac9c2c0afa','美术2班','','','2015',NULL,NULL,NULL,NULL),('728a7fb2-86d8-11e7-98c2-408d5ce8eb96','法语基础1班',NULL,NULL,'2017','testadmin','2017-08-22 09:23:05',NULL,NULL),('7a76835a-86d8-11e7-98c2-408d5ce8eb96','法语基础2班',NULL,NULL,'2017','testadmin','2017-08-22 09:23:18',NULL,NULL),('8ca34824-4b34-11e7-a96a-00ac9c2c0afa','电子一班',NULL,NULL,'2016','admin','2017-06-07 11:51:12',NULL,NULL),('9dc5bcc6-9de3-11e7-8ad7-408d5ce8eb96','        16通信二班     ',NULL,NULL,'2017','admin','2017-09-20 17:10:58',NULL,NULL),('a8fff97b-9de4-11e7-8ad7-408d5ce8eb96','    16通信二班   1',NULL,NULL,'2017','admin','2017-09-20 17:18:27',NULL,NULL),('da647fd9-4b33-11e7-a96a-00ac9c2c0afa','体育一班1',NULL,NULL,'2016','admin','2017-06-07 11:46:13',NULL,NULL),('ee601ce7-4699-11e7-b8a5-00ac9c2c0afa','15计算机一班','','','2015','admin','2017-06-01 15:14:20',NULL,NULL),('f48ba719-5d5e-11e7-8574-00ac9c2c0afa','1234',NULL,NULL,'2016','admin','2017-06-30 14:40:06','admin','2017-06-30 14:40:59'),('f79cd5cc-4759-11e7-9460-00ac9c2c0afa','16通信一班','','','2016','12','2017-06-02 14:08:59',NULL,NULL),('fb773303-4699-11e7-b8a5-00ac9c2c0afa','15建筑学院一班','','','2015','admin','2017-06-01 15:14:42',NULL,NULL),('fcb16f01-a19f-11e7-bfee-408d5ce8eb96','2532356',NULL,NULL,'2017','admin','2017-09-25 11:16:56',NULL,NULL);

/*Table structure for table `classroom` */

DROP TABLE IF EXISTS `classroom`;

CREATE TABLE `classroom` (
  `classroomId` varchar(45) NOT NULL,
  `campus` varchar(45) DEFAULT NULL COMMENT '所在校区',
  `building` varchar(45) DEFAULT NULL COMMENT '所在楼房',
  `floor` int(11) DEFAULT NULL COMMENT '楼层',
  `classroomNum` varchar(45) DEFAULT NULL COMMENT '门牌号',
  `classroomName` varchar(45) DEFAULT NULL COMMENT '教室名称',
  `classroomType` varchar(45) DEFAULT NULL COMMENT '教室类型',
  `classroomCapacity` int(11) DEFAULT NULL COMMENT '教室容量:人',
  `classroomArea` float DEFAULT NULL COMMENT '使用面积',
  `classroomStatus` varchar(45) DEFAULT NULL COMMENT '使用状态:使用/停用',
  `classroomUnit` varchar(45) DEFAULT NULL COMMENT '使用单位',
  `createMan` varchar(45) DEFAULT NULL,
  `createDate` datetime DEFAULT NULL,
  `updateMan` varchar(45) DEFAULT NULL,
  `updateDate` datetime DEFAULT NULL,
  `minCapacityRate` float DEFAULT NULL COMMENT '教室最小容积率',
  PRIMARY KEY (`classroomId`),
  UNIQUE KEY `classroom_unique` (`campus`,`building`,`floor`,`classroomNum`)
) ENGINE=InnoDB DEFAULT CHARSET=utf8 COMMENT='教室';

/*Data for the table `classroom` */

insert  into `classroom`(`classroomId`,`campus`,`building`,`floor`,`classroomNum`,`classroomName`,`classroomType`,`classroomCapacity`,`classroomArea`,`classroomStatus`,`classroomUnit`,`createMan`,`createDate`,`updateMan`,`updateDate`,`minCapacityRate`) values ('19ca4d95-5d46-11e7-8574-00ac9c2c0afa','宁夏理工学院','大成',1,'1','1','多媒体',1,11,'使用','11','123','2017-06-30 11:42:11','123','2017-06-30 11:43:16',0.11),('28406482-a57a-11e7-a089-408d5ce8eb96','宁夏理工学院','大成',5,'506','7896','多媒体',78,78,'使用','78','1234','2017-09-30 08:56:13',NULL,NULL,0.5),('3c7a4d54-4a86-11e7-b97b-00ac9c2c0afa','宁夏理工学院','大成',3,'32','2112','多媒体',1000,50,'使用','华丽园','admin','2017-06-06 15:03:25','1670801-t','2017-07-05 17:40:40',0.12),('7267594d-a57a-11e7-a089-408d5ce8eb96','宁夏理工学院','大成',58,'897','46+54','多媒体',56,100,'使用','宁夏','1234','2017-09-30 08:58:18',NULL,NULL,0.6),('8b832d83-0a1f-11e7-94e4-00ac2794c53f','宁夏理工学院','大成',2,'2','2','多媒体',1000,1,'使用','1',NULL,'2017-03-16 16:07:05','1670801-t','2017-07-05 17:39:57',0.27),('9a042606-a5a2-11e7-a089-408d5ce8eb96','宁夏理工校区','大成',2,'2','898','多媒体',1000,1000,'使用','89','admin','2017-09-30 13:45:44',NULL,NULL,0.2),('9cb10c70-4b30-11e7-a96a-00ac9c2c0afa','宁夏理工学院','大成',12334,'32323232323','afdsfds56465156','多媒体',13245,50,'使用','ewai','admin','2017-06-07 11:23:01','1670801-t','2017-07-05 17:39:43',0.87),('adc7af1a-4c1e-11e7-8629-d8cb8ab8c894','宁夏理工学院','大成',1,'101','101','多媒体',50,20,'使用','1','sysadmin','2017-06-08 15:46:58',NULL,NULL,0.5),('c0d8a227-86e9-11e7-98c2-408d5ce8eb96','宁夏理工北校区','大成',2,'201','多媒体教室','多媒体',90,90,'使用','宁夏理工','testadmin','2017-08-22 11:26:57',NULL,NULL,0.56),('c8ea0c27-4c30-11e7-8629-d8cb8ab8c894','宁夏理工学院','大成',51,'11','501','多媒体',200,100,'使用','计算机系','sysadmin','2017-06-08 17:56:34','sysadmin','2017-06-22 10:23:34',0.8),('cb193bf8-4c1e-11e7-8629-d8cb8ab8c894','宁夏理工学院','大成',1,'112','112','实验',50,50,'使用','1','sysadmin','2017-06-08 15:47:47',NULL,NULL,0.3),('d57d6a26-6165-11e7-b339-00acb5915098','宁夏理工学院','大成',100,'418','大成418','多媒体',200,200,'使用','教务处','1670801-t','2017-07-05 17:39:25',NULL,NULL,0.26),('d7caaa84-9e95-11e7-b557-408d5ce8eb96','宁夏理工北校区','大成',2,'22222222','2222','多媒体',5,50,'使用','45','1234','2017-09-21 14:26:46','1234','2017-09-26 09:54:59',0.5),('d9b6c373-4c1e-11e7-8629-d8cb8ab8c894','宁夏理工学院','大成',2,'201','201','多媒体',100,80,'使用','1','sysadmin','2017-06-08 15:48:11',NULL,NULL,0.5),('e05a6fc0-4b31-11e7-a96a-00ac9c2c0afa','宁夏理工学院','大成',21,'32','好','多媒体',12,521,'停用','123','admin','2017-06-07 11:32:04','1234','2017-06-20 15:17:23',0.2),('e817cf1c-0aab-11e7-ab6a-00ac2794c53f','宁夏理工学院','大成',3,'3','3','多媒体',2000,1,'使用','1','admin','2017-03-17 08:51:50','admin','2017-09-30 13:43:53',0.86),('e873c7ff-4c1e-11e7-8629-d8cb8ab8c894','宁夏理工学院','大成',2,'216','216','上机',200,200,'使用','1','sysadmin','2017-06-08 15:48:36','1234','2017-09-21 14:25:11',0.5);

/*Table structure for table `classroomtype` */

DROP TABLE IF EXISTS `classroomtype`;

CREATE TABLE `classroomtype` (
  `crt_id` varchar(45) NOT NULL,
  `crt_type` varchar(45) DEFAULT NULL COMMENT '教室名称',
  `crt_usage` varchar(45) DEFAULT '0' COMMENT '教室使用率',
  PRIMARY KEY (`crt_id`)
) ENGINE=InnoDB DEFAULT CHARSET=utf8mb4;

/*Data for the table `classroomtype` */

insert  into `classroomtype`(`crt_id`,`crt_type`,`crt_usage`) values ('068b78d5-4123-11e7-90dc-00ac9c2c0afa','多媒体','2.5'),('1','语音室','90'),('2','画室','0.01'),('5280b568-4130-11e7-90dc-00ac9c2c0afa','讲授','10'),('54ce6715-4130-11e7-90dc-00ac9c2c0afa','上机','0'),('5730da35-4130-11e7-90dc-00ac9c2c0afa','体育','10'),('680215d1-4130-11e7-90dc-00ac9c2c0afa','实验','3'),('95178376-411d-11e7-90dc-00ac9c2c0afa','自习室','10');

/*Table structure for table `codeemail` */

DROP TABLE IF EXISTS `codeemail`;

CREATE TABLE `codeemail` (
  `codeId` varchar(45) NOT NULL,
  `email` varchar(45) DEFAULT NULL COMMENT '邮箱',
  `codeContent` varchar(45) DEFAULT NULL COMMENT '邮箱验证码',
  `codeCreatDate` datetime DEFAULT NULL COMMENT '邮箱验证码的发送时间',
  PRIMARY KEY (`codeId`)
) ENGINE=InnoDB DEFAULT CHARSET=utf8mb4;

/*Data for the table `codeemail` */

insert  into `codeemail`(`codeId`,`email`,`codeContent`,`codeCreatDate`) values ('07bf5c4d-8325-11e7-899e-408d5ce8eb96','435725120@qq.com','您的验证码是817609','2017-08-17 16:21:12'),('3a266fa6-20fb-11e7-a486-00ac9c2c0afa','2854478196@qq.com','您的验证码是870025','2017-04-14 18:15:04'),('3f352105-8326-11e7-899e-408d5ce8eb96','435725120@qq.com','您的验证码是140300','2017-08-17 16:29:55'),('50a9da75-9dce-11e7-8ad7-408d5ce8eb96','435725120@qq.com','您的验证码是055001','2017-09-20 14:38:30'),('53b16061-20f9-11e7-a486-00ac9c2c0afa','2854478196@qq.com','您的验证码是746506','2017-04-14 18:01:28'),('72820b19-8323-11e7-899e-408d5ce8eb96','435725120@qq.com','您的验证码是777390','2017-08-17 16:09:52'),('7fdc562c-8325-11e7-899e-408d5ce8eb96','435725120@qq.com','您的验证码是437573','2017-08-17 16:24:34'),('98a78995-23f4-11e7-bf03-00ac9c2c0afa','2854478196@qq.com','您的验证码是969778','2017-04-18 13:05:09'),('d0ecd423-8324-11e7-899e-408d5ce8eb96','435725120@qq.com','您的验证码是473391','2017-08-17 16:19:40'),('d1c0004e-233a-11e7-a910-00ac9c2c0afa','710140038@qq.com','您的验证码是416256','2017-04-17 14:55:23'),('e1b18e81-8325-11e7-899e-408d5ce8eb96','435725120@qq.com','您的验证码是995439','2017-08-17 16:27:18'),('efe779b8-20f8-11e7-a486-00ac9c2c0afa','2854478196@qq.com','您的验证码是318625','2017-04-14 17:58:40');

/*Table structure for table `codephone` */

DROP TABLE IF EXISTS `codephone`;

CREATE TABLE `codephone` (
  `codeId` varchar(45) NOT NULL,
  `phone` varchar(45) DEFAULT NULL COMMENT '手机号',
  `codeContent` varchar(45) DEFAULT NULL COMMENT '手机验证码',
  `codeCreatDate` datetime DEFAULT NULL COMMENT '手机验证码发送时间',
  PRIMARY KEY (`codeId`)
) ENGINE=InnoDB DEFAULT CHARSET=utf8mb4;

/*Data for the table `codephone` */

insert  into `codephone`(`codeId`,`phone`,`codeContent`,`codeCreatDate`) values ('00f57ac8-832e-11e7-899e-408d5ce8eb96','13846529818','您的验证码是523217','2017-08-17 17:25:26'),('053fd4f8-20f5-11e7-a486-00ac9c2c0afa','15698841009','您的验证码是243931','2017-04-14 17:30:38'),('16e6bdf8-4f42-11e7-a1c4-00ac9c2c0afa','13731650211','您的验证码是227227','2017-06-12 15:38:12'),('1d5b6453-8300-11e7-899e-408d5ce8eb96','13846529818',NULL,NULL),('26b20ce0-87a7-11e7-85a7-408d5ce8eb96','13019378037','您的验证码是175827','2017-08-23 10:02:43'),('2eaaede2-832c-11e7-899e-408d5ce8eb96','13846529818','您的验证码是236750','2017-08-17 17:12:24'),('34bdf766-20f6-11e7-a486-00ac9c2c0afa','15698841009','您的验证码是754097','2017-04-14 17:39:07'),('57d13cae-9dd0-11e7-8ad7-408d5ce8eb96','13846529818','您的验证码是976946','2017-09-20 14:53:01'),('6bf19789-832e-11e7-899e-408d5ce8eb96','13846529818','您的验证码是203062','2017-08-17 17:28:26'),('720ef812-4b55-11e7-a96a-00ac9c2c0afa','15698841009','您的验证码是553336','2017-06-07 15:46:41'),('763ec897-20f7-11e7-a486-00ac9c2c0afa','15698841009','您的验证码是283734','2017-04-14 17:48:07'),('843df94b-20f4-11e7-a486-00ac9c2c0afa','15698841009','您的验证码是135830','2017-04-14 17:27:02'),('ac8d1c12-832b-11e7-899e-408d5ce8eb96','15066898511','您的验证码是622982','2017-08-17 17:08:45'),('ad91a1ed-832e-11e7-899e-408d5ce8eb96','13866548745','您的验证码是387585','2017-08-17 17:30:16'),('c2ebd7dc-4b55-11e7-a96a-00ac9c2c0afa','15698841008','您的验证码是213852','2017-06-07 15:48:57'),('c78509d9-2338-11e7-a910-00ac9c2c0afa','15698840216','您的验证码是031004','2017-04-17 14:40:46'),('eca959d8-4f41-11e7-a1c4-00ac9c2c0afa','13731650211','您的验证码是06757','2017-06-12 15:37:02'),('f44f5633-20f5-11e7-a486-00ac9c2c0afa','15698841009','您的验证码是341791','2017-04-14 17:37:19');

/*Table structure for table `college` */

DROP TABLE IF EXISTS `college`;

CREATE TABLE `college` (
  `collegeId` varchar(45) NOT NULL,
  `collegeName` varchar(45) DEFAULT NULL COMMENT '学院名称',
  `collegeDescription` varchar(200) DEFAULT NULL COMMENT '学院简介',
  `collegeContent` text COMMENT '学院介绍',
  `collegeSort` int(11) DEFAULT NULL COMMENT '学院顺序',
  `parentId` varchar(45) DEFAULT NULL COMMENT '所属学院',
  `createMan` varchar(45) DEFAULT NULL,
  `createDate` datetime DEFAULT NULL,
  `updateMan` varchar(45) DEFAULT NULL,
  `updateDate` datetime DEFAULT NULL,
  PRIMARY KEY (`collegeId`)
) ENGINE=InnoDB DEFAULT CHARSET=utf8 COMMENT='学院专业表';

/*Data for the table `college` */

/*Table structure for table `course` */

DROP TABLE IF EXISTS `course`;

CREATE TABLE `course` (
  `courseId` varchar(45) NOT NULL,
  `courseCode` varchar(45) DEFAULT NULL COMMENT '课程代码',
  `chineseName` varchar(45) DEFAULT NULL COMMENT '中文名称',
  `englishName` varchar(45) DEFAULT NULL COMMENT '英文名称',
  `assumeUnit` varchar(45) DEFAULT NULL COMMENT '承担单位',
  `courseCategory_3` varchar(45) DEFAULT NULL COMMENT '课程类别三（课程课、实践课）',
  `courseCategory_4` varchar(45) DEFAULT NULL COMMENT '课程类别四（普通课、上机课、实验课、实训课、体育课、外语课）',
  `courseCategory_5` varchar(45) DEFAULT NULL COMMENT '课程类别五（自然科学类、计算机科学类、国际化类）',
  `totalCredit` varchar(45) DEFAULT NULL COMMENT '总学分',
  `theoreticalCredit` varchar(45) DEFAULT NULL COMMENT '理论学分',
  `practiceCredit` varchar(45) DEFAULT NULL COMMENT '实践学分',
  `teachingTime` varchar(45) DEFAULT NULL COMMENT '讲授学时',
  `experimentalTime` varchar(45) DEFAULT NULL COMMENT '实验学时',
  `machineTime` varchar(45) DEFAULT NULL COMMENT '上机学时',
  `otherTime` varchar(45) DEFAULT NULL COMMENT '其他学时',
  `totalTime` varchar(45) DEFAULT NULL COMMENT '总学时',
  `courseStatus` varchar(45) DEFAULT NULL COMMENT '课程状态（启用、停用）',
  `refuseReason` varchar(100) DEFAULT NULL COMMENT '未通过原因',
  `checkStatus` varchar(45) DEFAULT NULL COMMENT '审核状态（4个状态）',
  `checkType` varchar(45) DEFAULT NULL COMMENT '审核类别（新增、修改、删除）',
  `relationId` varchar(45) DEFAULT NULL COMMENT '关联Id',
  `scheduleTime` varchar(45) DEFAULT NULL COMMENT '排课节次时间',
  `nonscheduleTime` varchar(45) DEFAULT NULL COMMENT '不排课节次时间',
  `mainteacherid` varchar(45) DEFAULT NULL COMMENT '负责教师',
  `coursebookid` varchar(45) DEFAULT NULL COMMENT '教材(对应教材表)',
  `sparecoursebookid` varchar(45) DEFAULT NULL COMMENT '备用教材(对应教材表)',
  `issparecourse` varchar(45) DEFAULT NULL COMMENT '1是/0否使用备用教材',
  PRIMARY KEY (`courseId`)
) ENGINE=InnoDB DEFAULT CHARSET=utf8mb4;

/*Data for the table `course` */

insert  into `course`(`courseId`,`courseCode`,`chineseName`,`englishName`,`assumeUnit`,`courseCategory_3`,`courseCategory_4`,`courseCategory_5`,`totalCredit`,`theoreticalCredit`,`practiceCredit`,`teachingTime`,`experimentalTime`,`machineTime`,`otherTime`,`totalTime`,`courseStatus`,`refuseReason`,`checkStatus`,`checkType`,`relationId`,`scheduleTime`,`nonscheduleTime`,`mainteacherid`,`coursebookid`,`sparecoursebookid`,`issparecourse`) values ('02440c59-992e-11e7-bfa0-408d5ce8eb96','0124','马克思','MKS','计算机学院','课程课','普通课','国际化类','5',NULL,NULL,NULL,NULL,NULL,NULL,'20','启用','','已通过','新增',NULL,NULL,NULL,'1234','00f6169f-4b75-11e7-8629-d8cb8ab8c894','00f6169f-4b75-11e7-8629-d8cb8ab8c894','0'),('05225a7c-9f65-11e7-9cf4-408d5ce8eb96','241','笔记本','qwrqew','计算机学院','课程课','普通课','计算机科学类','2','','','','','','','20','启用','    啊实打实大','未通过','修改','',NULL,NULL,'1234','00f6169f-4b75-11e7-8629-d8cb8ab8c894',NULL,NULL),('05fc2ff3-98fc-11e7-bfa0-408d5ce8eb96','131234','原木','213','计算机学院','课程课','普通课','自然科学类','21',NULL,NULL,NULL,NULL,NULL,NULL,'23','启用','','已通过','新增',NULL,NULL,NULL,'1234','58c78d0f-84b0-11e7-8102-408d5ce8eb96','00f61aec-4b75-11e7-8629-d8cb8ab8c894','0'),('085c8107-98f4-11e7-bfa0-408d5ce8eb96','12413','如我清新','qwrw','计算机学院','课程课','普通课','自然科学类','3',NULL,NULL,NULL,NULL,NULL,NULL,'23','启用','','已删除','新增',NULL,NULL,NULL,'1234','00f61aec-4b75-11e7-8629-d8cb8ab8c894','086f823c-86e4-11e7-98c2-408d5ce8eb96','0'),('0c235c96-357a-4374-b3bc-2e933d221e14','WX00001','计算机导论','JSJDL','计算机学院','课程课','普通课','计算机科学类','2','','','','','','','32','启用','','已通过','修改','',NULL,NULL,'1234','00f61aec-4b75-11e7-8629-d8cb8ab8c894',NULL,NULL),('123123','10086','心理学','psychology','建筑学院','课程课','普通课','计算机科学类','23','','','','','','','20','启用','','已通过','修改','',NULL,NULL,'1234','',NULL,'1'),('13c27d8c-ba13-11e7-8c74-00acc501c3ab','890','选配','qwrqew','计算机学院','课程课','普通课','计算机科学类','12',NULL,NULL,NULL,NULL,NULL,NULL,'123','启用','','已通过','新增',NULL,NULL,NULL,'1234','00f61aec-4b75-11e7-8629-d8cb8ab8c894','10defbeb-a357-11e7-ae44-408d5ce8eb96','0'),('14f0142a-a009-11e7-ab7f-408d5ce8eb96','5561','大大大','qwr','计算机学院','课程课','上机课','计算机科学类','1',NULL,NULL,NULL,NULL,NULL,NULL,'12','启用','','已通过','新增',NULL,'3','2','1234','086f823c-86e4-11e7-98c2-408d5ce8eb96','0a42ce52-6512-11e7-af32-00acb5915098','0'),('1c012ef5-cedd-4a4d-83f5-3961f1c39093','1101114','消费心理学','cost','文法学院','课程课','普通课','自然科学类','5',NULL,NULL,NULL,NULL,NULL,NULL,'10','启用','','已通过','新增',NULL,NULL,NULL,'1234','e94da5cd-4b6d-11e7-8629-d8cb8ab8c894','2af6bf2d-4aa8-11e7-8629-d8cb8ab8c894','0'),('1ffd41aa-9916-11e7-bfa0-408d5ce8eb96','0001','输入法','qwr','计算机学院','课程课','普通课','自然科学类','5',NULL,NULL,NULL,NULL,NULL,NULL,'20','启用','','已删除','新增',NULL,NULL,NULL,'1234','426615da-4aa8-11e7-8629-d8cb8ab8c894','0a42ce52-6512-11e7-af32-00acb5915098','0'),('26449b34-a1d5-11e7-ace9-408d5ce8eb96','543654','43654','45354','计算机学院','课程课','普通课','自然科学类','5',NULL,NULL,NULL,NULL,NULL,NULL,'5','启用','\n123456 ','未通过','新增',NULL,NULL,NULL,'1234','00f6169f-4b75-11e7-8629-d8cb8ab8c894','00f6169f-4b75-11e7-8629-d8cb8ab8c894','0'),('27171da0-a3e9-11e7-b16f-408d5ce8eb96','1231','开发经理','qwr','计算机学院','课程课','普通课','自然科学类','1',NULL,NULL,NULL,NULL,NULL,NULL,'1','启用','','已通过','新增',NULL,NULL,NULL,'1234','00f61aec-4b75-11e7-8629-d8cb8ab8c894','1436ff38-4a5c-11e7-b97b-00ac9c2c0afa','0'),('3050ed89-b92c-11e7-8c74-00acc501c3ab','123456789','大学语文思想品德教育','qwretyyuuioy','计算机学院','实践课','上机课','计算机科学类','0',NULL,NULL,NULL,NULL,NULL,NULL,'0','启用','','已通过','新增',NULL,NULL,NULL,'1234','00f6169f-4b75-11e7-8629-d8cb8ab8c894','00f61aec-4b75-11e7-8629-d8cb8ab8c894','0'),('3211f759-a25c-11e7-9ac9-408d5ce8eb96','0zsh','测试计划','ceshi','计算机学院','课程课','普通课','计算机科学类','6','','','','','','','50','启用','\n56252 ','未通过','修改','7ab0b0c2-98f2-11e7-bfa0-408d5ce8eb96',NULL,NULL,'1234','00f6169f-4b75-11e7-8629-d8cb8ab8c894',NULL,NULL),('33faab71-b743-473b-8850-a87a7e4fb94a','100861','地方','都是','计算机学院','课程课','普通课','自然科学类','1',NULL,NULL,NULL,NULL,NULL,NULL,'1','启用','','已删除','新增',NULL,NULL,NULL,'1234','00f6169f-4b75-11e7-8629-d8cb8ab8c894','00f61aec-4b75-11e7-8629-d8cb8ab8c894','0'),('34546c21-c26f-4aaf-a25d-86a6c6317977','1545454','测试李','ceshi','信息管理与工程系','课程课','普通课','计算机科学类','1',NULL,NULL,NULL,NULL,NULL,NULL,'1','启用',NULL,'待写教材','新增',NULL,NULL,NULL,'d485bbca-031e-4350-8a6c-8fab107cc5f6',NULL,NULL,NULL),('36bf9794-b884-11e7-8c74-00acc501c3ab','212','号ewt','yth','计算机学院','课程课','上机课','自然科学类','4',NULL,NULL,NULL,NULL,NULL,NULL,'1','启用',NULL,'待写教材','新增',NULL,NULL,NULL,'1234',NULL,NULL,NULL),('41e29499-b9eb-11e7-8c74-00acc501c3ab','1421','白水','erw','计算机学院','课程课','上机课','自然科学类','1',NULL,NULL,NULL,NULL,NULL,NULL,'5','启用','','已通过','新增',NULL,'2','1','1234','00f6169f-4b75-11e7-8629-d8cb8ab8c894','00f61aec-4b75-11e7-8629-d8cb8ab8c894','0'),('4cd49ba0-9e6a-11e7-bfbd-408d5ce8eb96','134','电脑维修','etgewr','计算机学院','课程课','上机课','计算机科学类','5',NULL,NULL,NULL,NULL,NULL,NULL,'20','启用','','已删除','新增',NULL,NULL,NULL,'1234','31e13518-8639-11e7-89db-408d5ce8eb96','00f6169f-4b75-11e7-8629-d8cb8ab8c894','0'),('4df105c9-5f4b-4dd6-b886-8eb63de437a9','111','在111','','建筑学院','课程课','普通课','计算机科学类','2','2','2','2','2','2','2','64','启用','','已通过','删除','','2','3','f5450b1f-3bd1-4e43-aff1-80f93f5e905b','85687e20-2674-11e7-8e99-00ac9c2c0afa',NULL,'0'),('504a98d4-a25c-11e7-9ac9-408d5ce8eb96','0zsh','测试计划','ceshi','计算机学院','课程课','普通课','计算机科学类','6','','','','','','','50','启用','不过 ','未通过','修改','7ab0b0c2-98f2-11e7-bfa0-408d5ce8eb96',NULL,NULL,'1234','00f6169f-4b75-11e7-8629-d8cb8ab8c894',NULL,NULL),('54654654654','2111','中国话','13','建筑学院','课程课','普通课','自然科学类','2','','','','','','','1','启用','','已通过','修改','','2','3','1234','1436ff38-4a5c-11e7-b97b-00ac9c2c0afa','143703c8-4a5c-11e7-b97b-00ac9c2c0afa','0'),('55463eee-9788-11e7-8989-408d5ce8eb96','123','好好学习','wqreq','计算机学院','课程课','普通课','自然科学类','4',NULL,NULL,NULL,NULL,NULL,NULL,'23','启用','','已通过','新增',NULL,NULL,NULL,'1234','00f61aec-4b75-11e7-8629-d8cb8ab8c894','00f61aec-4b75-11e7-8629-d8cb8ab8c894','0'),('57ad8d3b-a1cb-11e7-ace9-408d5ce8eb96','0zsh','测试计划','ceshi','计算机学院','课程课','普通课','计算机科学类','4','','','','','','','50','启用','56 ','未通过','修改','7ab0b0c2-98f2-11e7-bfa0-408d5ce8eb96',NULL,NULL,'1234','00f6169f-4b75-11e7-8629-d8cb8ab8c894',NULL,NULL),('581d8139-a257-11e7-9ac9-408d5ce8eb96','67o','8o','','计算机学院','课程课','普通课','自然科学类','5',NULL,NULL,NULL,NULL,NULL,NULL,'3','启用',NULL,'待写教材','新增',NULL,NULL,NULL,'1234',NULL,NULL,NULL),('5bad19a5-ae59-11e7-a596-408d5ce8eb96','12331','大师傅','sdf','计算机学院','课程课','上机课','计算机科学类','2',NULL,NULL,NULL,NULL,NULL,NULL,'10','启用',NULL,'待写教材','新增',NULL,NULL,NULL,'1234',NULL,NULL,NULL),('5c28949b-68d8-4881-b89d-466e5fe7083d','4878','测试+++','dfa','计算机学院','课程课','普通课','自然科学类','1',NULL,NULL,NULL,NULL,NULL,NULL,'1','启用','','已删除','新增',NULL,'2','3','1234','00f6169f-4b75-11e7-8629-d8cb8ab8c894','00f61aec-4b75-11e7-8629-d8cb8ab8c894','0'),('60eeded2-a25c-11e7-9ac9-408d5ce8eb96','0zsh','测试计划','ceshi','计算机学院','课程课','普通课','计算机科学类','6','','','','','','','50','启用','\n不过 ','未通过','修改','7ab0b0c2-98f2-11e7-bfa0-408d5ce8eb96',NULL,NULL,'1234','00f6169f-4b75-11e7-8629-d8cb8ab8c894',NULL,NULL),('64cabfac-647c-48d2-b4ca-1e79dd15353a','WX0002','接口技术','jkjs','计算机学院','课程课','普通课','计算机科学类','1',NULL,NULL,NULL,NULL,NULL,NULL,'16','启用','','已通过','新增',NULL,NULL,NULL,'1234','2af6bf2d-4aa8-11e7-8629-d8cb8ab8c894','426615da-4aa8-11e7-8629-d8cb8ab8c894','0'),('6a23b5e6-5db8-441b-8569-f7e39272a4f0','000003','SpringMVC','SpringMVC','计算机学院','课程课','普通课','计算机科学类','2',NULL,NULL,NULL,NULL,NULL,NULL,'32','启用','','已删除','新增',NULL,'1|2|4','3|5','1234','00f6169f-4b75-11e7-8629-d8cb8ab8c894','2af6bf2d-4aa8-11e7-8629-d8cb8ab8c894','0'),('6db09320-9d1b-11e7-a67a-408d5ce8eb96','12321','邮箱礼仪','qwrf','计算机学院','课程课','上机课','自然科学类','2',NULL,NULL,NULL,NULL,NULL,NULL,'20','启用','','已删除','新增',NULL,NULL,NULL,'1234','00f6169f-4b75-11e7-8629-d8cb8ab8c894','0a42ce52-6512-11e7-af32-00acb5915098','0'),('7076f4c9-eb4a-4136-952d-f1e1116ddfdb','测试','测试','ceshi','信息管理与工程系','实践课','实验课','自然科学类','1',NULL,NULL,NULL,NULL,NULL,NULL,'1','启用',NULL,'待写教材','新增',NULL,NULL,NULL,'d485bbca-031e-4350-8a6c-8fab107cc5f6',NULL,NULL,NULL),('73915ccd-ba11-11e7-8c74-00acc501c3ab','123124','测试经理','qwr','计算机学院','课程课','普通课','计算机科学类','1','','','','','','','2','启用',NULL,'待写教材','修改','e86e4a54-a3e8-11e7-b16f-408d5ce8eb96',NULL,NULL,'1234',NULL,NULL,NULL),('754a4fdc-acc5-11e7-9cd4-408d5ce8eb96','ww','呵呵','sdf','计算机学院','课程课','普通课','自然科学类','3',NULL,NULL,NULL,NULL,NULL,NULL,'10','启用',NULL,'待写教材','新增',NULL,NULL,NULL,'1234',NULL,NULL,NULL),('769a99aa-98f0-11e7-bfa0-408d5ce8eb96','1101000','软件','','计算机学院','课程课','普通课','自然科学类','2',NULL,NULL,NULL,NULL,NULL,NULL,'5','启用','','已通过','新增',NULL,NULL,NULL,'1234','00f6169f-4b75-11e7-8629-d8cb8ab8c894','00f6169f-4b75-11e7-8629-d8cb8ab8c894','0'),('7a4d3606-a25c-11e7-9ac9-408d5ce8eb96','0zsh','测试计划','ceshi','计算机学院','课程课','普通课','计算机科学类','6','','','','','','','50','启用','\n\n48 ','未通过','修改','7ab0b0c2-98f2-11e7-bfa0-408d5ce8eb96',NULL,NULL,'1234','00f6169f-4b75-11e7-8629-d8cb8ab8c894',NULL,NULL),('7ab0b0c2-98f2-11e7-bfa0-408d5ce8eb96','0zsh','测试计划','ceshi','计算机学院','课程课','普通课','计算机科学类','5',NULL,NULL,NULL,NULL,NULL,NULL,'50','启用','','已删除','新增',NULL,'2|3','4|5','1234','00f6169f-4b75-11e7-8629-d8cb8ab8c894','00f61aec-4b75-11e7-8629-d8cb8ab8c894','0'),('7f0996ea-a1d5-11e7-ace9-408d5ce8eb96','213','好好好','qwer','计算机学院','课程课','普通课','自然科学类','5',NULL,NULL,NULL,NULL,NULL,NULL,'5','启用',NULL,'待写教材','新增',NULL,NULL,NULL,'1234',NULL,NULL,NULL),('81c70f07-b92e-11e7-8c74-00acc501c3ab','1670860','大学日语s','daxueriyu','计算机学院','课程课','上机课','计算机科学类','5','','','','','','','10','启用','的空间啊不符合金耳环FUPEW EHFW \nKJEHWFP \n肯定就不会for哈我i就好FAOI','未通过','修改','dd36bb2e-ae60-11e7-a596-408d5ce8eb96',NULL,NULL,'1234','086f823c-86e4-11e7-98c2-408d5ce8eb96','00f6169f-4b75-11e7-8629-d8cb8ab8c894','0'),('828e12ed-b952-11e7-8c74-00acc501c3ab','666','电脑','wqe','计算机学院','课程课','上机课','自然科学类','1',NULL,NULL,NULL,NULL,NULL,NULL,'4','启用','','已通过','新增',NULL,NULL,NULL,'1234','00f61aec-4b75-11e7-8629-d8cb8ab8c894','2af6bf2d-4aa8-11e7-8629-d8cb8ab8c894','0'),('85895a4a-9913-11e7-bfa0-408d5ce8eb96','0000','水动乐','qpo[','计算机学院','课程课','普通课','自然科学类','5',NULL,NULL,NULL,NULL,NULL,NULL,'20','启用','','已删除','新增',NULL,NULL,NULL,'1234','31e13518-8639-11e7-89db-408d5ce8eb96','00f61aec-4b75-11e7-8629-d8cb8ab8c894','0'),('8a423c16-19a7-4005-9a7b-8c7e9a822a80','WX00004','信息安全','XXAQ','计算机学院','课程课','普通课','计算机科学类','4',NULL,NULL,NULL,NULL,NULL,NULL,'64','启用','','已删除','新增',NULL,NULL,NULL,'1234','00f6169f-4b75-11e7-8629-d8cb8ab8c894','00f61aec-4b75-11e7-8629-d8cb8ab8c894','1'),('8faa6c80-9d9f-11e7-8ad7-408d5ce8eb96','0123','红木','hm','计算机学院','课程课','普通课','计算机科学类','5',NULL,NULL,NULL,NULL,NULL,NULL,'10','启用','','已通过','新增',NULL,NULL,NULL,'1234','00f6169f-4b75-11e7-8629-d8cb8ab8c894','00f6169f-4b75-11e7-8629-d8cb8ab8c894','0'),('95988de1-99c8-11e7-bd45-408d5ce8eb96','241','绿箭','qewr','计算机学院','课程课','普通课','自然科学类','10',NULL,NULL,NULL,NULL,NULL,NULL,'24','启用','','已通过','新增',NULL,NULL,NULL,'1234','2af6bf2d-4aa8-11e7-8629-d8cb8ab8c894','00f6169f-4b75-11e7-8629-d8cb8ab8c894','0'),('9683a2e7-411a-40d4-9207-6308a6140324','100867','应用化学','chemistry','体育部','课程课','上机课','计算机科学类','2',NULL,NULL,NULL,NULL,NULL,NULL,'20','启用','','已通过','新增',NULL,NULL,NULL,'81fdf5c6-c728-45a8-a725-053493f55ea8','1436ff38-4a5c-11e7-b97b-00ac9c2c0afa','143703c8-4a5c-11e7-b97b-00ac9c2c0afa','0'),('9cb35f76-60cd-4c81-8420-47cb8718a49f','1101113','英语','英语','文法学院','课程课','普通课','自然科学类','3',NULL,NULL,NULL,NULL,NULL,NULL,'12','启用','','已通过','新增',NULL,NULL,NULL,'1234','426615da-4aa8-11e7-8629-d8cb8ab8c894','e94da5cd-4b6d-11e7-8629-d8cb8ab8c894','0'),('9efbc00a-98fa-11e7-bfa0-408d5ce8eb96','97895','脉动','eqrf','计算机学院','课程课','普通课','自然科学类','4',NULL,NULL,NULL,NULL,NULL,NULL,'20','启用','','已通过','新增',NULL,'2','4','1234','00f61aec-4b75-11e7-8629-d8cb8ab8c894','2af6bf2d-4aa8-11e7-8629-d8cb8ab8c894','0'),('a1663703-5df9-11e7-bdf5-00ac9c2c0afa','2111','中国话','13','建筑学院','课程课','普通课','自然科学类','2','','','','','','','1','启用','哈哈哈哈','未通过','修改','54654654654',NULL,NULL,'1234','1436ff38-4a5c-11e7-b97b-00ac9c2c0afa',NULL,NULL),('a1f64b24-a256-11e7-9ac9-408d5ce8eb96','o','ewtewr','中国','计算机学院','课程课','普通课','自然科学类','1',NULL,NULL,NULL,NULL,NULL,NULL,'500','启用',NULL,'待写教材','新增',NULL,NULL,NULL,'1234',NULL,NULL,NULL),('a67fe980-a1c8-11e7-ace9-408d5ce8eb96','0zsh','测试计划','ceshi','计算机学院','课程课','普通课','计算机科学类','3','','','','','','','50','启用',' ','未通过','修改','7ab0b0c2-98f2-11e7-bfa0-408d5ce8eb96',NULL,NULL,'1234','00f6169f-4b75-11e7-8629-d8cb8ab8c894',NULL,NULL),('a6f0e253-b880-11e7-8c74-00acc501c3ab','222222','龙湖地产','qwr','计算机学院','课程课','普通课','自然科学类','1',NULL,NULL,NULL,NULL,NULL,NULL,'4','启用','','已通过','新增',NULL,'1','3','1234','00f61aec-4b75-11e7-8629-d8cb8ab8c894','10defbeb-a357-11e7-ae44-408d5ce8eb96','0'),('a80d203a-b92c-11e7-8c74-00acc501c3ab','99887986589765656','大学语文思想品德修养教育','qewrrtyufdghjdfs','计算机学院','实践课','普通课','计算机科学类','2',NULL,NULL,NULL,NULL,NULL,NULL,'2','启用','','已通过','新增',NULL,NULL,NULL,'1234','00f6169f-4b75-11e7-8629-d8cb8ab8c894','0a42ce52-6512-11e7-af32-00acb5915098','0'),('a83ebb73-a3e9-11e7-b16f-408d5ce8eb96','23141','研发经理','qwre','计算机学院','课程课','上机课','自然科学类','2',NULL,NULL,NULL,NULL,NULL,NULL,'1','启用','','已通过','新增',NULL,NULL,NULL,'1234','2af6bf2d-4aa8-11e7-8629-d8cb8ab8c894','10defbeb-a357-11e7-ae44-408d5ce8eb96','0'),('ab11d52c-9ffa-11e7-ab7f-408d5ce8eb96','2314','加多宝','143','计算机学院','课程课','普通课','计算机科学类','2',NULL,NULL,NULL,NULL,NULL,NULL,'2','启用','','已通过','新增',NULL,NULL,NULL,'1234','00f6169f-4b75-11e7-8629-d8cb8ab8c894','00f6169f-4b75-11e7-8629-d8cb8ab8c894','0'),('b1834ef3-aff7-11e7-ba56-408d5ce8eb96','869553','宏宝莱','qawt','计算机学院','课程课','上机课','计算机科学类','1',NULL,NULL,NULL,NULL,NULL,NULL,'5','启用','','已通过','新增',NULL,NULL,NULL,'1234','0886ab11-84c3-11e7-8102-408d5ce8eb96','00f6169f-4b75-11e7-8629-d8cb8ab8c894','0'),('b18b5b33-b927-11e7-8c74-00acc501c3ab',' 5561','酒酒酒','aer','计算机学院','课程课','普通课','自然科学类','5',NULL,NULL,NULL,NULL,NULL,NULL,'1','启用',NULL,'待写教材','新增',NULL,NULL,NULL,'1234',NULL,NULL,NULL),('b705ff75-a1c8-11e7-ace9-408d5ce8eb96','0zsh','测试计划','ceshi','计算机学院','课程课','普通课','计算机科学类','3','','','','','','','50','启用',' ','未通过','修改','7ab0b0c2-98f2-11e7-bfa0-408d5ce8eb96',NULL,NULL,'1234','00f6169f-4b75-11e7-8629-d8cb8ab8c894',NULL,NULL),('ba0bd5e2-9ffa-11e7-ab7f-408d5ce8eb96','3659','王老吉','eqr','计算机学院','课程课','上机课','自然科学类','2',NULL,NULL,NULL,NULL,NULL,NULL,'2','启用','','已通过','新增',NULL,NULL,NULL,'1234','00f6169f-4b75-11e7-8629-d8cb8ab8c894','00f6169f-4b75-11e7-8629-d8cb8ab8c894','0'),('badd2562-9f60-11e7-9cf4-408d5ce8eb96','010201','达利园制作','DLY','计算机学院','实践课','实验课','计算机科学类','5',NULL,NULL,NULL,NULL,NULL,NULL,'20','启用','','已删除','新增',NULL,'2|3|4','1|5','1234','00f6169f-4b75-11e7-8629-d8cb8ab8c894','00f6169f-4b75-11e7-8629-d8cb8ab8c894','0'),('bf4aa735-9823-11e7-a287-408d5ce8eb96','001','战狼','yes','计算机学院','课程课','普通课','自然科学类','5',NULL,NULL,NULL,NULL,NULL,NULL,'10','启用','','已通过','新增',NULL,NULL,NULL,'1234','0886ab11-84c3-11e7-8102-408d5ce8eb96','00f61aec-4b75-11e7-8629-d8cb8ab8c894','1'),('c927fc35-5df9-11e7-bdf5-00ac9c2c0afa','111','在111','','建筑学院','课程课','普通课','计算机科学类','2','2','2','2','2','2','2','64','启用',' ','未通过','修改','4df105c9-5f4b-4dd6-b886-8eb63de437a9',NULL,NULL,'f5450b1f-3bd1-4e43-aff1-80f93f5e905b','85687e20-2674-11e7-8e99-00ac9c2c0afa',NULL,NULL),('cc1ed133-9c0a-11e7-95ae-408d5ce8eb96','21341','电子','qwrf','计算机学院','课程课','普通课','计算机科学类','5','','','','','','','20','停用','','已删除','修改','',NULL,NULL,'1234','2af6bf2d-4aa8-11e7-8629-d8cb8ab8c894',NULL,NULL),('d280c0b7-a3e9-11e7-b16f-408d5ce8eb96','123421','营销经理','qwre','计算机学院','课程课','上机课','计算机科学类','2',NULL,NULL,NULL,NULL,NULL,NULL,'2','启用','','已通过','新增',NULL,NULL,NULL,'1234','2b874dfb-9e78-11e7-bfbd-408d5ce8eb96','31e13518-8639-11e7-89db-408d5ce8eb96','0'),('d56e8076-9ffa-11e7-ab7f-408d5ce8eb96','566','雪碧','et','计算机学院','课程课','普通课','自然科学类','1',NULL,NULL,NULL,NULL,NULL,NULL,'2','启用','','已通过','新增',NULL,NULL,NULL,'1234','00f6169f-4b75-11e7-8629-d8cb8ab8c894','2af6bf2d-4aa8-11e7-8629-d8cb8ab8c894','0'),('dbddf1b0-9512-11e7-be34-408d5ce8eb96','dadoudou111','打红豆豆','DaDouDou','计算机学院','实践课','普通课','自然科学类','100',NULL,NULL,NULL,NULL,NULL,NULL,'1','启用','','已删除','新增',NULL,NULL,NULL,'1234','00f61aec-4b75-11e7-8629-d8cb8ab8c894','00f61aec-4b75-11e7-8629-d8cb8ab8c894','0'),('dbf2044b-aff6-11e7-ba56-408d5ce8eb96','121425','好利来来来','qwre','计算机学院','课程课','上机课','自然科学类','1','','','','','','','20','启用','','已通过','修改','',NULL,NULL,'1234','00f61aec-4b75-11e7-8629-d8cb8ab8c894',NULL,NULL),('dd36bb2e-ae60-11e7-a596-408d5ce8eb96','1670860','大学日语s','daxueriyu','计算机学院','课程课','上机课','计算机科学类','5',NULL,NULL,NULL,NULL,NULL,NULL,'10','启用','','已通过','新增',NULL,NULL,NULL,'1234','00f6169f-4b75-11e7-8629-d8cb8ab8c894','00f61aec-4b75-11e7-8629-d8cb8ab8c894','0'),('e352b49b-9ffa-11e7-ab7f-408d5ce8eb96','56397','可乐','rqw','计算机学院','课程课','普通课','自然科学类','1',NULL,NULL,NULL,NULL,NULL,NULL,'2','启用','','已通过','新增',NULL,NULL,NULL,'1234','0a42ce52-6512-11e7-af32-00acb5915098','2af6bf2d-4aa8-11e7-8629-d8cb8ab8c894','1'),('e64bd713-7529-4387-bc72-ef587edeb8f2','WX0003','数字电子','SZDZ','计算机学院','课程课','普通课','计算机科学类','4',NULL,NULL,NULL,NULL,NULL,NULL,'64','启用','','已删除','新增',NULL,NULL,NULL,'1234','426615da-4aa8-11e7-8629-d8cb8ab8c894','af78cc79-4aa9-11e7-8629-d8cb8ab8c894','0'),('e86e4a54-a3e8-11e7-b16f-408d5ce8eb96','123124','测试经理','qwr','计算机学院','课程课','普通课','计算机科学类','1',NULL,NULL,NULL,NULL,NULL,NULL,'2','启用','','已通过','新增',NULL,'1','2','1234','00f61aec-4b75-11e7-8629-d8cb8ab8c894','086f823c-86e4-11e7-98c2-408d5ce8eb96','0'),('ee2f510f-99d8-11e7-bd45-408d5ce8eb96','215','商务外语','qwtg','计算机学院','课程课','普通课','计算机科学类','5',NULL,NULL,NULL,NULL,NULL,NULL,'20','启用','','已通过','新增',NULL,NULL,NULL,'1234','2af6bf2d-4aa8-11e7-8629-d8cb8ab8c894','00f6169f-4b75-11e7-8629-d8cb8ab8c894','0'),('ee76ae94-b94d-11e7-8c74-00acc501c3ab','555','手机','wqer','计算机学院','课程课','上机课','计算机科学类','1',NULL,NULL,NULL,NULL,NULL,NULL,'4','启用','','已通过','新增',NULL,NULL,NULL,'1234','00f61aec-4b75-11e7-8629-d8cb8ab8c894','10defbeb-a357-11e7-ae44-408d5ce8eb96','0'),('ef882aef-9ffa-11e7-ab7f-408d5ce8eb96','245','哇哈哈','23','计算机学院','课程课','普通课','自然科学类','1',NULL,NULL,NULL,NULL,NULL,NULL,'2','启用','','已通过','新增',NULL,NULL,NULL,'1234','0886ab11-84c3-11e7-8102-408d5ce8eb96','00f61aec-4b75-11e7-8629-d8cb8ab8c894','0'),('f188bfb3-3d2d-4eeb-a144-29f2990b04ca','22222','外语3','','自动化学院','实践课','上机课','自然科学类','30','2','2','2','2','2','2','64','启用','','已通过','修改','',NULL,NULL,'c31347a8-96f3-43df-9c69-2372b7978dce','85687e20-2674-11e7-8e99-00ac9c2c0afa',NULL,'0'),('f64e6c9a-affc-11e7-ba56-408d5ce8eb96','634','账号','wqr','计算机学院','课程课','普通课','自然科学类','1',NULL,NULL,NULL,NULL,NULL,NULL,'2','启用','','已通过','新增',NULL,NULL,NULL,'1234','00f6169f-4b75-11e7-8629-d8cb8ab8c894','0886ab11-84c3-11e7-8102-408d5ce8eb96','0'),('f6a34c6a-b928-11e7-8c74-00acc501c3ab','1670870197','大学日语a','daxueriyu','计算机学院','课程课','上机课','计算机科学类','5',NULL,NULL,NULL,NULL,NULL,NULL,'10','启用',NULL,'待写教材','新增',NULL,NULL,NULL,'1234',NULL,NULL,NULL),('f81b53d7-1a80-4fe5-94d0-20805c902c19','1101111','数据结构','shuju','计算机学院','课程课','普通课','自然科学类','2',NULL,NULL,NULL,NULL,NULL,NULL,'18','启用','','已删除','新增',NULL,NULL,NULL,'1234','f563154a-4aa7-11e7-8629-d8cb8ab8c894','2af6bf2d-4aa8-11e7-8629-d8cb8ab8c894','0'),('fa4da86d-a42a-11e7-b16f-408d5ce8eb96','21421·','大学日语','q','计算机学院','课程课','普通课','自然科学类','1',NULL,NULL,NULL,NULL,NULL,NULL,'5','启用','','已通过','新增',NULL,'1|2','3','1234','00f61aec-4b75-11e7-8629-d8cb8ab8c894','10defbeb-a357-11e7-ae44-408d5ce8eb96','0');

/*Table structure for table `educateplane` */

DROP TABLE IF EXISTS `educateplane`;

CREATE TABLE `educateplane` (
  `ep_id` varchar(45) NOT NULL,
  `ep_grade` varchar(45) DEFAULT NULL COMMENT '年级',
  `ep_college` varchar(45) DEFAULT NULL COMMENT '学院',
  `ep_major` varchar(45) DEFAULT NULL COMMENT '专业',
  `ep_term` varchar(45) DEFAULT NULL COMMENT '学期',
  `ep_courseid` varchar(45) DEFAULT NULL COMMENT '课程id',
  `courseCategory_1` varchar(45) DEFAULT NULL COMMENT '课程类别一',
  `ep_terrace` varchar(45) DEFAULT NULL COMMENT '培养平台',
  `ep_checkway` varchar(45) DEFAULT NULL COMMENT '考核方式',
  `ep_courseterm` varchar(45) DEFAULT NULL COMMENT '(删)开课学期',
  `ep_week` varchar(45) DEFAULT NULL COMMENT '周时',
  `ep_note` varchar(45) DEFAULT NULL COMMENT '备注',
  `ep_checkStatus` varchar(45) DEFAULT NULL COMMENT '审核状态',
  `ep_checkType` varchar(45) DEFAULT NULL COMMENT '审核类型',
  `ep_refuseReason` varchar(45) DEFAULT NULL COMMENT '拒绝理由',
  `ep_relationId` varchar(45) DEFAULT NULL COMMENT '关联ID',
  `ep_isDelete` varchar(45) DEFAULT NULL COMMENT '是否删除',
  `ep_setman` varchar(45) DEFAULT NULL COMMENT '设置人',
  `ep_settime` datetime DEFAULT NULL COMMENT '设置时间',
  `ep_isset` varchar(10) DEFAULT NULL COMMENT '给开课课程为 1',
  PRIMARY KEY (`ep_id`)
) ENGINE=InnoDB DEFAULT CHARSET=utf8mb4;

/*Data for the table `educateplane` */

insert  into `educateplane`(`ep_id`,`ep_grade`,`ep_college`,`ep_major`,`ep_term`,`ep_courseid`,`courseCategory_1`,`ep_terrace`,`ep_checkway`,`ep_courseterm`,`ep_week`,`ep_note`,`ep_checkStatus`,`ep_checkType`,`ep_refuseReason`,`ep_relationId`,`ep_isDelete`,`ep_setman`,`ep_settime`,`ep_isset`) values ('0324d9ab-b950-11e7-8c74-00acc501c3ab','2015','计算机学院','计算机科学技术','第一学期','8faa6c80-9d9f-11e7-8ad7-408d5ce8eb96','通识必修','宁夏理工','笔试',NULL,'1',NULL,'待审核','新增',NULL,NULL,NULL,'1234','2017-10-25 14:44:51',NULL),('06921a5d-b881-11e7-8c74-00acc501c3ab','2017','计算机学院','计算机科学技术','第一学期','a6f0e253-b880-11e7-8c74-00acc501c3ab','通识必修','宁夏理工','笔试',NULL,'3',NULL,'已通过','新增',NULL,NULL,NULL,'1234','2017-10-24 14:03:11','1'),('0dbba318-aff7-11e7-ba56-408d5ce8eb96','2017','计算机学院','计算机科学技术','第一学期','dbf2044b-aff6-11e7-ba56-408d5ce8eb96','通识必修','宁夏理工','笔试',NULL,'10',NULL,'已通过','新增',NULL,NULL,NULL,'1234','2017-10-13 17:15:28','1'),('14fe2a4c-b937-11e7-8c74-00acc501c3ab','2015','计算机学院','计算机科学技术','第一学期','a6f0e253-b880-11e7-8c74-00acc501c3ab','通识必修','宁夏理工','笔试',NULL,'3',NULL,'已通过','新增',NULL,NULL,NULL,'admin','2017-10-25 11:46:24','1'),('150759a5-b937-11e7-8c74-00acc501c3ab','2015','计算机学院','计算机科学技术','第一学期','dbf2044b-aff6-11e7-ba56-408d5ce8eb96','通识必修','宁夏理工','笔试',NULL,'10',NULL,'已通过','新增',NULL,NULL,NULL,'admin','2017-10-25 11:46:24','1'),('150db372-b937-11e7-8c74-00acc501c3ab','2015','计算机学院','计算机科学技术','第一学期','f64e6c9a-affc-11e7-ba56-408d5ce8eb96','通识必修','宁夏理工','笔试',NULL,'12',NULL,'已通过','新增',NULL,NULL,NULL,'admin','2017-10-25 11:46:24',NULL),('15135aa4-b937-11e7-8c74-00acc501c3ab','2015','计算机学院','计算机科学技术','第一学期','fa4da86d-a42a-11e7-b16f-408d5ce8eb96','通识必修','宁夏理工','笔试',NULL,'1',NULL,'已通过','新增',NULL,NULL,NULL,'admin','2017-10-25 11:46:24',NULL),('1517c585-b937-11e7-8c74-00acc501c3ab','2015','计算机学院','计算机科学技术','第一学期','d280c0b7-a3e9-11e7-b16f-408d5ce8eb96','通识必修','1234','笔试',NULL,'1',NULL,'已通过','新增',NULL,NULL,NULL,'admin','2017-10-25 11:46:24',NULL),('151c3acd-b937-11e7-8c74-00acc501c3ab','2015','计算机学院','计算机科学技术','第二学期','27171da0-a3e9-11e7-b16f-408d5ce8eb96','学院层面必修','1234','笔试',NULL,'1',NULL,'已通过','新增',NULL,NULL,NULL,'admin','2017-10-25 11:46:24',NULL),('1525159f-b937-11e7-8c74-00acc501c3ab','2015','计算机学院','计算机科学技术','第一学期','27171da0-a3e9-11e7-b16f-408d5ce8eb96','学院层面必修','宁夏理工','笔试',NULL,'1',NULL,'已通过','新增',NULL,NULL,NULL,'admin','2017-10-25 11:46:24',NULL),('152df833-b937-11e7-8c74-00acc501c3ab','2015','计算机学院','计算机科学技术','第一学期','e86e4a54-a3e8-11e7-b16f-408d5ce8eb96','学院层面必修','宁夏理工','笔试',NULL,'1',NULL,'已通过','新增',NULL,NULL,NULL,'admin','2017-10-25 11:46:24',NULL),('15603414-b937-11e7-8c74-00acc501c3ab','2015','计算机学院','计算机科学技术','第一学期','a83ebb73-a3e9-11e7-b16f-408d5ce8eb96','通识必修','宁夏理工','笔试',NULL,'1',NULL,'已通过','新增',NULL,NULL,NULL,'admin','2017-10-25 11:46:24',NULL),('1564b27b-b937-11e7-8c74-00acc501c3ab','2015','计算机学院','计算机科学技术','第一学期','ab11d52c-9ffa-11e7-ab7f-408d5ce8eb96','通识必修','宁夏理工','笔试',NULL,'1',NULL,'已通过','新增',NULL,NULL,NULL,'admin','2017-10-25 11:46:24',NULL),('15691c52-b937-11e7-8c74-00acc501c3ab','2015','计算机学院','计算机科学技术','第一学期','b1834ef3-aff7-11e7-ba56-408d5ce8eb96','通识必修','宁夏理工','笔试',NULL,'12',NULL,'已通过','新增',NULL,NULL,NULL,'admin','2017-10-25 11:46:24',NULL),('17785557-b935-11e7-8c74-00acc501c3ab','2015','计算机学院','计算机科学技术','第一学期','a6f0e253-b880-11e7-8c74-00acc501c3ab','通识必修','宁夏理工','笔试',NULL,'3',NULL,'已通过','新增',NULL,NULL,NULL,'admin','2017-10-25 11:32:09',NULL),('17839e64-b935-11e7-8c74-00acc501c3ab','2015','计算机学院','计算机科学技术','第一学期','dbf2044b-aff6-11e7-ba56-408d5ce8eb96','通识必修','宁夏理工','笔试',NULL,'10',NULL,'已通过','新增',NULL,NULL,NULL,'admin','2017-10-25 11:32:09',NULL),('17880764-b935-11e7-8c74-00acc501c3ab','2015','计算机学院','计算机科学技术','第一学期','f64e6c9a-affc-11e7-ba56-408d5ce8eb96','通识必修','宁夏理工','笔试',NULL,'12',NULL,'已通过','新增',NULL,NULL,NULL,'admin','2017-10-25 11:32:09',NULL),('178c903b-b935-11e7-8c74-00acc501c3ab','2015','计算机学院','计算机科学技术','第一学期','fa4da86d-a42a-11e7-b16f-408d5ce8eb96','通识必修','宁夏理工','笔试',NULL,'1',NULL,'已通过','新增',NULL,NULL,NULL,'admin','2017-10-25 11:32:09',NULL),('1791068d-b935-11e7-8c74-00acc501c3ab','2015','计算机学院','计算机科学技术','第一学期','d280c0b7-a3e9-11e7-b16f-408d5ce8eb96','通识必修','1234','笔试',NULL,'1',NULL,'已通过','新增',NULL,NULL,NULL,'admin','2017-10-25 11:32:09',NULL),('1799a620-b935-11e7-8c74-00acc501c3ab','2015','计算机学院','计算机科学技术','第二学期','27171da0-a3e9-11e7-b16f-408d5ce8eb96','学院层面必修','1234','笔试',NULL,'1',NULL,'已通过','新增',NULL,NULL,NULL,'admin','2017-10-25 11:32:09',NULL),('17a2ab96-b935-11e7-8c74-00acc501c3ab','2015','计算机学院','计算机科学技术','第一学期','27171da0-a3e9-11e7-b16f-408d5ce8eb96','学院层面必修','宁夏理工','笔试',NULL,'1',NULL,'已通过','新增',NULL,NULL,NULL,'admin','2017-10-25 11:32:09',NULL),('17a754a6-b935-11e7-8c74-00acc501c3ab','2015','计算机学院','计算机科学技术','第一学期','e86e4a54-a3e8-11e7-b16f-408d5ce8eb96','学院层面必修','宁夏理工','笔试',NULL,'1',NULL,'已通过','新增',NULL,NULL,NULL,'admin','2017-10-25 11:32:09',NULL),('17abaf76-b935-11e7-8c74-00acc501c3ab','2015','计算机学院','计算机科学技术','第一学期','a83ebb73-a3e9-11e7-b16f-408d5ce8eb96','通识必修','宁夏理工','笔试',NULL,'1',NULL,'已通过','新增',NULL,NULL,NULL,'admin','2017-10-25 11:32:09',NULL),('17b02ce9-b935-11e7-8c74-00acc501c3ab','2015','计算机学院','计算机科学技术','第一学期','ab11d52c-9ffa-11e7-ab7f-408d5ce8eb96','通识必修','宁夏理工','笔试',NULL,'1',NULL,'已通过','新增',NULL,NULL,NULL,'admin','2017-10-25 11:32:09',NULL),('17b4926a-b935-11e7-8c74-00acc501c3ab','2015','计算机学院','计算机科学技术','第一学期','b1834ef3-aff7-11e7-ba56-408d5ce8eb96','通识必修','宁夏理工','笔试',NULL,'12',NULL,'已通过','新增',NULL,NULL,NULL,'admin','2017-10-25 11:32:09',NULL),('1a0e7b05-affd-11e7-ba56-408d5ce8eb96','2017','计算机学院','计算机科学技术','第一学期','f64e6c9a-affc-11e7-ba56-408d5ce8eb96','通识必修','宁夏理工','笔试',NULL,'12',NULL,'已通过','新增',NULL,NULL,NULL,'1234','2017-10-13 17:58:45','1'),('2049eab2-a42b-11e7-b16f-408d5ce8eb96','2017','计算机学院','计算机科学技术','第一学期','fa4da86d-a42a-11e7-b16f-408d5ce8eb96','通识必修','宁夏理工','笔试',NULL,'1',NULL,'已通过','新增',NULL,NULL,NULL,'1234','2017-09-28 16:57:59','1'),('2438fa0b-b950-11e7-8c74-00acc501c3ab','2016','计算机学院','计算机科学','第一学期','a6f0e253-b880-11e7-8c74-00acc501c3ab','通识必修','宁夏理工','笔试',NULL,'3',NULL,'待审核','新增',NULL,NULL,NULL,'1234','2017-10-25 14:45:47',NULL),('243d8c78-b950-11e7-8c74-00acc501c3ab','2016','计算机学院','计算机科学','第一学期','dbf2044b-aff6-11e7-ba56-408d5ce8eb96','通识必修','宁夏理工','笔试',NULL,'10',NULL,'待审核','新增',NULL,NULL,NULL,'1234','2017-10-25 14:45:47',NULL),('2441f09f-b950-11e7-8c74-00acc501c3ab','2016','计算机学院','计算机科学','第一学期','f64e6c9a-affc-11e7-ba56-408d5ce8eb96','通识必修','宁夏理工','笔试',NULL,'12',NULL,'待审核','新增',NULL,NULL,NULL,'1234','2017-10-25 14:45:47',NULL),('244af6d3-b950-11e7-8c74-00acc501c3ab','2016','计算机学院','计算机科学','第一学期','fa4da86d-a42a-11e7-b16f-408d5ce8eb96','通识必修','宁夏理工','笔试',NULL,'1',NULL,'待审核','新增',NULL,NULL,NULL,'1234','2017-10-25 14:45:47',NULL),('244f50b6-b950-11e7-8c74-00acc501c3ab','2016','计算机学院','计算机科学','第一学期','d280c0b7-a3e9-11e7-b16f-408d5ce8eb96','通识必修','1234','笔试',NULL,'1',NULL,'待审核','新增',NULL,NULL,NULL,'1234','2017-10-25 14:45:47',NULL),('2453d581-b950-11e7-8c74-00acc501c3ab','2016','计算机学院','计算机科学','第二学期','27171da0-a3e9-11e7-b16f-408d5ce8eb96','学院层面必修','1234','笔试',NULL,'1',NULL,'待审核','新增',NULL,NULL,NULL,'1234','2017-10-25 14:45:47',NULL),('24637d91-b950-11e7-8c74-00acc501c3ab','2016','计算机学院','计算机科学','第一学期','27171da0-a3e9-11e7-b16f-408d5ce8eb96','学院层面必修','宁夏理工','笔试',NULL,'1',NULL,'待审核','新增',NULL,NULL,NULL,'1234','2017-10-25 14:45:47',NULL),('246cc02f-b950-11e7-8c74-00acc501c3ab','2016','计算机学院','计算机科学','第一学期','e86e4a54-a3e8-11e7-b16f-408d5ce8eb96','学院层面必修','宁夏理工','笔试',NULL,'1',NULL,'待审核','新增',NULL,NULL,NULL,'1234','2017-10-25 14:45:47',NULL),('2472854b-b950-11e7-8c74-00acc501c3ab','2016','计算机学院','计算机科学','第一学期','a83ebb73-a3e9-11e7-b16f-408d5ce8eb96','通识必修','宁夏理工','笔试',NULL,'1',NULL,'待审核','新增',NULL,NULL,NULL,'1234','2017-10-25 14:45:47',NULL),('247806a8-b950-11e7-8c74-00acc501c3ab','2016','计算机学院','计算机科学','第一学期','ee76ae94-b94d-11e7-8c74-00acc501c3ab','学院层面必修','宁夏理工','笔试',NULL,'1',NULL,'待审核','新增',NULL,NULL,NULL,'1234','2017-10-25 14:45:47',NULL),('247c8230-b950-11e7-8c74-00acc501c3ab','2016','计算机学院','计算机科学','第一学期','ab11d52c-9ffa-11e7-ab7f-408d5ce8eb96','通识必修','宁夏理工','笔试',NULL,'1',NULL,'待审核','新增',NULL,NULL,NULL,'1234','2017-10-25 14:45:47',NULL),('2480db15-b950-11e7-8c74-00acc501c3ab','2016','计算机学院','计算机科学','第一学期','b1834ef3-aff7-11e7-ba56-408d5ce8eb96','通识必修','宁夏理工','笔试',NULL,'12',NULL,'待审核','新增',NULL,NULL,NULL,'1234','2017-10-25 14:45:47',NULL),('31984896-a400-11e7-b16f-408d5ce8eb96','2017','计算机学院','计算机科学技术','第一学期','d280c0b7-a3e9-11e7-b16f-408d5ce8eb96','通识必修','1234','笔试',NULL,'1','1','已通过','新增',NULL,NULL,NULL,'1234','2017-09-28 11:50:39',NULL),('33de1e30-b94e-11e7-8c74-00acc501c3ab','2017','计算机学院','计算机科学技术','第一学期','ee76ae94-b94d-11e7-8c74-00acc501c3ab','通识必修','宁夏理工','笔试',NULL,'1',NULL,'未通过','新增',' 54513',NULL,NULL,'1234','2017-10-25 14:31:54',NULL),('38eb198a-b947-11e7-8c74-00acc501c3ab','2015','计算机学院','计算机科学技术','第一学期','e86e4a54-a3e8-11e7-b16f-408d5ce8eb96','学院层面必修','宁夏理工','笔试',NULL,'1',NULL,'待审核','新增',NULL,NULL,NULL,'admin','2017-10-25 13:41:56',NULL),('38efb5f1-b947-11e7-8c74-00acc501c3ab','2015','计算机学院','计算机科学技术','第一学期','a83ebb73-a3e9-11e7-b16f-408d5ce8eb96','通识必修','宁夏理工','笔试',NULL,'1',NULL,'待审核','新增',NULL,NULL,NULL,'admin','2017-10-25 13:41:56',NULL),('38f49f9d-b947-11e7-8c74-00acc501c3ab','2015','计算机学院','计算机科学技术','第一学期','ab11d52c-9ffa-11e7-ab7f-408d5ce8eb96','通识必修','宁夏理工','笔试',NULL,'1',NULL,'待审核','新增',NULL,NULL,NULL,'admin','2017-10-25 13:41:56',NULL),('38f922b4-b947-11e7-8c74-00acc501c3ab','2015','计算机学院','计算机科学技术','第一学期','b1834ef3-aff7-11e7-ba56-408d5ce8eb96','通识必修','宁夏理工','笔试',NULL,'12',NULL,'待审核','新增',NULL,NULL,NULL,'admin','2017-10-25 13:41:56',NULL),('3bd2ff97-a400-11e7-b16f-408d5ce8eb96','2017','计算机学院','计算机科学技术','第二学期','27171da0-a3e9-11e7-b16f-408d5ce8eb96','学院层面必修','1234','笔试',NULL,'1','','已通过','修改',NULL,'',NULL,'1212102','2017-10-11 17:01:53',NULL),('3fd3e8f7-a3f1-11e7-b16f-408d5ce8eb96','2017','计算机学院','计算机科学技术','第一学期','27171da0-a3e9-11e7-b16f-408d5ce8eb96','学院层面必修','宁夏理工','笔试',NULL,'1',NULL,'已通过','新增',NULL,NULL,'是','admin','2017-09-28 10:03:41',NULL),('45bb69ae-b950-11e7-8c74-00acc501c3ab','2015','计算机学院','软件工程','第一学期','a6f0e253-b880-11e7-8c74-00acc501c3ab','通识必修','宁夏理工','笔试',NULL,'3',NULL,'待审核','新增',NULL,NULL,NULL,'1234','2017-10-25 14:46:43',NULL),('45ee4d3b-b950-11e7-8c74-00acc501c3ab','2015','计算机学院','软件工程','第一学期','dbf2044b-aff6-11e7-ba56-408d5ce8eb96','通识必修','宁夏理工','笔试',NULL,'10',NULL,'待审核','新增',NULL,NULL,NULL,'1234','2017-10-25 14:46:43',NULL),('45f37e14-b950-11e7-8c74-00acc501c3ab','2015','计算机学院','软件工程','第一学期','f64e6c9a-affc-11e7-ba56-408d5ce8eb96','通识必修','宁夏理工','笔试',NULL,'12',NULL,'待审核','新增',NULL,NULL,NULL,'1234','2017-10-25 14:46:43',NULL),('45f82347-b950-11e7-8c74-00acc501c3ab','2015','计算机学院','软件工程','第一学期','fa4da86d-a42a-11e7-b16f-408d5ce8eb96','通识必修','宁夏理工','笔试',NULL,'1',NULL,'待审核','新增',NULL,NULL,NULL,'1234','2017-10-25 14:46:43',NULL),('45fc6fab-b950-11e7-8c74-00acc501c3ab','2015','计算机学院','软件工程','第一学期','d280c0b7-a3e9-11e7-b16f-408d5ce8eb96','通识必修','1234','笔试',NULL,'1',NULL,'待审核','新增',NULL,NULL,NULL,'1234','2017-10-25 14:46:43',NULL),('46010a17-b950-11e7-8c74-00acc501c3ab','2015','计算机学院','软件工程','第二学期','27171da0-a3e9-11e7-b16f-408d5ce8eb96','学院层面必修','1234','笔试',NULL,'1',NULL,'待审核','新增',NULL,NULL,NULL,'1234','2017-10-25 14:46:43',NULL),('46054eb0-b950-11e7-8c74-00acc501c3ab','2015','计算机学院','软件工程','第一学期','27171da0-a3e9-11e7-b16f-408d5ce8eb96','学院层面必修','宁夏理工','笔试',NULL,'1',NULL,'待审核','新增',NULL,NULL,NULL,'1234','2017-10-25 14:46:43',NULL),('463929c1-b950-11e7-8c74-00acc501c3ab','2015','计算机学院','软件工程','第一学期','e86e4a54-a3e8-11e7-b16f-408d5ce8eb96','学院层面必修','宁夏理工','笔试',NULL,'1',NULL,'待审核','新增',NULL,NULL,NULL,'1234','2017-10-25 14:46:44',NULL),('463d3b0f-b950-11e7-8c74-00acc501c3ab','2015','计算机学院','软件工程','第一学期','a83ebb73-a3e9-11e7-b16f-408d5ce8eb96','通识必修','宁夏理工','笔试',NULL,'1',NULL,'待审核','新增',NULL,NULL,NULL,'1234','2017-10-25 14:46:44',NULL),('46474df6-b950-11e7-8c74-00acc501c3ab','2015','计算机学院','软件工程','第一学期','ee76ae94-b94d-11e7-8c74-00acc501c3ab','学院层面必修','宁夏理工','笔试',NULL,'1',NULL,'待审核','新增',NULL,NULL,NULL,'1234','2017-10-25 14:46:44',NULL),('465019a8-b950-11e7-8c74-00acc501c3ab','2015','计算机学院','软件工程','第一学期','ab11d52c-9ffa-11e7-ab7f-408d5ce8eb96','通识必修','宁夏理工','笔试',NULL,'1',NULL,'待审核','新增',NULL,NULL,NULL,'1234','2017-10-25 14:46:44',NULL),('468373b4-b950-11e7-8c74-00acc501c3ab','2015','计算机学院','软件工程','第一学期','b1834ef3-aff7-11e7-ba56-408d5ce8eb96','通识必修','宁夏理工','笔试',NULL,'12',NULL,'待审核','新增',NULL,NULL,NULL,'1234','2017-10-25 14:46:44',NULL),('4827cede-b946-11e7-8c74-00acc501c3ab','2016','计算机学院','计算机科学技术','第一学期','a6f0e253-b880-11e7-8c74-00acc501c3ab','通识必修','宁夏理工','笔试',NULL,'3',NULL,'待审核','新增',NULL,NULL,NULL,'admin','2017-10-25 13:35:12',NULL),('482e6c68-b946-11e7-8c74-00acc501c3ab','2016','计算机学院','计算机科学技术','第一学期','dbf2044b-aff6-11e7-ba56-408d5ce8eb96','通识必修','宁夏理工','笔试',NULL,'10',NULL,'待审核','新增',NULL,NULL,NULL,'admin','2017-10-25 13:35:12',NULL),('48336d86-b946-11e7-8c74-00acc501c3ab','2016','计算机学院','计算机科学技术','第一学期','f64e6c9a-affc-11e7-ba56-408d5ce8eb96','通识必修','宁夏理工','笔试',NULL,'12',NULL,'待审核','新增',NULL,NULL,NULL,'admin','2017-10-25 13:35:12',NULL),('4837e4e2-b946-11e7-8c74-00acc501c3ab','2016','计算机学院','计算机科学技术','第一学期','fa4da86d-a42a-11e7-b16f-408d5ce8eb96','通识必修','宁夏理工','笔试',NULL,'1',NULL,'待审核','新增',NULL,NULL,NULL,'admin','2017-10-25 13:35:12',NULL),('483f00c2-b946-11e7-8c74-00acc501c3ab','2016','计算机学院','计算机科学技术','第一学期','d280c0b7-a3e9-11e7-b16f-408d5ce8eb96','通识必修','1234','笔试',NULL,'1',NULL,'待审核','新增',NULL,NULL,NULL,'admin','2017-10-25 13:35:12',NULL),('48481a39-b946-11e7-8c74-00acc501c3ab','2016','计算机学院','计算机科学技术','第二学期','27171da0-a3e9-11e7-b16f-408d5ce8eb96','学院层面必修','1234','笔试',NULL,'1',NULL,'待审核','新增',NULL,NULL,NULL,'admin','2017-10-25 13:35:12',NULL),('484e3640-b946-11e7-8c74-00acc501c3ab','2016','计算机学院','计算机科学技术','第一学期','27171da0-a3e9-11e7-b16f-408d5ce8eb96','学院层面必修','宁夏理工','笔试',NULL,'1',NULL,'待审核','新增',NULL,NULL,NULL,'admin','2017-10-25 13:35:12',NULL),('48532418-b946-11e7-8c74-00acc501c3ab','2016','计算机学院','计算机科学技术','第一学期','e86e4a54-a3e8-11e7-b16f-408d5ce8eb96','学院层面必修','宁夏理工','笔试',NULL,'1',NULL,'待审核','新增',NULL,NULL,NULL,'admin','2017-10-25 13:35:12',NULL),('48572572-b946-11e7-8c74-00acc501c3ab','2016','计算机学院','计算机科学技术','第一学期','a83ebb73-a3e9-11e7-b16f-408d5ce8eb96','通识必修','宁夏理工','笔试',NULL,'1',NULL,'待审核','新增',NULL,NULL,NULL,'admin','2017-10-25 13:35:12',NULL),('488f2f7e-b946-11e7-8c74-00acc501c3ab','2016','计算机学院','计算机科学技术','第一学期','ab11d52c-9ffa-11e7-ab7f-408d5ce8eb96','通识必修','宁夏理工','笔试',NULL,'1',NULL,'待审核','新增',NULL,NULL,NULL,'admin','2017-10-25 13:35:13',NULL),('489429f5-b946-11e7-8c74-00acc501c3ab','2016','计算机学院','计算机科学技术','第一学期','b1834ef3-aff7-11e7-ba56-408d5ce8eb96','通识必修','宁夏理工','笔试',NULL,'12',NULL,'待审核','新增',NULL,NULL,NULL,'admin','2017-10-25 13:35:13',NULL),('6f74e03a-a425-11e7-b16f-408d5ce8eb96','2017','计算机学院','计算机科学技术','第一学期','e86e4a54-a3e8-11e7-b16f-408d5ce8eb96','学院层面必修','宁夏理工','笔试',NULL,'1',NULL,'已通过','新增',NULL,NULL,NULL,'admin','2017-09-28 16:17:14','1'),('7397ba4e-b936-11e7-8c74-00acc501c3ab','2015','计算机学院','计算机科学技术','第一学期','a6f0e253-b880-11e7-8c74-00acc501c3ab','通识必修','宁夏理工','笔试',NULL,'3',NULL,'已通过','新增',NULL,NULL,NULL,'admin','2017-10-25 11:41:53',NULL),('739d968f-b936-11e7-8c74-00acc501c3ab','2015','计算机学院','计算机科学技术','第一学期','dbf2044b-aff6-11e7-ba56-408d5ce8eb96','通识必修','宁夏理工','笔试',NULL,'10',NULL,'已通过','新增',NULL,NULL,NULL,'admin','2017-10-25 11:41:53',NULL),('73d17b6a-b936-11e7-8c74-00acc501c3ab','2015','计算机学院','计算机科学技术','第一学期','f64e6c9a-affc-11e7-ba56-408d5ce8eb96','通识必修','宁夏理工','笔试',NULL,'12',NULL,'已通过','新增',NULL,NULL,NULL,'admin','2017-10-25 11:41:53',NULL),('73d6637b-b936-11e7-8c74-00acc501c3ab','2015','计算机学院','计算机科学技术','第一学期','fa4da86d-a42a-11e7-b16f-408d5ce8eb96','通识必修','宁夏理工','笔试',NULL,'1',NULL,'已通过','新增',NULL,NULL,NULL,'admin','2017-10-25 11:41:53',NULL),('73dac808-b936-11e7-8c74-00acc501c3ab','2015','计算机学院','计算机科学技术','第一学期','d280c0b7-a3e9-11e7-b16f-408d5ce8eb96','通识必修','1234','笔试',NULL,'1',NULL,'已通过','新增',NULL,NULL,NULL,'admin','2017-10-25 11:41:53',NULL),('73e1ca35-b936-11e7-8c74-00acc501c3ab','2015','计算机学院','计算机科学技术','第二学期','27171da0-a3e9-11e7-b16f-408d5ce8eb96','学院层面必修','1234','笔试',NULL,'1',NULL,'已通过','新增',NULL,NULL,NULL,'admin','2017-10-25 11:41:53',NULL),('73eacc90-b936-11e7-8c74-00acc501c3ab','2015','计算机学院','计算机科学技术','第一学期','27171da0-a3e9-11e7-b16f-408d5ce8eb96','学院层面必修','宁夏理工','笔试',NULL,'1',NULL,'已通过','新增',NULL,NULL,NULL,'admin','2017-10-25 11:41:53',NULL),('7ac0d786-b937-11e7-8c74-00acc501c3ab','2017','计算机学院','计算机科学','第一学期','a6f0e253-b880-11e7-8c74-00acc501c3ab','通识必修','宁夏理工','笔试',NULL,'3',NULL,'已通过','新增',NULL,NULL,NULL,'admin','2017-10-25 11:49:14',NULL),('7ac62d5a-b937-11e7-8c74-00acc501c3ab','2017','计算机学院','计算机科学','第一学期','dbf2044b-aff6-11e7-ba56-408d5ce8eb96','通识必修','宁夏理工','笔试',NULL,'10',NULL,'已通过','新增',NULL,NULL,NULL,'admin','2017-10-25 11:49:14',NULL),('7acf24ee-b937-11e7-8c74-00acc501c3ab','2017','计算机学院','计算机科学','第一学期','f64e6c9a-affc-11e7-ba56-408d5ce8eb96','通识必修','宁夏理工','笔试',NULL,'12',NULL,'已通过','新增',NULL,NULL,NULL,'admin','2017-10-25 11:49:14',NULL),('7ad7da7c-b937-11e7-8c74-00acc501c3ab','2017','计算机学院','计算机科学','第一学期','fa4da86d-a42a-11e7-b16f-408d5ce8eb96','通识必修','宁夏理工','笔试',NULL,'1',NULL,'已通过','新增',' 12',NULL,NULL,'admin','2017-10-25 11:49:14',NULL),('7adc3f93-b937-11e7-8c74-00acc501c3ab','2017','计算机学院','计算机科学','第一学期','d280c0b7-a3e9-11e7-b16f-408d5ce8eb96','通识必修','1234','笔试',NULL,'1',NULL,'已通过','新增',NULL,NULL,NULL,'admin','2017-10-25 11:49:14',NULL),('7af39ea0-b937-11e7-8c74-00acc501c3ab','2017','计算机学院','计算机科学','第二学期','27171da0-a3e9-11e7-b16f-408d5ce8eb96','学院层面必修','1234','笔试',NULL,'1',NULL,'已通过','新增',NULL,NULL,NULL,'admin','2017-10-25 11:49:15',NULL),('7b035c8f-b937-11e7-8c74-00acc501c3ab','2017','计算机学院','计算机科学','第一学期','27171da0-a3e9-11e7-b16f-408d5ce8eb96','学院层面必修','宁夏理工','笔试',NULL,'1',NULL,'已通过','新增',NULL,NULL,NULL,'admin','2017-10-25 11:49:15',NULL),('7b07a8af-b937-11e7-8c74-00acc501c3ab','2017','计算机学院','计算机科学','第一学期','e86e4a54-a3e8-11e7-b16f-408d5ce8eb96','学院层面必修','宁夏理工','笔试',NULL,'1',NULL,'已通过','新增',NULL,NULL,NULL,'admin','2017-10-25 11:49:15',NULL),('7b0c261c-b937-11e7-8c74-00acc501c3ab','2017','计算机学院','计算机科学','第一学期','a83ebb73-a3e9-11e7-b16f-408d5ce8eb96','通识必修','宁夏理工','笔试',NULL,'1',NULL,'已通过','新增',NULL,NULL,NULL,'admin','2017-10-25 11:49:15',NULL),('7b1094a9-b937-11e7-8c74-00acc501c3ab','2017','计算机学院','计算机科学','第一学期','ab11d52c-9ffa-11e7-ab7f-408d5ce8eb96','通识必修','宁夏理工','笔试',NULL,'1',NULL,'已通过','新增',NULL,NULL,NULL,'admin','2017-10-25 11:49:15',NULL),('7b152008-b937-11e7-8c74-00acc501c3ab','2017','计算机学院','计算机科学','第一学期','b1834ef3-aff7-11e7-ba56-408d5ce8eb96','通识必修','宁夏理工','笔试',NULL,'12',NULL,'已通过','新增',NULL,NULL,NULL,'admin','2017-10-25 11:49:15',NULL),('7d6a3b6c-9d19-11e7-a67a-408d5ce8eb96','2017','asd','asd','asd','7d6a3baf-9d19-11e7-a67a-408d5ce8eb96','asd','asd','asd','asd','asd','','','','','','','','2017-09-19 17:04:06','asd'),('800c0627-b946-11e7-8c74-00acc501c3ab','2017','计算机学院','计算机科学','第一学期','a6f0e253-b880-11e7-8c74-00acc501c3ab','通识必修','宁夏理工','笔试',NULL,'3',NULL,'待审核','新增',NULL,NULL,NULL,'admin','2017-10-25 13:36:46',NULL),('8013314b-b946-11e7-8c74-00acc501c3ab','2017','计算机学院','计算机科学','第一学期','dbf2044b-aff6-11e7-ba56-408d5ce8eb96','通识必修','宁夏理工','笔试',NULL,'10',NULL,'待审核','新增',NULL,NULL,NULL,'admin','2017-10-25 13:36:46',NULL),('80181f80-b946-11e7-8c74-00acc501c3ab','2017','计算机学院','计算机科学','第一学期','f64e6c9a-affc-11e7-ba56-408d5ce8eb96','通识必修','宁夏理工','笔试',NULL,'12',NULL,'待审核','新增',NULL,NULL,NULL,'admin','2017-10-25 13:36:46',NULL),('801c73df-b946-11e7-8c74-00acc501c3ab','2017','计算机学院','计算机科学','第一学期','fa4da86d-a42a-11e7-b16f-408d5ce8eb96','通识必修','宁夏理工','笔试',NULL,'1',NULL,'待审核','新增',NULL,NULL,NULL,'admin','2017-10-25 13:36:46',NULL),('8022489b-b946-11e7-8c74-00acc501c3ab','2017','计算机学院','计算机科学','第一学期','d280c0b7-a3e9-11e7-b16f-408d5ce8eb96','通识必修','1234','笔试',NULL,'1',NULL,'待审核','新增',NULL,NULL,NULL,'admin','2017-10-25 13:36:46',NULL),('8026a4c3-b946-11e7-8c74-00acc501c3ab','2017','计算机学院','计算机科学','第二学期','27171da0-a3e9-11e7-b16f-408d5ce8eb96','学院层面必修','1234','笔试',NULL,'1',NULL,'已通过','新增',NULL,NULL,NULL,'admin','2017-10-25 13:36:46',NULL),('802c86c7-b946-11e7-8c74-00acc501c3ab','2017','计算机学院','计算机科学','第一学期','27171da0-a3e9-11e7-b16f-408d5ce8eb96','学院层面必修','宁夏理工','笔试',NULL,'1',NULL,'待审核','新增',NULL,NULL,NULL,'admin','2017-10-25 13:36:46',NULL),('8030cefb-b946-11e7-8c74-00acc501c3ab','2017','计算机学院','计算机科学','第一学期','e86e4a54-a3e8-11e7-b16f-408d5ce8eb96','学院层面必修','宁夏理工','笔试',NULL,'1',NULL,'待审核','新增',NULL,NULL,NULL,'admin','2017-10-25 13:36:46',NULL),('803a9a24-b946-11e7-8c74-00acc501c3ab','2017','计算机学院','计算机科学','第一学期','a83ebb73-a3e9-11e7-b16f-408d5ce8eb96','通识必修','宁夏理工','笔试',NULL,'1',NULL,'待审核','新增',NULL,NULL,NULL,'admin','2017-10-25 13:36:46',NULL),('8043eabe-b946-11e7-8c74-00acc501c3ab','2017','计算机学院','计算机科学','第一学期','ab11d52c-9ffa-11e7-ab7f-408d5ce8eb96','通识必修','宁夏理工','笔试',NULL,'1',NULL,'待审核','新增',NULL,NULL,NULL,'admin','2017-10-25 13:36:46',NULL),('8049b6b8-b946-11e7-8c74-00acc501c3ab','2017','计算机学院','计算机科学','第一学期','b1834ef3-aff7-11e7-ba56-408d5ce8eb96','通识必修','宁夏理工','笔试',NULL,'12',NULL,'待审核','新增',NULL,NULL,NULL,'admin','2017-10-25 13:36:46',NULL),('804e1b05-b946-11e7-8c74-00acc501c3ab','2017','计算机学院','计算机科学','第一学期','a6f0e253-b880-11e7-8c74-00acc501c3ab','通识必修','宁夏理工','笔试',NULL,'3',NULL,'待审核','新增',NULL,NULL,NULL,'admin','2017-10-25 13:36:46',NULL),('8053f1c2-b946-11e7-8c74-00acc501c3ab','2017','计算机学院','计算机科学','第一学期','dbf2044b-aff6-11e7-ba56-408d5ce8eb96','通识必修','宁夏理工','笔试',NULL,'10',NULL,'待审核','新增',NULL,NULL,NULL,'admin','2017-10-25 13:36:46',NULL),('80583416-b946-11e7-8c74-00acc501c3ab','2017','计算机学院','计算机科学','第一学期','f64e6c9a-affc-11e7-ba56-408d5ce8eb96','通识必修','宁夏理工','笔试',NULL,'12',NULL,'待审核','新增',NULL,NULL,NULL,'admin','2017-10-25 13:36:46',NULL),('805e3dd7-b946-11e7-8c74-00acc501c3ab','2017','计算机学院','计算机科学','第一学期','fa4da86d-a42a-11e7-b16f-408d5ce8eb96','通识必修','宁夏理工','笔试',NULL,'1',NULL,'待审核','新增',NULL,NULL,NULL,'admin','2017-10-25 13:36:46',NULL),('80900e23-b946-11e7-8c74-00acc501c3ab','2017','计算机学院','计算机科学','第一学期','d280c0b7-a3e9-11e7-b16f-408d5ce8eb96','通识必修','1234','笔试',NULL,'1',NULL,'待审核','新增',NULL,NULL,NULL,'admin','2017-10-25 13:36:46',NULL),('809672eb-b946-11e7-8c74-00acc501c3ab','2017','计算机学院','计算机科学','第二学期','27171da0-a3e9-11e7-b16f-408d5ce8eb96','学院层面必修','1234','笔试',NULL,'1',NULL,'待审核','新增',NULL,NULL,NULL,'admin','2017-10-25 13:36:47',NULL),('809b4b6f-b946-11e7-8c74-00acc501c3ab','2017','计算机学院','计算机科学','第一学期','27171da0-a3e9-11e7-b16f-408d5ce8eb96','学院层面必修','宁夏理工','笔试',NULL,'1',NULL,'待审核','新增',NULL,NULL,NULL,'admin','2017-10-25 13:36:47',NULL),('80a05e05-b946-11e7-8c74-00acc501c3ab','2017','计算机学院','计算机科学','第一学期','e86e4a54-a3e8-11e7-b16f-408d5ce8eb96','学院层面必修','宁夏理工','笔试',NULL,'1',NULL,'待审核','新增',NULL,NULL,NULL,'admin','2017-10-25 13:36:47',NULL),('80a42f67-b946-11e7-8c74-00acc501c3ab','2017','计算机学院','计算机科学','第一学期','a83ebb73-a3e9-11e7-b16f-408d5ce8eb96','通识必修','宁夏理工','笔试',NULL,'1',NULL,'待审核','新增',NULL,NULL,NULL,'admin','2017-10-25 13:36:47',NULL),('80a984ee-b946-11e7-8c74-00acc501c3ab','2017','计算机学院','计算机科学','第一学期','ab11d52c-9ffa-11e7-ab7f-408d5ce8eb96','通识必修','宁夏理工','笔试',NULL,'1',NULL,'待审核','新增',NULL,NULL,NULL,'admin','2017-10-25 13:36:47',NULL),('80ae6628-b946-11e7-8c74-00acc501c3ab','2017','计算机学院','计算机科学','第一学期','b1834ef3-aff7-11e7-ba56-408d5ce8eb96','通识必修','宁夏理工','笔试',NULL,'12',NULL,'待审核','新增',NULL,NULL,NULL,'admin','2017-10-25 13:36:47',NULL),('80b34d52-b946-11e7-8c74-00acc501c3ab','2017','计算机学院','计算机科学','第一学期','a6f0e253-b880-11e7-8c74-00acc501c3ab','通识必修','宁夏理工','笔试',NULL,'3',NULL,'待审核','新增',NULL,NULL,NULL,'admin','2017-10-25 13:36:47',NULL),('80b793c5-b946-11e7-8c74-00acc501c3ab','2017','计算机学院','计算机科学','第一学期','dbf2044b-aff6-11e7-ba56-408d5ce8eb96','通识必修','宁夏理工','笔试',NULL,'10',NULL,'待审核','新增',NULL,NULL,NULL,'admin','2017-10-25 13:36:47',NULL),('80bd745f-b946-11e7-8c74-00acc501c3ab','2017','计算机学院','计算机科学','第一学期','f64e6c9a-affc-11e7-ba56-408d5ce8eb96','通识必修','宁夏理工','笔试',NULL,'12',NULL,'待审核','新增',NULL,NULL,NULL,'admin','2017-10-25 13:36:47',NULL),('80c1b1da-b946-11e7-8c74-00acc501c3ab','2017','计算机学院','计算机科学','第一学期','fa4da86d-a42a-11e7-b16f-408d5ce8eb96','通识必修','宁夏理工','笔试',NULL,'1',NULL,'待审核','新增',NULL,NULL,NULL,'admin','2017-10-25 13:36:47',NULL),('80c90f61-b946-11e7-8c74-00acc501c3ab','2017','计算机学院','计算机科学','第一学期','d280c0b7-a3e9-11e7-b16f-408d5ce8eb96','通识必修','1234','笔试',NULL,'1',NULL,'待审核','新增',NULL,NULL,NULL,'admin','2017-10-25 13:36:47',NULL),('80ce09a1-b946-11e7-8c74-00acc501c3ab','2017','计算机学院','计算机科学','第二学期','27171da0-a3e9-11e7-b16f-408d5ce8eb96','学院层面必修','1234','笔试',NULL,'1',NULL,'待审核','新增',NULL,NULL,NULL,'admin','2017-10-25 13:36:47',NULL),('80d21424-b946-11e7-8c74-00acc501c3ab','2017','计算机学院','计算机科学','第一学期','27171da0-a3e9-11e7-b16f-408d5ce8eb96','学院层面必修','宁夏理工','笔试',NULL,'1',NULL,'待审核','新增',NULL,NULL,NULL,'admin','2017-10-25 13:36:47',NULL),('8246e88a-9f39-11e7-b557-408d5ce8eb96','2017','asd','asd','第二学期','5d1cae96-86d9-11e7-98c2-408d5ce8eb96','专业内必修','宁夏理工','上机',NULL,'40',NULL,'待审核',NULL,NULL,NULL,NULL,'admin','2017-09-22 09:58:20',NULL),('8250ed00-9f39-11e7-b557-408d5ce8eb96','2017','asd','asd','第一学期','5d1cae96-86d9-11e7-98c2-408d5ce8eb96','专业内必修','宁夏理工','笔试',NULL,'80',NULL,'待审核',NULL,NULL,NULL,NULL,'admin','2017-09-22 09:58:20',NULL),('8408efaa-b9eb-11e7-8c74-00acc501c3ab','2017','计算机学院','计算机科学技术','第一学期','41e29499-b9eb-11e7-8c74-00acc501c3ab','通识必修','宁夏理工','笔试',NULL,'10',NULL,'已通过','新增',NULL,NULL,NULL,'1234','2017-10-26 09:17:55','1'),('a77274cb-b94f-11e7-8c74-00acc501c3ab','2015','计算机学院','计算机科学技术','第一学期','bf4aa735-9823-11e7-a287-408d5ce8eb96','通识必修','宁夏理工','笔试',NULL,'1',NULL,'待审核','新增',NULL,NULL,NULL,'1234','2017-10-25 14:42:17',NULL),('b9923783-ae64-11e7-a596-408d5ce8eb96','2017','计算机学院','计算机科学技术','第一学期','fa4da86d-a42a-11e7-b16f-408d5ce8eb96','通识必修','宁夏理工','笔试',NULL,'1','','未通过','修改',' 12\n23','2049eab2-a42b-11e7-b16f-408d5ce8eb96',NULL,'admin','2017-10-11 17:15:29',NULL),('be9e325e-a421-11e7-b16f-408d5ce8eb96','2017','计算机学院','计算机科学技术','第一学期','a83ebb73-a3e9-11e7-b16f-408d5ce8eb96','通识必修','宁夏理工','笔试',NULL,'1',NULL,'已通过','新增',NULL,NULL,NULL,'admin','2017-09-28 15:50:49','1'),('d8e7f9fe-b952-11e7-8c74-00acc501c3ab','2017','计算机学院','计算机科学技术','第一学期','828e12ed-b952-11e7-8c74-00acc501c3ab','通识必修','宁夏理工','笔试',NULL,'1',NULL,'已通过','新增',NULL,NULL,NULL,'1234','2017-10-25 15:05:09','1'),('d9d28774-b934-11e7-8c74-00acc501c3ab','2016','计算机学院','计算机科学技术','第一学期','a6f0e253-b880-11e7-8c74-00acc501c3ab','通识必修','宁夏理工','笔试',NULL,'3',NULL,'已通过','新增',NULL,NULL,NULL,'admin','2017-10-25 11:30:25',NULL),('d9d8fdbb-b934-11e7-8c74-00acc501c3ab','2016','计算机学院','计算机科学技术','第一学期','dbf2044b-aff6-11e7-ba56-408d5ce8eb96','通识必修','宁夏理工','笔试',NULL,'10',NULL,'已通过','新增',NULL,NULL,NULL,'admin','2017-10-25 11:30:25',NULL),('de505018-b94e-11e7-8c74-00acc501c3ab','2017','计算机学院','计算机科学技术','第一学期','ee76ae94-b94d-11e7-8c74-00acc501c3ab','学院层面必修','宁夏理工','笔试',NULL,'1',NULL,'已通过','新增',NULL,NULL,NULL,'1234','2017-10-25 14:36:40',NULL),('def09e02-9f37-11e7-b557-408d5ce8eb96','2017','asd','asd','第二学期','5d1cae96-86d9-11e7-98c2-408d5ce8eb96','专业内必修','宁夏理工','上机',NULL,'40',NULL,'待审核',NULL,NULL,NULL,NULL,'admin','2017-09-22 09:46:37',NULL),('def807f2-9f37-11e7-b557-408d5ce8eb96','2017','asd','asd','第一学期','5d1cae96-86d9-11e7-98c2-408d5ce8eb96','专业内必修','宁夏理工','笔试',NULL,'80',NULL,'待审核',NULL,NULL,NULL,NULL,'admin','2017-09-22 09:46:37',NULL),('eab1bf2f-b934-11e7-8c74-00acc501c3ab','2016','计算机学院','计算机科学技术','第一学期','f64e6c9a-affc-11e7-ba56-408d5ce8eb96','通识必修','宁夏理工','笔试',NULL,'12',NULL,'已通过','新增',NULL,NULL,NULL,'admin','2017-10-25 11:30:54',NULL),('eab7a217-b934-11e7-8c74-00acc501c3ab','2016','计算机学院','计算机科学技术','第一学期','fa4da86d-a42a-11e7-b16f-408d5ce8eb96','通识必修','宁夏理工','笔试',NULL,'1',NULL,'已通过','新增',' 11',NULL,NULL,'admin','2017-10-25 11:30:54',NULL),('eaea8077-b934-11e7-8c74-00acc501c3ab','2016','计算机学院','计算机科学技术','第一学期','d280c0b7-a3e9-11e7-b16f-408d5ce8eb96','通识必修','1234','笔试',NULL,'1',NULL,'已通过','新增',NULL,NULL,NULL,'admin','2017-10-25 11:30:54',NULL),('eaef9276-b934-11e7-8c74-00acc501c3ab','2016','计算机学院','计算机科学技术','第二学期','27171da0-a3e9-11e7-b16f-408d5ce8eb96','学院层面必修','1234','笔试',NULL,'1',NULL,'已通过','新增',NULL,NULL,NULL,'admin','2017-10-25 11:30:54',NULL),('eaf8f69d-b934-11e7-8c74-00acc501c3ab','2016','计算机学院','计算机科学技术','第一学期','27171da0-a3e9-11e7-b16f-408d5ce8eb96','学院层面必修','宁夏理工','笔试',NULL,'1',NULL,'已通过','新增',NULL,NULL,NULL,'admin','2017-10-25 11:30:54',NULL),('eb012705-b934-11e7-8c74-00acc501c3ab','2016','计算机学院','计算机科学技术','第一学期','e86e4a54-a3e8-11e7-b16f-408d5ce8eb96','学院层面必修','宁夏理工','笔试',NULL,'1',NULL,'已通过','新增',NULL,NULL,NULL,'admin','2017-10-25 11:30:54',NULL),('eb059ea8-b934-11e7-8c74-00acc501c3ab','2016','计算机学院','计算机科学技术','第一学期','a83ebb73-a3e9-11e7-b16f-408d5ce8eb96','通识必修','宁夏理工','笔试',NULL,'1',NULL,'已通过','新增',NULL,NULL,NULL,'admin','2017-10-25 11:30:54',NULL),('eb382579-b934-11e7-8c74-00acc501c3ab','2016','计算机学院','计算机科学技术','第一学期','ab11d52c-9ffa-11e7-ab7f-408d5ce8eb96','通识必修','宁夏理工','笔试',NULL,'1',NULL,'已通过','新增',NULL,NULL,NULL,'admin','2017-10-25 11:30:54',NULL),('eb3c642e-b934-11e7-8c74-00acc501c3ab','2016','计算机学院','计算机科学技术','第一学期','b1834ef3-aff7-11e7-ba56-408d5ce8eb96','通识必修','宁夏理工','笔试',NULL,'12',NULL,'已通过','新增',NULL,NULL,NULL,'admin','2017-10-25 11:30:55',NULL),('f17a8b3d-a421-11e7-b16f-408d5ce8eb96','2017','计算机学院','计算机科学技术','第一学期','ab11d52c-9ffa-11e7-ab7f-408d5ce8eb96','通识必修','宁夏理工','笔试',NULL,'1',NULL,'已通过','新增',NULL,NULL,NULL,'admin','2017-09-28 15:52:15',NULL),('f2d9a0ee-aff7-11e7-ba56-408d5ce8eb96','2017','计算机学院','计算机科学技术','第一学期','b1834ef3-aff7-11e7-ba56-408d5ce8eb96','通识必修','宁夏理工','笔试',NULL,'12','45','已通过','新增',NULL,NULL,NULL,'1234','2017-10-13 17:21:52','1');

/*Table structure for table `major` */

DROP TABLE IF EXISTS `major`;

CREATE TABLE `major` (
  `majorId` varchar(45) NOT NULL,
  `majorCollege` varchar(45) DEFAULT NULL COMMENT '所属学院',
  `internationalNum` int(11) DEFAULT NULL COMMENT '国标专业个数',
  `internationalCode` varchar(45) DEFAULT NULL COMMENT '国际专业代码',
  `majorCode` varchar(45) DEFAULT NULL COMMENT '专业代码',
  `majorName` varchar(45) DEFAULT NULL COMMENT '专业名称',
  `subject` varchar(45) DEFAULT NULL COMMENT '所属学科',
  `level` varchar(45) DEFAULT NULL COMMENT '培养层次',
  `length` int(11) DEFAULT NULL COMMENT '学制',
  `settingYear` int(11) DEFAULT NULL COMMENT '设置年份',
  `majorStatus` varchar(45) DEFAULT NULL COMMENT '专业状态:启用/停用',
  `checkStatus` varchar(45) DEFAULT NULL COMMENT '审核状态:待审核/已通过/未通过',
  `checkType` varchar(45) DEFAULT NULL COMMENT '审核类别:新增/修改/删除/停启用',
  `checkMan` varchar(45) DEFAULT NULL COMMENT '审核人',
  `checkDate` datetime DEFAULT NULL COMMENT '审核时间',
  `refuseReason` varchar(100) DEFAULT NULL COMMENT '未通过原因',
  `relationId` varchar(45) DEFAULT NULL COMMENT '关联ID,修改时使用,关联修改之前的记录ID',
  `isDelete` varchar(5) DEFAULT NULL COMMENT '是否删除：是/否',
  `createMan` varchar(45) DEFAULT NULL,
  `createDate` datetime DEFAULT NULL,
  `updateMan` varchar(45) DEFAULT NULL,
  `updateDate` datetime DEFAULT NULL,
  `scheduleTime` varchar(300) DEFAULT NULL COMMENT '该专业学生空余时间',
  `trainingobjects` varchar(50) DEFAULT NULL COMMENT '培养对象',
  `introduction` varchar(500) DEFAULT NULL COMMENT '简介',
  PRIMARY KEY (`majorId`)
) ENGINE=InnoDB DEFAULT CHARSET=utf8 COMMENT='专业';

/*Data for the table `major` */

insert  into `major`(`majorId`,`majorCollege`,`internationalNum`,`internationalCode`,`majorCode`,`majorName`,`subject`,`level`,`length`,`settingYear`,`majorStatus`,`checkStatus`,`checkType`,`checkMan`,`checkDate`,`refuseReason`,`relationId`,`isDelete`,`createMan`,`createDate`,`updateMan`,`updateDate`,`scheduleTime`,`trainingobjects`,`introduction`) values ('0043cc0e-de7a-4e3b-8605-9616b7ef4827','计算机学院',23,'12134','1011120','应用日语','语文','本科',4,2017,'启用','已通过','新增',NULL,NULL,NULL,NULL,NULL,'admin','2017-08-23 08:49:44',NULL,NULL,'周四3|周四4|周五2|周五3|周六1|周日1',NULL,NULL),('01a933bf-106a-4925-86f9-24b23a54a9b5','外语学院',6868,'888888888','1011121','蒙古语','语文','本科',4,2017,'停用','已通过','停用','超级管理员','2017-09-18 08:23:00',NULL,'','否',NULL,NULL,'admin','2017-09-18 08:21:57','周三1|周三2|周四3|周四4',NULL,NULL),('03271540-5aaa-42d3-80d0-11b4b716b3c6','计算机学院',2,'65123','1011122','网络通信','语文','本科',4,2016,'启用','已通过','新增',NULL,NULL,NULL,NULL,NULL,'12','2017-06-02 13:58:37',NULL,NULL,'周二4|周二5|周五4|周五5|周六3',NULL,NULL),('046a8a1e-f83c-46f1-ab48-186b4b58b572','计算机学院',20,'10001111','1011123','计算机科学技术','数学','本科',4,2015,'启用','已通过','启用',NULL,NULL,NULL,'','是',NULL,NULL,'t1234','2017-06-28 17:14:36','周六1|周六2|周六3|周六4|周六5|周日1|周日2|周日3|周日4|周日5',NULL,NULL),('2179959a-ad5c-11e7-be1f-408d5ce8eb96','计算机学院',23,'124','12412','235','语文','本科',4,4,'停用','未通过','停用',NULL,NULL,' 是','1f6c4ade-040a-4d71-be4a-48a0c30144dc','否',NULL,NULL,'admin','2017-10-10 09:41:26',NULL,'5','546'),('25414eb7-4926-44a7-b0f3-8b5ad81687d5','建筑学院',2,'2','1011124','天神专业','英语','专科',3,2017,'启用','已通过','启用','超级管理员','2017-08-24 15:13:24',NULL,'','否',NULL,NULL,'admin','2017-08-24 15:12:53','周一4|周二3|周三2|周三3',NULL,NULL),('2943b98b-b934-11e7-8c74-00acc501c3ab','计算机学院',213123,'21321','1011189','9876','地理','本科',44,4,'启用','未通过','删除',NULL,NULL,' 1','6fb8a9e0-beda-4de3-a145-c7e13178d014',NULL,NULL,NULL,'admin','2017-10-25 11:25:29',NULL,NULL,NULL),('31b328bf-7e3f-4cee-bcc1-18ff24f41a40','马克思主义学院',100,'110','1011125','无敌语文','语文','本科',3,3,'启用','已通过','新增',NULL,NULL,NULL,NULL,NULL,'admin','2017-08-21 10:25:25','admin','2017-08-21 10:26:48','周五3|周五4|周五5|周六2|周六3|周六4',NULL,NULL),('32b42736-ad60-11e7-be1f-408d5ce8eb96','计算机学院',213123,'21321','1011189','9876','地理','本科',44,4,'启用','未通过','启用',NULL,NULL,' 是','6fb8a9e0-beda-4de3-a145-c7e13178d014','否',NULL,NULL,'admin','2017-10-10 10:10:33',NULL,'40','4444'),('358091cc-7cc9-4728-b6a3-5347ea485c01','文理学院',1,'22311','1011126','法术专业','语文','本科',4,2017,'停用','已通过','停用','超级管理员','2017-08-24 15:13:24',NULL,'','否',NULL,NULL,'admin','2017-08-24 15:13:18','周一1|周二3|周五3',NULL,NULL),('36b53c96-1c5f-4074-89db-78c1ceef0f05','计算机学院',3,'4','1011127','计算机技术','数学','本科',4,2016,'启用','已通过','启用','超级管理员','2017-08-24 14:54:06',NULL,'','否',NULL,NULL,'admin','2017-08-24 14:53:40',NULL,NULL,NULL),('3904a64b-b933-11e7-8c74-00acc501c3ab','计算机学院',1,'666666','1011131','图形学','数学','本科',4,2017,'启用','未通过','删除',NULL,NULL,' 1','4ae9fcdb-9af1-44d7-a280-f38011244049',NULL,NULL,NULL,'admin','2017-10-25 11:18:46',NULL,NULL,NULL),('39f9d041-0265-49c3-a9ed-d1bdb9c2ed3d','外语学院',3,'110111','1011128','高级英语','英语','本科',4,2017,'启用','已通过','新增',NULL,NULL,NULL,NULL,NULL,'testadmin','2017-08-19 17:52:21',NULL,NULL,'周一1|周二3|周五3',NULL,NULL),('40d3dab0-68d3-4783-b031-7e3d25275914','计算机学院',56,'5467547','5474586','小宋健','地理','本科',4,2017,'启用','已通过','修改','超级管理员','2017-09-28 10:15:50',NULL,'','是',NULL,NULL,'admin','2017-09-26 10:36:35',NULL,'1','1'),('422a4839-eb1d-4da2-876f-6234f50092db','计算机学院',1,'001','1011129','软件工程','数学','本科',4,2017,'启用','已通过','启用','超级管理员','2017-10-10 09:49:52',NULL,'','否',NULL,NULL,'admin','2017-10-10 09:48:07',NULL,'',''),('47a143fe-a02a-11e7-ab7f-408d5ce8eb96','机械学院',2,'2','1011232','5','语文','本科',4,1993,'启用','未通过','删除',NULL,NULL,' ',NULL,NULL,NULL,NULL,NULL,'2017-09-23 14:41:50',NULL,NULL,NULL),('47aca677-a02a-11e7-ab7f-408d5ce8eb96','机械学院',6,'56','215422587','测量与控制','数学','本科',4,2015,'停用','未通过','删除',NULL,NULL,' ',NULL,NULL,NULL,NULL,NULL,'2017-09-23 14:41:50',NULL,NULL,NULL),('4ae9fcdb-9af1-44d7-a280-f38011244049','计算机学院',1,'666666','1011131','图形学','数学','本科',4,2017,'启用','已通过','修改','超级管理员','2017-10-25 11:22:05',NULL,'','是',NULL,NULL,'admin','2017-10-25 11:21:01',NULL,'123','124'),('4b088835-cf23-4647-9023-f2b9e185f973','自动化学院',3,'12234','43211','简单自动化','数学','专科',4,2017,'启用','已通过','启用',NULL,NULL,NULL,'','否',NULL,NULL,'1234','2017-08-24 13:52:26','周一1|周三3|周五4',NULL,NULL),('558eb930-0beb-4fda-87c4-cf5cc20bcc6d','信息管理与工程系',71300,'071300','0011120','信息管理与信息系统','数学','本科',45,2012,'启用','已通过','启用',NULL,NULL,NULL,'','否',NULL,NULL,'1234','2017-07-01 09:57:55','周六3|周六4|周六5|周日1|周日2',NULL,NULL),('6220518c-a50a-411d-a055-52f52667908f','机械学院',2,'2','1011232','5','语文','本科',4,1993,'启用','已通过','启用','超级管理员','2017-09-23 14:49:21',NULL,'','是',NULL,NULL,'admin','2017-09-23 14:49:11','周一1|周一2|周一3|周一4|周一5|周二1|周二2|周二3','sad','敖德萨所大啊实打实大阿萨德阿萨德阿萨德阿萨德adas大神大神大神大神大时代as大神大神大时代阿萨德as大时代阿萨德阿萨德阿萨德阿萨德as大神大神'),('6232fe4c-a295-11e7-9ac9-408d5ce8eb96','计算机学院',1,'123','123','123','语文','本科',4,1992,'停用','未通过','停用',NULL,NULL,'\nui和工和工  关于规范与 \n 员工和鬼购票以后会更好骗   ','c4d1ea74-b908-4d50-8977-0a5f1a3c873f','否',NULL,NULL,'admin','2017-09-26 16:33:33',NULL,'123','123123123'),('6488032e-6ce5-497b-8e0f-673cf78d6376','管理学院',6,'643435','234678','打宋健','语文','专科',4,2017,'启用','已通过','修改',NULL,NULL,NULL,'','是',NULL,NULL,'1234','2017-08-25 09:13:53','周一1|周三3|周五4',NULL,NULL),('6fb8a9e0-beda-4de3-a145-c7e13178d014','计算机学院',213123,'21321','1011189','9876','地理','本科',44,4,'启用','已通过','启用','超级管理员','2017-10-25 09:37:50',NULL,'','是',NULL,NULL,'admin','2017-10-25 09:37:32',NULL,'400','44442'),('6ffa2be5-ad61-11e7-be1f-408d5ce8eb96','计算机学院',213123,'21321','1011189','9876','地理','本科',44,4,'启用','未通过','启用',NULL,NULL,' 是','6fb8a9e0-beda-4de3-a145-c7e13178d014','否',NULL,NULL,'admin','2017-10-10 10:19:26',NULL,'40','4444'),('71881791-ad57-11e7-be1f-408d5ce8eb96','计算机学院',23,'124','12412','235','语文','本科',4,4,'停用','未通过','停用',NULL,NULL,' 萨达','1f6c4ade-040a-4d71-be4a-48a0c30144dc','否',NULL,NULL,'admin','2017-10-10 09:07:53',NULL,'5','546'),('79813106-8fdf-4f0a-8da2-0d1f86ba5c7d','计算机学院',23,'12314','1011190','日语商学院','语文','本科',4,2016,'启用','已通过','启用','超级管理员','2017-09-18 14:05:18',NULL,'','否',NULL,NULL,'admin','2017-09-18 14:05:02',NULL,'',''),('79e88566-a511-4294-b67e-db0b8ff7eb40','计算机学院',2,'0511','2551','计算机','语文','本科',3,2011,'启用','已通过','修改',NULL,NULL,NULL,'',NULL,NULL,NULL,'admin','2017-08-18 08:55:32','周一1|周三3|周五4',NULL,NULL),('7c4ee7cd-9be4-405c-80b4-1fbfeb1b6fa6','计算机学院',23,'2154','235','java基础','数学','本科',4,2017,'启用','已通过','新增','超级管理员','2017-10-10 08:44:43',NULL,NULL,NULL,'admin','2017-09-28 11:27:29',NULL,NULL,NULL,'4','4'),('7c9821be-453f-4723-aeb6-a8d628875d44','建筑学院',11,'11','1011189','体育1','语文','本科',1,1,'启用','已通过','新增',NULL,NULL,NULL,NULL,NULL,'admin','2017-05-12 17:22:47',NULL,NULL,'周六1|周六2|周六3|周六4|周六5|周日1|周日2|周日3|周日4|周日5',NULL,NULL),('8e91cf79-a1b9-11e7-ace9-408d5ce8eb96','机械学院',6,'56','215422587','测量与控制','数学','本科',4,2015,'启用','未通过','启用',NULL,NULL,' ','e1d8c62d-50e4-4874-b6c2-c5f54dfbae6f','否',NULL,NULL,'1234','2017-09-25 14:19:59',NULL,'',''),('940d4750-bbc9-4ac1-8914-86bfc38254a8','马克思主义学院',4,'10111101','10111101','数媒','地理','本科',3,4,'启用','已通过','修改',NULL,NULL,NULL,'','是',NULL,NULL,'admin','2017-08-15 16:35:38','周三2|周四3|周五3',NULL,NULL),('94f7ac87-b89c-11e7-8c74-00acc501c3ab','计算机学院',213123,'21321','1011189','9876','地理','本科',44,4,'停用','未通过','修改',NULL,NULL,' 788\n887\n更深刻地付款就爱上\n啊U如果佛V；入户品牌rg\n入团时间','6fb8a9e0-beda-4de3-a145-c7e13178d014',NULL,NULL,NULL,'admin','2017-10-24 17:20:26',NULL,'40','44442'),('98af6c99-5670-474e-b212-86fcc42ab814','文法学院',1,'002','1011199','英语专业','数学','本科',3,2017,'启用','已通过','修改',NULL,NULL,NULL,'',NULL,NULL,NULL,'admin','2017-08-15 16:40:03','周一1|周三2|周六5',NULL,NULL),('a31c53c3-df02-42ea-bd47-f0191f676f65','体育部',5,'333','555','体育啊啊啊','语文','本科',4,2015,'停用','已通过','停用','超级管理员','2017-08-24 15:13:24',NULL,'','否',NULL,NULL,'admin','2017-08-24 15:12:56','周一1|周二4|周三5',NULL,NULL),('a5971677-bb80-11e7-a338-00acc501c3ab','信息管理与工程系',71300,'071300','0011120','信息管理与信息系统','数学','本科',45,2012,'启用','待审核','删除',NULL,NULL,NULL,NULL,NULL,NULL,NULL,NULL,'2017-10-28 09:38:06',NULL,NULL,NULL),('a59c012f-bb80-11e7-a338-00acc501c3ab','自动化学院',3,'12234','43211','简单自动化','数学','专科',4,2017,'启用','待审核','删除',NULL,NULL,NULL,NULL,NULL,NULL,NULL,NULL,'2017-10-28 09:38:06',NULL,NULL,NULL),('b52d7459-0416-448b-8d4d-5460d75c5b2c','计算机学院',3,'001','1011100','计算机科学','语文','本科',4,2017,'启用','已通过','启用','超级管理员','2017-08-24 15:01:27',NULL,'','否',NULL,NULL,'admin','2017-08-24 15:00:59','周三1|周四3|周四4',NULL,NULL),('b5e3be1c-ad5c-11e7-be1f-408d5ce8eb96','计算机学院',23,'124','12412','235','语文','本科',4,4,'停用','未通过','停用',NULL,NULL,' 收到','1f6c4ade-040a-4d71-be4a-48a0c30144dc','否',NULL,NULL,'admin','2017-10-10 09:45:35',NULL,'5','546'),('b75006d4-bb80-11e7-a338-00acc501c3ab','建筑学院',2,'2','2','平面设计','语文','本科',2,2,'启用','待审核','删除',NULL,NULL,NULL,NULL,NULL,NULL,NULL,NULL,'2017-10-28 09:38:36',NULL,NULL,NULL),('b75187de-bb80-11e7-a338-00acc501c3ab','建筑学院',11,'11','1011189','体育1','语文','本科',1,1,'启用','待审核','删除',NULL,NULL,NULL,NULL,NULL,NULL,NULL,NULL,'2017-10-28 09:38:36',NULL,NULL,NULL),('b75309ee-bb80-11e7-a338-00acc501c3ab','建筑学院',2,'2','1011124','天神专业','英语','专科',3,2017,'启用','待审核','删除',NULL,NULL,NULL,NULL,NULL,NULL,NULL,NULL,'2017-10-28 09:38:36',NULL,NULL,NULL),('b754ab39-bb80-11e7-a338-00acc501c3ab','马克思主义学院',100,'110','1011125','无敌语文','语文','本科',3,3,'启用','待审核','删除',NULL,NULL,NULL,NULL,NULL,NULL,NULL,NULL,'2017-10-28 09:38:36',NULL,NULL,NULL),('b7564500-bb80-11e7-a338-00acc501c3ab','体育部',5,'333','555','体育啊啊啊','语文','本科',4,2015,'停用','待审核','删除',NULL,NULL,NULL,NULL,NULL,NULL,NULL,NULL,'2017-10-28 09:38:36',NULL,NULL,NULL),('b761fc77-18a4-4d7d-9f01-1626c8435717','文理学院',1,'54','ad','全能专业','语文','本科',4,2017,'启用','已通过','新增',NULL,NULL,NULL,NULL,'是','admin','2017-08-15 16:54:41',NULL,NULL,'周一1|周二4|周三5',NULL,NULL),('b7e1ca16-bb80-11e7-a338-00acc501c3ab','外语学院',3,'110111','110222','法语基础','英语','本科',4,2017,'启用','待审核','删除',NULL,NULL,NULL,NULL,NULL,NULL,NULL,NULL,'2017-10-28 09:38:37',NULL,NULL,NULL),('b7e3b812-bb80-11e7-a338-00acc501c3ab','外语学院',3,'110111','1011128','高级英语','英语','本科',4,2017,'启用','待审核','删除',NULL,NULL,NULL,NULL,NULL,NULL,NULL,NULL,'2017-10-28 09:38:37',NULL,NULL,NULL),('b7e5a6c8-bb80-11e7-a338-00acc501c3ab','外语学院',6868,'888888888','1011121','蒙古语','语文','本科',4,2017,'停用','待审核','删除',NULL,NULL,NULL,NULL,NULL,NULL,NULL,NULL,'2017-10-28 09:38:37',NULL,NULL,NULL),('b7e769b9-bb80-11e7-a338-00acc501c3ab','文法学院',1,'002','1011199','英语专业','数学','本科',3,2017,'启用','待审核','删除',NULL,NULL,NULL,NULL,NULL,NULL,NULL,NULL,'2017-10-28 09:38:37',NULL,NULL,NULL),('b7e94aac-bb80-11e7-a338-00acc501c3ab','文理学院',1,'22311','1011126','法术专业','语文','本科',4,2017,'停用','待审核','删除',NULL,NULL,NULL,NULL,NULL,NULL,NULL,NULL,'2017-10-28 09:38:37',NULL,NULL,NULL),('b86555f8-bb90-11e7-a338-00acc501c3ab','马克思主义学院',100,'110','1011125','无敌语文','语文','本科',3,3,'启用','待审核','删除',NULL,NULL,NULL,'31b328bf-7e3f-4cee-bcc1-18ff24f41a40',NULL,NULL,NULL,'1234','2017-10-28 11:33:10',NULL,NULL,NULL),('bae0a6c7-031c-4f36-b904-cb11e1ce4945','计算机学院',214,'5264135','532','计算机科学技术','数学','本科',4,4,'启用','已通过','新增','超级管理员','2017-09-28 11:30:52',NULL,NULL,NULL,'admin','2017-09-28 11:30:14',NULL,NULL,NULL,'22156','234'),('be31d13a-9193-405a-ba09-b859291a9ed7','外语学院',3,'110111','110222','法语基础','英语','本科',4,2017,'启用','已通过','新增',NULL,NULL,NULL,NULL,NULL,'testadmin','2017-08-19 17:51:23','testadmin','2017-08-19 17:52:28','周一1|周三2|周六5',NULL,NULL),('c4d1ea74-b908-4d50-8977-0a5f1a3c873f','计算机学院',12,'123456','123456','123456','语文','本科',4,1992,'启用','已通过','修改','超级管理员','2017-10-10 08:45:59',NULL,'','是',NULL,NULL,'admin','2017-10-10 08:45:09',NULL,'123456','123123123'),('c6238e1b-9f72-11e7-9cf4-408d5ce8eb96','机械学院',2,'2','1011232','5','语文','本科',4,1993,'启用','未通过','删除',NULL,NULL,' ',NULL,NULL,NULL,NULL,NULL,'2017-09-22 16:48:15',NULL,NULL,NULL),('c62dce26-9f72-11e7-9cf4-408d5ce8eb96','机械学院',6,'56','215422587','测量与控制','数学','本科',4,2015,'停用','未通过','删除',NULL,NULL,' \n8989',NULL,NULL,NULL,NULL,NULL,'2017-09-22 16:48:15',NULL,NULL,NULL),('d183506e-e29d-4a02-9002-796b47cfb7a0','文理学院',1,'1','1011020','大学物理','地理','本科',4,2016,'启用','已通过','新增',NULL,NULL,NULL,NULL,'是','admin','2017-07-01 14:07:06',NULL,NULL,'周三1|周四4',NULL,NULL),('d2c5ffe0-2a1c-11e7-8f54-00ac9c2c0afa','建筑学院',2,'2','2','平面设计','语文','本科',2,2,'启用','已通过','启用',NULL,NULL,NULL,'','否',NULL,NULL,'1234','2017-07-01 09:57:43','周六1|周六2|周六3|周六4|周六5|周日1|周日2|周日3|周日4|周日5',NULL,NULL),('d55d8b55-ad5f-11e7-be1f-408d5ce8eb96','计算机学院',213123,'21321','1011189','9876','地理','本科',44,4,'停用','未通过','停用',NULL,NULL,' 是','6fb8a9e0-beda-4de3-a145-c7e13178d014','否',NULL,NULL,'admin','2017-10-10 10:07:57',NULL,'40','4444'),('da6ea693-6e80-4e18-a313-8c188cf7e442','计算机学院',6,'9','56113212','电子信息','数学','本科',4,2017,'启用','已通过','新增',NULL,NULL,NULL,NULL,'是','12','2017-06-02 14:00:05',NULL,NULL,'周一1|周二4|周三5',NULL,NULL),('e1c747a1-bf6c-4bb3-858d-c4cde5d73743','计算机学院',1,'10111101','1011155','王者荣耀专业','数学','本科',4,2017,'启用','已通过','新增',NULL,NULL,NULL,NULL,'是','admin','2017-08-15 17:06:12',NULL,NULL,'周一1|周二3|周三4',NULL,NULL),('e1d8c62d-50e4-4874-b6c2-c5f54dfbae6f','机械学院',6,'56','215422587','测量与控制','数学','本科',4,2015,'启用','已通过','启用','超级管理员','2017-10-10 09:02:49',NULL,'','是',NULL,NULL,'admin','2017-10-10 09:02:41',NULL,'',''),('e4b947cd-0e17-11e7-843d-00ac9c2c0afa','建筑学院',1,'1','1011156','建筑系','语文','本科',4,1,'启用','已通过','修改',NULL,NULL,NULL,'',NULL,NULL,NULL,'超级管理员','2017-08-24 14:45:55','周一1|周二3|周三4',NULL,NULL),('e571dded-9f74-11e7-9cf4-408d5ce8eb96','机械学院',2,'2','1011232','5','语文','本科',4,1993,'启用','未通过','删除',NULL,NULL,' ',NULL,NULL,NULL,NULL,NULL,'2017-09-22 17:03:27',NULL,NULL,NULL),('e5731aa8-9f74-11e7-9cf4-408d5ce8eb96','机械学院',6,'56','215422587','测量与控制','数学','本科',4,2015,'停用','未通过','删除',NULL,NULL,'\n\n77974+974 ',NULL,NULL,NULL,NULL,NULL,'2017-09-22 17:03:27',NULL,NULL,NULL),('e8bd6b42-0614-4934-9819-51249e6c3a79','计算机学院',1,'1','1','啊实打实分析出V型','数学','专科',1,3221,'启用','已通过','启用','超级管理员','2017-10-24 14:48:38',NULL,'','是',NULL,NULL,'admin','2017-10-24 14:47:37',NULL,'12312414123','12123213213213213'),('f121c3da-a18c-11e7-bfee-408d5ce8eb96','机械学院',2,'2','1011232','5','语文','本科',4,1993,'启用','未通过','删除',NULL,NULL,' ','6220518c-a50a-411d-a055-52f52667908f',NULL,NULL,NULL,'admin','2017-09-25 09:00:37',NULL,NULL,NULL),('fb81d46c-ad5f-11e7-be1f-408d5ce8eb96','计算机学院',213123,'21321','1011189','9876','地理','本科',44,4,'启用','未通过','启用',NULL,NULL,' 是','6fb8a9e0-beda-4de3-a145-c7e13178d014','否',NULL,NULL,'admin','2017-10-10 10:09:01',NULL,'40','4444');

/*Table structure for table `majorrecord` */

DROP TABLE IF EXISTS `majorrecord`;

CREATE TABLE `majorrecord` (
  `id` varchar(45) NOT NULL COMMENT 'id',
  `majorId` varchar(45) DEFAULT NULL COMMENT '操作的专业id',
  `time` datetime DEFAULT NULL COMMENT '操作时间',
  `type` varchar(45) DEFAULT NULL COMMENT '操作类型',
  `result` varchar(45) DEFAULT NULL COMMENT '审核状态',
  `before` varchar(200) DEFAULT NULL COMMENT '修改之前的内容',
  `after` varchar(200) DEFAULT NULL COMMENT '修改之后的内容',
  PRIMARY KEY (`id`)
) ENGINE=InnoDB DEFAULT CHARSET=utf8mb4;

/*Data for the table `majorrecord` */

insert  into `majorrecord`(`id`,`majorId`,`time`,`type`,`result`,`before`,`after`) values ('14ca1c3e-b925-11e7-8c74-00acc501c3ab','6fb8a9e0-beda-4de3-a145-c7e13178d014','2017-10-25 09:37:32','启用','未通过','[{院(系)/部：计算机学院},{国标专业个数：213123},{国标专业代码：21321},{专业代码：1011189},{专业名称：9876},{所属学科：地理},{培养层次：本科},{学制：44},{设置年份：4},{专业状态：停用}]','[{院(系)/部：计算机学院},{国标专业个数：213123},{国标专业代码：21321},{专业代码：1011189},{专业名称：9876},{所属学科：地理},{培养层次：本科},{学制：44},{设置年份：4},{专业状态：启用}]'),('18aa29cb-b927-11e7-8c74-00acc501c3ab','dd36bb2e-ae60-11e7-a596-408d5ce8eb96','2017-10-25 09:51:58','修改','待审核','[{课程代码：1670860},{中文名称：大学日语s},{英文名称：daxueriyu},{承担单位：计算机学院},{课程类别三：课程课},{课程类别四：上机课},{课程类别五：计算机科学类},{总学分：5},{理论学分：null},{实践学分：null},{讲授学时：null},{实验学时：null},{上机学时：null},{其他学时：null},{总学时：10},{课程状态：启用}]','[{课程代码：1670860},{中文名称：大学日语s},{英文名称：daxueriyu},{承担单位：计算机学院},{课程类别三：课程课},{课程类别四：上机课},{课程类别五：计算机科学类},{总学分：5},{理论学分：},{实践学分：},{讲授学时：},{实验学时：},{上机学时：},{其他学时：},{总学时：2},{课程状态：启用}]'),('29441ac0-b934-11e7-8c74-00acc501c3ab','6fb8a9e0-beda-4de3-a145-c7e13178d014','2017-10-25 11:25:29','删除','未通过','[{院(系)/部：计算机学院},{国标专业个数：213123},{国标专业代码：21321},{专业代码：1011189},{专业名称：9876},{所属学科：地理},{培养层次：本科},{学制：44},{设置年份：4},{专业状态：启用}]',NULL),('3905835b-b933-11e7-8c74-00acc501c3ab','4ae9fcdb-9af1-44d7-a280-f38011244049','2017-10-25 11:18:46','删除','已通过','[{院(系)/部：计算机学院},{国标专业个数：1},{国标专业代码：666666},{专业代码：1011131},{专业名称：图形学},{所属学科：数学},{培养层次：本科},{学制：4},{设置年份：2017},{专业状态：启用}]',NULL),('3aa2325d-b934-11e7-8c74-00acc501c3ab','6fb8a9e0-beda-4de3-a145-c7e13178d014','2017-10-25 11:25:58','删除','待审核','[{院(系)/部：计算机学院},{国标专业个数：213123},{国标专业代码：21321},{专业代码：1011189},{专业名称：9876},{所属学科：地理},{培养层次：本科},{学制：44},{设置年份：4},{专业状态：启用}]',NULL),('3bda77d2-b887-11e7-8c74-00acc501c3ab','e8bd6b42-0614-4934-9819-51249e6c3a79','2017-10-24 14:47:37','启用','已通过','[{院(系)/部：计算机学院},{国标专业个数：1},{国标专业代码：1},{专业代码：1},{专业名称：啊实打实分析出V型},{所属学科：数学},{培养层次：专科},{学制：1},{设置年份：3221},{专业状态：停用}]','[{院(系)/部：计算机学院},{国标专业个数：1},{国标专业代码：1},{专业代码：1},{专业名称：啊实打实分析出V型},{所属学科：数学},{培养层次：专科},{学制：1},{设置年份：3221},{专业状态：启用}]'),('5b262f65-b89c-11e7-8c74-00acc501c3ab','6fb8a9e0-beda-4de3-a145-c7e13178d014','2017-10-24 17:18:49','修改','未通过','[{院(系)/部：计算机学院},{国标专业个数：213123},{国标专业代码：21321},{专业代码：1011189},{专业名称：9876},{所属学科：地理},{培养层次：本科},{学制：44},{设置年份：4},{专业状态：停用},{培养对象：40},{专业简介：4444}]','[{院(系)/部：计算机学院},{国标专业个数：213123},{国标专业代码：21321},{专业代码：1011189},{专业名称：9876},{所属学科：地理},{培养层次：本科},{学制：44},{设置年份：4},{专业状态：停用},{培养对象：400},{专业简介：44442}]'),('5d30c3bd-b927-11e7-8c74-00acc501c3ab','18a8fa7c-b927-11e7-8c74-00acc501c3ab','2017-10-25 09:53:53','删除','待审核','[{课程代码：1670860},{中文名称：大学日语s},{英文名称：daxueriyu},{承担单位：计算机学院},{课程类别三：课程课},{课程类别四：上机课},{课程类别五：计算机科学类},{总学分：5},{理论学分：},{实践学分：},{讲授学时：},{实验学时：},{上机学时：},{其他学时：},{总学时：2},{课程状态：启用}]',NULL),('73929ece-ba11-11e7-8c74-00acc501c3ab','e86e4a54-a3e8-11e7-b16f-408d5ce8eb96','2017-10-26 13:49:28','修改','待审核','[{课程代码：123124},{中文名称：测试经理},{英文名称：qwr},{承担单位：计算机学院},{课程类别三：课程课},{课程类别四：普通课},{课程类别五：计算机科学类},{总学分：1},{理论学分：null},{实践学分：null},{讲授学时：null},{实验学时：null},{上机学时：null},{其他学时：null},{总学时：2},{课程状态：启用}]','[{课程代码：123124},{中文名称：测试经理},{英文名称：qwr},{承担单位：计算机学院},{课程类别三：课程课},{课程类别四：普通课},{课程类别五：计算机科学类},{总学分：1},{理论学分：},{实践学分：},{讲授学时：},{实验学时：},{上机学时：},{其他学时：},{总学时：2},{课程状态：启用}]'),('7d245b8b-b927-11e7-8c74-00acc501c3ab','78aa8772-a257-11e7-9ac9-408d5ce8eb96','2017-10-25 09:54:46','删除','待审核','[{课程代码：1},{中文名称：8},{英文名称：},{承担单位：计算机学院},{课程类别三：课程课},{课程类别四：上机课},{课程类别五：自然科学类},{总学分：5},{理论学分：},{实践学分：},{讲授学时：},{实验学时：},{上机学时：},{其他学时：},{总学时：88},{课程状态：启用}]',NULL),('818b5719-aff7-11e7-ba56-408d5ce8eb96','dbf2044b-aff6-11e7-ba56-408d5ce8eb96','2017-10-13 17:18:42','修改','待审核','[{课程代码：121425},{中文名称：好利来},{英文名称：qwre},{承担单位：计算机学院},{课程类别三：课程课},{课程类别四：上机课},{课程类别五：自然科学类},{总学分：1},{理论学分：null},{实践学分：null},{讲授学时：null},{实验学时：null},{上机学时：null},{其他学时：null},{总学时：20},{课程状态：启用}]','[{课程代码：121425},{中文名称：好利来来来},{英文名称：qwre},{承担单位：计算机学院},{课程类别三：课程课},{课程类别四：上机课},{课程类别五：自然科学类},{总学分：1},{理论学分：},{实践学分：},{讲授学时：},{实验学时：},{上机学时：},{其他学时：},{总学时：20},{课程状态：启用}]'),('81c87445-b92e-11e7-8c74-00acc501c3ab','dd36bb2e-ae60-11e7-a596-408d5ce8eb96','2017-10-25 10:45:01','修改','待审核','[{课程代码：1670860},{中文名称：大学日语s},{英文名称：daxueriyu},{承担单位：计算机学院},{课程类别三：课程课},{课程类别四：上机课},{课程类别五：计算机科学类},{总学分：5},{理论学分：null},{实践学分：null},{讲授学时：null},{实验学时：null},{上机学时：null},{其他学时：null},{总学时：10},{课程状态：启用}]','[{课程代码：1670860},{中文名称：大学日语s},{英文名称：daxueriyu},{承担单位：计算机学院},{课程类别三：课程课},{课程类别四：上机课},{课程类别五：计算机科学类},{总学分：5},{理论学分：},{实践学分：},{讲授学时：},{实验学时：},{上机学时：},{其他学时：},{总学时：10},{课程状态：启用}]'),('89a23f76-b933-11e7-8c74-00acc501c3ab','4ae9fcdb-9af1-44d7-a280-f38011244049','2017-10-25 11:21:01','修改','已通过','[{院(系)/部：计算机学院},{国标专业个数：1},{国标专业代码：666666},{专业代码：1011131},{专业名称：图形学},{所属学科：数学},{培养层次：本科},{学制：4},{设置年份：2017},{专业状态：启用},{培养对象：null},{专业简介：null}]','[{院(系)/部：计算机学院},{国标专业个数：1},{国标专业代码：666666},{专业代码：1011131},{专业名称：图形学},{所属学科：数学},{培养层次：本科},{学制：4},{设置年份：2017},{专业状态：启用},{培养对象：123},{专业简介：124}]'),('95833d9e-b89c-11e7-8c74-00acc501c3ab','6fb8a9e0-beda-4de3-a145-c7e13178d014','2017-10-24 17:20:27','修改','未通过','[{院(系)/部：计算机学院},{国标专业个数：213123},{国标专业代码：21321},{专业代码：1011189},{专业名称：9876},{所属学科：地理},{培养层次：本科},{学制：44},{设置年份：4},{专业状态：停用},{培养对象：400},{专业简介：44442}]','[{院(系)/部：计算机学院},{国标专业个数：213123},{国标专业代码：21321},{专业代码：1011189},{专业名称：9876},{所属学科：地理},{培养层次：本科},{学制：44},{设置年份：4},{专业状态：停用},{培养对象：40},{专业简介：44442}]'),('a5982f44-bb80-11e7-a338-00acc501c3ab','558eb930-0beb-4fda-87c4-cf5cc20bcc6d','2017-10-28 09:38:06','删除','待审核','[{院(系)/部：信息管理与工程系},{国标专业个数：71300},{国标专业代码：071300},{专业代码：0011120},{专业名称：信息管理与信息系统},{所属学科：数学},{培养层次：本科},{学制：45},{设置年份：2012},{专业状态：启用}]',NULL),('a59c956b-bb80-11e7-a338-00acc501c3ab','4b088835-cf23-4647-9023-f2b9e185f973','2017-10-28 09:38:06','删除','待审核','[{院(系)/部：自动化学院},{国标专业个数：3},{国标专业代码：12234},{专业代码：43211},{专业名称：简单自动化},{所属学科：数学},{培养层次：专科},{学制：4},{设置年份：2017},{专业状态：启用}]',NULL),('b5d04cad-b933-11e7-8c74-00acc501c3ab','4ae9fcdb-9af1-44d7-a280-f38011244049','2017-10-25 11:22:15','删除','待审核','[{院(系)/部：计算机学院},{国标专业个数：1},{国标专业代码：666666},{专业代码：1011131},{专业名称：图形学},{所属学科：数学},{培养层次：本科},{学制：4},{设置年份：2017},{专业状态：启用}]',NULL),('b6a41d40-b890-11e7-8c74-00acc501c3ab','e8bd6b42-0614-4934-9819-51249e6c3a79','2017-10-24 15:55:29','删除','待审核','[{院(系)/部：计算机学院},{国标专业个数：1},{国标专业代码：1},{专业代码：1},{专业名称：啊实打实分析出V型},{所属学科：数学},{培养层次：专科},{学制：1},{设置年份：3221},{专业状态：启用}]',NULL),('b7509a59-bb80-11e7-a338-00acc501c3ab','d2c5ffe0-2a1c-11e7-8f54-00ac9c2c0afa','2017-10-28 09:38:36','删除','待审核','[{院(系)/部：建筑学院},{国标专业个数：2},{国标专业代码：2},{专业代码：2},{专业名称：平面设计},{所属学科：语文},{培养层次：本科},{学制：2},{设置年份：2},{专业状态：启用}]',NULL),('b75219ce-bb80-11e7-a338-00acc501c3ab','7c9821be-453f-4723-aeb6-a8d628875d44','2017-10-28 09:38:36','删除','待审核','[{院(系)/部：建筑学院},{国标专业个数：11},{国标专业代码：11},{专业代码：1011189},{专业名称：体育1},{所属学科：语文},{培养层次：本科},{学制：1},{设置年份：1},{专业状态：启用}]',NULL),('b7539f6e-bb80-11e7-a338-00acc501c3ab','25414eb7-4926-44a7-b0f3-8b5ad81687d5','2017-10-28 09:38:36','删除','待审核','[{院(系)/部：建筑学院},{国标专业个数：2},{国标专业代码：2},{专业代码：1011124},{专业名称：天神专业},{所属学科：英语},{培养层次：专科},{学制：3},{设置年份：2017},{专业状态：启用}]',NULL),('b7553c79-bb80-11e7-a338-00acc501c3ab','31b328bf-7e3f-4cee-bcc1-18ff24f41a40','2017-10-28 09:38:36','删除','待审核','[{院(系)/部：马克思主义学院},{国标专业个数：100},{国标专业代码：110},{专业代码：1011125},{专业名称：无敌语文},{所属学科：语文},{培养层次：本科},{学制：3},{设置年份：3},{专业状态：启用}]',NULL),('b756cfcc-bb80-11e7-a338-00acc501c3ab','a31c53c3-df02-42ea-bd47-f0191f676f65','2017-10-28 09:38:36','删除','待审核','[{院(系)/部：体育部},{国标专业个数：5},{国标专业代码：333},{专业代码：555},{专业名称：体育啊啊啊},{所属学科：语文},{培养层次：本科},{学制：4},{设置年份：2015},{专业状态：停用}]',NULL),('b7e271f4-bb80-11e7-a338-00acc501c3ab','be31d13a-9193-405a-ba09-b859291a9ed7','2017-10-28 09:38:37','删除','待审核','[{院(系)/部：外语学院},{国标专业个数：3},{国标专业代码：110111},{专业代码：110222},{专业名称：法语基础},{所属学科：英语},{培养层次：本科},{学制：4},{设置年份：2017},{专业状态：启用}]',NULL),('b7e46376-bb80-11e7-a338-00acc501c3ab','39f9d041-0265-49c3-a9ed-d1bdb9c2ed3d','2017-10-28 09:38:37','删除','待审核','[{院(系)/部：外语学院},{国标专业个数：3},{国标专业代码：110111},{专业代码：1011128},{专业名称：高级英语},{所属学科：英语},{培养层次：本科},{学制：4},{设置年份：2017},{专业状态：启用}]',NULL),('b7e63e43-bb80-11e7-a338-00acc501c3ab','01a933bf-106a-4925-86f9-24b23a54a9b5','2017-10-28 09:38:37','删除','待审核','[{院(系)/部：外语学院},{国标专业个数：6868},{国标专业代码：888888888},{专业代码：1011121},{专业名称：蒙古语},{所属学科：语文},{培养层次：本科},{学制：4},{设置年份：2017},{专业状态：停用}]',NULL),('b7e812a2-bb80-11e7-a338-00acc501c3ab','98af6c99-5670-474e-b212-86fcc42ab814','2017-10-28 09:38:37','删除','待审核','[{院(系)/部：文法学院},{国标专业个数：1},{国标专业代码：002},{专业代码：1011199},{专业名称：英语专业},{所属学科：数学},{培养层次：本科},{学制：3},{设置年份：2017},{专业状态：启用}]',NULL),('b7e9e5f6-bb80-11e7-a338-00acc501c3ab','358091cc-7cc9-4728-b6a3-5347ea485c01','2017-10-28 09:38:37','删除','待审核','[{院(系)/部：文理学院},{国标专业个数：1},{国标专业代码：22311},{专业代码：1011126},{专业名称：法术专业},{所属学科：语文},{培养层次：本科},{学制：4},{设置年份：2017},{专业状态：停用}]',NULL),('b866872f-bb90-11e7-a338-00acc501c3ab','31b328bf-7e3f-4cee-bcc1-18ff24f41a40','2017-10-28 11:33:10','删除','待审核','[{院(系)/部：马克思主义学院},{国标专业个数：100},{国标专业代码：110},{专业代码：1011125},{专业名称：无敌语文},{所属学科：语文},{培养层次：本科},{学制：3},{设置年份：3},{专业状态：启用}]',NULL),('eb580c87-b933-11e7-8c74-00acc501c3ab','40d3dab0-68d3-4783-b031-7e3d25275914','2017-10-25 11:23:45','删除','待审核','[{院(系)/部：计算机学院},{国标专业个数：56},{国标专业代码：5467547},{专业代码：5474586},{专业名称：小宋健},{所属学科：地理},{培养层次：本科},{学制：4},{设置年份：2017},{专业状态：启用}]',NULL);

/*Table structure for table `majorterracecourse` */

DROP TABLE IF EXISTS `majorterracecourse`;

CREATE TABLE `majorterracecourse` (
  `mtc_id` varchar(45) NOT NULL,
  `majorId` varchar(45) DEFAULT NULL COMMENT '专业ID',
  `terraceId` varchar(45) DEFAULT NULL COMMENT '平台id',
  `courseId` varchar(45) DEFAULT NULL COMMENT '课程id',
  `mtc_grade` varchar(45) DEFAULT NULL COMMENT '年级',
  `mtc_checkWay` varchar(45) DEFAULT NULL COMMENT '(删)考核方式',
  `mtc_courseTerm` varchar(45) DEFAULT NULL COMMENT '课程学期',
  `mtc_majorWay` varchar(45) DEFAULT NULL COMMENT '主修/辅修',
  `mtc_note` varchar(45) DEFAULT NULL COMMENT '备注',
  `mtc_checkStatus` varchar(45) DEFAULT NULL COMMENT '审核状态:待审核/已通过/未通过',
  `mtc_checkType` varchar(45) DEFAULT NULL COMMENT '审核类别:新增/修改/删除/停启用',
  `mtc_refuseReason` varchar(45) DEFAULT NULL COMMENT '拒绝原因',
  `mtc_relationId` varchar(45) DEFAULT NULL COMMENT '关联ID',
  `mtc_isDelete` varchar(45) DEFAULT NULL COMMENT '是否删除',
  `mtc_setman` varchar(45) DEFAULT NULL COMMENT '设置人',
  `mtc_settime` datetime DEFAULT NULL COMMENT '设置时间',
  PRIMARY KEY (`mtc_id`)
) ENGINE=InnoDB DEFAULT CHARSET=utf8mb4;

/*Data for the table `majorterracecourse` */

insert  into `majorterracecourse`(`mtc_id`,`majorId`,`terraceId`,`courseId`,`mtc_grade`,`mtc_checkWay`,`mtc_courseTerm`,`mtc_majorWay`,`mtc_note`,`mtc_checkStatus`,`mtc_checkType`,`mtc_refuseReason`,`mtc_relationId`,`mtc_isDelete`,`mtc_setman`,`mtc_settime`) values ('03beb2ca-9914-11e7-bfa0-408d5ce8eb96','046a8a1e-f83c-46f1-ab48-186b4b58b572','e2845cff-4aa8-11e7-8629-d8cb8ab8c894','85895a4a-9913-11e7-bfa0-408d5ce8eb96','2017',NULL,'2018/2019第一学期',NULL,'起违反更改该','已通过','修改',NULL,'','是','admin','2017-10-09 11:49:47'),('08cb83ab-b9eb-11e7-8c74-00acc501c3ab','bae0a6c7-031c-4f36-b904-cb11e1ce4945','e2845cff-4aa8-11e7-8629-d8cb8ab8c894','dbf2044b-aff6-11e7-ba56-408d5ce8eb96','2015',NULL,'2018/2019第一学期','通识必修','99','待审核','新增',NULL,NULL,NULL,'admin','2017-10-26 09:14:28'),('090b9967-86d3-11e7-98c2-408d5ce8eb96','046a8a1e-f83c-46f1-ab48-186b4b58b572','e2845cff-4aa8-11e7-8629-d8cb8ab8c894','4df105c9-5f4b-4dd6-b886-8eb63de437a9','2017',NULL,'2016/2017第一学期','主修',NULL,'已通过','新增',NULL,NULL,NULL,'1234','2017-08-22 08:44:20'),('099aedf6-5d3c-11e7-9094-d8cb8ab8c894','046a8a1e-f83c-46f1-ab48-186b4b58b572','e2845cff-4aa8-11e7-8629-d8cb8ab8c894','6a23b5e6-5db8-441b-8569-f7e39272a4f0','2017',NULL,'2016/2017第二学期','辅修',NULL,'已通过','修改',NULL,'','是','1234','2017-08-21 14:38:01'),('0dc82690-9c0b-11e7-95ae-408d5ce8eb96','046a8a1e-f83c-46f1-ab48-186b4b58b572','e2845cff-4aa8-11e7-8629-d8cb8ab8c894','cc1ed133-9c0a-11e7-95ae-408d5ce8eb96','2017',NULL,'2018/2019第一学期','辅修','阿萨德','已通过','修改',NULL,'',NULL,'admin','2017-09-22 14:32:31'),('17a446d5-98f3-11e7-bfa0-408d5ce8eb96','046a8a1e-f83c-46f1-ab48-186b4b58b572','e2845cff-4aa8-11e7-8629-d8cb8ab8c894','7ab0b0c2-98f2-11e7-bfa0-408d5ce8eb96','2017',NULL,'2018/2019第一学期','主修',NULL,'已通过','新增',NULL,NULL,NULL,'1234','2017-09-14 10:19:09'),('1d338dba-a001-11e7-ab7f-408d5ce8eb96','046a8a1e-f83c-46f1-ab48-186b4b58b572','e2845cff-4aa8-11e7-8629-d8cb8ab8c894','ef882aef-9ffa-11e7-ab7f-408d5ce8eb96','2017',NULL,'2018/2019第一学期','通识必修',NULL,'已通过','新增',NULL,NULL,NULL,'1234','2017-09-23 09:47:10'),('1eff2506-b9ec-11e7-8c74-00acc501c3ab','bae0a6c7-031c-4f36-b904-cb11e1ce4945','e2845cff-4aa8-11e7-8629-d8cb8ab8c894','41e29499-b9eb-11e7-8c74-00acc501c3ab','2017',NULL,'2018/2019第一学期','通识必修','660','已通过','新增',NULL,NULL,NULL,'1234','2017-10-26 09:22:15'),('208765bd-9f4b-11e7-b557-408d5ce8eb96','be31d13a-9193-405a-ba09-b859291a9ed7','e2845cff-4aa8-11e7-8629-d8cb8ab8c894','bf4aa735-9823-11e7-a287-408d5ce8eb96','2016',NULL,'2018/2019第一学期','必修','','已通过','修改',NULL,'',NULL,'admin','2017-09-22 12:05:44'),('2c3d8a44-affd-11e7-ba56-408d5ce8eb96','bae0a6c7-031c-4f36-b904-cb11e1ce4945','e2845cff-4aa8-11e7-8629-d8cb8ab8c894','f64e6c9a-affc-11e7-ba56-408d5ce8eb96','2017',NULL,'2018/2019第一学期','通识必修',NULL,'已通过','新增',NULL,NULL,NULL,'1234','2017-10-13 17:59:16'),('2e29986b-985d-11e7-a287-408d5ce8eb96','046a8a1e-f83c-46f1-ab48-186b4b58b572','e2845cff-4aa8-11e7-8629-d8cb8ab8c894','f81b53d7-1a80-4fe5-94d0-20805c902c19','2017',NULL,'2017/2018第一学期','主修',NULL,'未通过','删除','4564654','7d7c5256-978e-11e7-8989-408d5ce8eb96',NULL,'1234','2017-09-13 16:26:03'),('2e70bd40-a423-11e7-b16f-408d5ce8eb96','bae0a6c7-031c-4f36-b904-cb11e1ce4945','e2845cff-4aa8-11e7-8629-d8cb8ab8c894','a83ebb73-a3e9-11e7-b16f-408d5ce8eb96','2017',NULL,'2018/2019第一学期','通识必修',NULL,'已通过','新增',NULL,NULL,NULL,'admin','2017-09-28 16:01:06'),('2fa865b7-a000-11e7-ab7f-408d5ce8eb96','046a8a1e-f83c-46f1-ab48-186b4b58b572','e2845cff-4aa8-11e7-8629-d8cb8ab8c894','e352b49b-9ffa-11e7-ab7f-408d5ce8eb96','2017',NULL,'2018/2019第一学期','学院层面必修','11','已通过','新增',NULL,NULL,NULL,'1234','2017-09-23 09:40:31'),('30a46f47-a42b-11e7-b16f-408d5ce8eb96','bae0a6c7-031c-4f36-b904-cb11e1ce4945','e2845cff-4aa8-11e7-8629-d8cb8ab8c894','fa4da86d-a42a-11e7-b16f-408d5ce8eb96','2017',NULL,'2018/2019第一学期','通识必修',NULL,'已通过','新增',NULL,NULL,NULL,'1234','2017-09-28 16:58:26'),('31f104f0-aca3-11e7-8b5c-408d5ce8eb96','046a8a1e-f83c-46f1-ab48-186b4b58b572','e2845cff-4aa8-11e7-8629-d8cb8ab8c894','7ab0b0c2-98f2-11e7-bfa0-408d5ce8eb96','2017',NULL,'2018/2019第一学期','主修','','未通过','删除',' 阿萨德','17a446d5-98f3-11e7-bfa0-408d5ce8eb96',NULL,'admin','2017-10-09 11:37:37'),('32daa0d1-93b1-11e7-99b0-408d5ce8eb96','39f9d041-0265-49c3-a9ed-d1bdb9c2ed3d','e2845cff-4aa8-11e7-8629-d8cb8ab8c894','733d98b2-86e3-11e7-98c2-408d5ce8eb96','2017',NULL,'2016/2017第一学期','主修','主修加油！','已通过','新增',NULL,NULL,NULL,'220520032','2017-09-07 17:44:52'),('3512b26f-98f1-11e7-bfa0-408d5ce8eb96','046a8a1e-f83c-46f1-ab48-186b4b58b572','e2845cff-4aa8-11e7-8629-d8cb8ab8c894','769a99aa-98f0-11e7-bfa0-408d5ce8eb96','2017',NULL,'2017/2018第一学期','辅修','123','已通过','修改',NULL,'',NULL,'admin','2017-09-22 14:31:53'),('3a17c75b-b881-11e7-8c74-00acc501c3ab','bae0a6c7-031c-4f36-b904-cb11e1ce4945','e2845cff-4aa8-11e7-8629-d8cb8ab8c894','a6f0e253-b880-11e7-8c74-00acc501c3ab','2017',NULL,'2018/2019第一学期','通识必修',NULL,'已通过','新增',NULL,NULL,NULL,'1234','2017-10-24 14:04:37'),('3b09e25a-86e1-11e7-98c2-408d5ce8eb96','39f9d041-0265-49c3-a9ed-d1bdb9c2ed3d','e2845cff-4aa8-11e7-8629-d8cb8ab8c894','5d1cae96-86d9-11e7-98c2-408d5ce8eb96','2016',NULL,'2016/2017第一学期','主修',NULL,'已通过','新增',NULL,NULL,NULL,'220520032','2017-08-22 10:25:57'),('41e1b8a8-a009-11e7-ab7f-408d5ce8eb96','046a8a1e-f83c-46f1-ab48-186b4b58b572','e2845cff-4aa8-11e7-8629-d8cb8ab8c894','14f0142a-a009-11e7-ab7f-408d5ce8eb96','2017',NULL,'2018/2019第一学期','通识必修',NULL,'已通过','新增',NULL,NULL,NULL,'1234','2017-09-23 10:45:27'),('49189c8d-5e2a-11e7-bdf5-00ac9c2c0afa','046a8a1e-f83c-46f1-ab48-186b4b58b572','e2845cff-4aa8-11e7-8629-d8cb8ab8c894','6a23b5e6-5db8-441b-8569-f7e39272a4f0','2018','笔试','2016/2017第二学期','主修',NULL,'未通过','修改','1','a6a80a50-5d3b-11e7-9094-d8cb8ab8c894',NULL,'admin','2017-07-01 14:55:40'),('4bcd92f2-ae65-11e7-a596-408d5ce8eb96','046a8a1e-f83c-46f1-ab48-186b4b58b572','e2845cff-4aa8-11e7-8629-d8cb8ab8c894','cc1ed133-9c0a-11e7-95ae-408d5ce8eb96','2017',NULL,'2018/2019第一学期',NULL,'阿萨德','待审核','修改',NULL,'0dc82690-9c0b-11e7-95ae-408d5ce8eb96',NULL,'admin','2017-10-11 17:19:34'),('4d3c5e2d-affc-11e7-ba56-408d5ce8eb96','bae0a6c7-031c-4f36-b904-cb11e1ce4945','e2845cff-4aa8-11e7-8629-d8cb8ab8c894','b1834ef3-aff7-11e7-ba56-408d5ce8eb96','2017',NULL,'2018/2019第一学期','通识必修',NULL,'待审核','新增',NULL,NULL,NULL,'1234','2017-10-13 17:53:02'),('570d4892-a001-11e7-ab7f-408d5ce8eb96','046a8a1e-f83c-46f1-ab48-186b4b58b572','e2845cff-4aa8-11e7-8629-d8cb8ab8c894','ab11d52c-9ffa-11e7-ab7f-408d5ce8eb96','2017',NULL,'2018/2019第一学期','通识必修',NULL,'已通过','新增',NULL,NULL,NULL,'1234','2017-09-23 09:48:47'),('5891047a-86ea-11e7-98c2-408d5ce8eb96','39f9d041-0265-49c3-a9ed-d1bdb9c2ed3d','e2845cff-4aa8-11e7-8629-d8cb8ab8c894','733d98b2-86e3-11e7-98c2-408d5ce8eb96','2017',NULL,'2017/2018第一学期','主修',NULL,'已通过','修改',NULL,'',NULL,'admin','2017-09-13 10:30:25'),('6444442f-a001-11e7-ab7f-408d5ce8eb96','046a8a1e-f83c-46f1-ab48-186b4b58b572','e2845cff-4aa8-11e7-8629-d8cb8ab8c894','ba0bd5e2-9ffa-11e7-ab7f-408d5ce8eb96','2017',NULL,'2018/2019第一学期','通识必修',NULL,'已通过','新增',NULL,NULL,NULL,'1234','2017-09-23 09:49:09'),('69028166-9f5e-11e7-9cf4-408d5ce8eb96','046a8a1e-f83c-46f1-ab48-186b4b58b572','e2845cff-4aa8-11e7-8629-d8cb8ab8c894','f954d5b0-84c1-11e7-8102-408d5ce8eb96','2016',NULL,'2016/2017第一学期','主修','大神','已通过','新增',NULL,NULL,NULL,'admin','2017-09-22 14:22:29'),('692ae94e-aca4-11e7-8b5c-408d5ce8eb96','046a8a1e-f83c-46f1-ab48-186b4b58b572','e2845cff-4aa8-11e7-8629-d8cb8ab8c894','85895a4a-9913-11e7-bfa0-408d5ce8eb96','2017',NULL,'2018/2019第一学期',NULL,'','未通过','修改',' 收到','03beb2ca-9914-11e7-bfa0-408d5ce8eb96',NULL,'admin','2017-10-09 11:46:19'),('6e88730a-a000-11e7-ab7f-408d5ce8eb96','046a8a1e-f83c-46f1-ab48-186b4b58b572','e2845cff-4aa8-11e7-8629-d8cb8ab8c894','d56e8076-9ffa-11e7-ab7f-408d5ce8eb96','2017',NULL,'2018/2019第一学期','通识必修',NULL,'已通过','新增',NULL,NULL,NULL,'1234','2017-09-23 09:42:17'),('70b25159-5d54-11e7-9094-d8cb8ab8c894','98af6c99-5670-474e-b212-86fcc42ab814','e2845cff-4aa8-11e7-8629-d8cb8ab8c894','e64bd713-7529-4387-bc72-ef587edeb8f2','2017','笔试','2016/2017第二学期','主修',NULL,'已通过','新增',NULL,NULL,NULL,'t1234','2017-06-30 13:24:27'),('72d58ad5-83eb-11e7-b662-408d5ce8eb96','046a8a1e-f83c-46f1-ab48-186b4b58b572','e2845cff-4aa8-11e7-8629-d8cb8ab8c894','f81b53d7-1a80-4fe5-94d0-20805c902c19','2017',NULL,'2016/2017第一学期','主修',NULL,'已通过','新增',NULL,NULL,NULL,'admin','2017-08-18 16:01:32'),('78270635-9f4a-11e7-b557-408d5ce8eb96','be31d13a-9193-405a-ba09-b859291a9ed7','e2845cff-4aa8-11e7-8629-d8cb8ab8c894','5d1cae96-86d9-11e7-98c2-408d5ce8eb96','2017',NULL,'2017/2018第一学期','专业内必修',NULL,'已通过','新增',NULL,NULL,NULL,'admin','2017-09-22 11:59:45'),('7ba6785d-98f4-11e7-bfa0-408d5ce8eb96','046a8a1e-f83c-46f1-ab48-186b4b58b572','e2845cff-4aa8-11e7-8629-d8cb8ab8c894','085c8107-98f4-11e7-bfa0-408d5ce8eb96','2017',NULL,'2018/2019第一学期','主修',NULL,'已通过','新增',NULL,NULL,NULL,'1234','2017-09-14 10:29:07'),('7d7c5256-978e-11e7-8989-408d5ce8eb96','046a8a1e-f83c-46f1-ab48-186b4b58b572','e2845cff-4aa8-11e7-8629-d8cb8ab8c894','f81b53d7-1a80-4fe5-94d0-20805c902c19','2017',NULL,'2017/2018第一学期','主修',NULL,'已通过','修改',NULL,'',NULL,'1234','2017-09-13 16:31:15'),('80db6d2f-9829-11e7-a287-408d5ce8eb96','79813106-8fdf-4f0a-8da2-0d1f86ba5c7d','28842a4d-879d-11e7-85a7-408d5ce8eb96','9cb35f76-60cd-4c81-8420-47cb8718a49f','2015',NULL,'2016/2017第一学期','主修',NULL,'已通过','新增',NULL,NULL,NULL,'admin','2017-09-13 10:16:08'),('80e72b1e-9f5e-11e7-9cf4-408d5ce8eb96','046a8a1e-f83c-46f1-ab48-186b4b58b572','e2845cff-4aa8-11e7-8629-d8cb8ab8c894','4cd49ba0-9e6a-11e7-bfbd-408d5ce8eb96','2017',NULL,'2018/2019第二学期','主修','sj的测试','已通过','新增',NULL,NULL,NULL,'admin','2017-09-22 14:23:09'),('87240bab-a400-11e7-b16f-408d5ce8eb96','bae0a6c7-031c-4f36-b904-cb11e1ce4945','d931469c-a3ff-11e7-b16f-408d5ce8eb96','27171da0-a3e9-11e7-b16f-408d5ce8eb96','2017',NULL,'2016/2017第二学期','学院层面必修',NULL,'已通过','新增',NULL,NULL,NULL,'1234','2017-09-28 11:53:03'),('8a617168-9e6a-11e7-bfbd-408d5ce8eb96','046a8a1e-f83c-46f1-ab48-186b4b58b572','e2845cff-4aa8-11e7-8629-d8cb8ab8c894','4cd49ba0-9e6a-11e7-bfbd-408d5ce8eb96','2017',NULL,'2018/2019第一学期','主修','we','已通过','新增',NULL,NULL,NULL,'1234','2017-09-21 09:16:48'),('8c634b2c-a425-11e7-b16f-408d5ce8eb96','bae0a6c7-031c-4f36-b904-cb11e1ce4945','e2845cff-4aa8-11e7-8629-d8cb8ab8c894','e86e4a54-a3e8-11e7-b16f-408d5ce8eb96','2017',NULL,'2018/2019第一学期','学院层面必修',NULL,'已通过','新增',NULL,NULL,NULL,'admin','2017-09-28 16:18:03'),('994863fb-9916-11e7-bfa0-408d5ce8eb96','046a8a1e-f83c-46f1-ab48-186b4b58b572','e2845cff-4aa8-11e7-8629-d8cb8ab8c894','1ffd41aa-9916-11e7-bfa0-408d5ce8eb96','2017',NULL,'2018/2019第一学期','主修',NULL,'已通过','新增',NULL,NULL,NULL,'1234','2017-09-14 14:33:19'),('a292f7c5-978e-11e7-8989-408d5ce8eb96','046a8a1e-f83c-46f1-ab48-186b4b58b572','e2845cff-4aa8-11e7-8629-d8cb8ab8c894','6a23b5e6-5db8-441b-8569-f7e39272a4f0','2017',NULL,'2017/2018第一学期','主修',NULL,'已通过','新增',NULL,NULL,'是','1234','2017-09-12 15:47:32'),('a6a80a50-5d3b-11e7-9094-d8cb8ab8c894','046a8a1e-f83c-46f1-ab48-186b4b58b572','e2845cff-4aa8-11e7-8629-d8cb8ab8c894','6a23b5e6-5db8-441b-8569-f7e39272a4f0','2018',NULL,'2016/2017第二学期','主修','','已通过','修改',NULL,'',NULL,'1234','2017-09-09 11:30:19'),('acb77a44-9789-11e7-8989-408d5ce8eb96','e8bd6b42-0614-4934-9819-51249e6c3a79','28842a4d-879d-11e7-85a7-408d5ce8eb96','65ca2979-84c1-11e7-8102-408d5ce8eb96','2014',NULL,'2016/2017第一学期','主修',NULL,'已通过','新增',NULL,NULL,NULL,'1234','2017-09-12 15:12:02'),('ae480e8d-5d3b-11e7-9094-d8cb8ab8c894','046a8a1e-f83c-46f1-ab48-186b4b58b572','e2845cff-4aa8-11e7-8629-d8cb8ab8c894','f81b53d7-1a80-4fe5-94d0-20805c902c19','2018','笔试','2016/2017第二学期','主修',NULL,'已通过','新增',NULL,NULL,NULL,'t1234','2017-06-30 10:27:13'),('b109ab32-b855-11e7-8c74-00acc501c3ab','bae0a6c7-031c-4f36-b904-cb11e1ce4945','e2845cff-4aa8-11e7-8629-d8cb8ab8c894','dbf2044b-aff6-11e7-ba56-408d5ce8eb96','2017',NULL,'2018/2019第一学期','通识必修',NULL,'已通过','新增',NULL,NULL,NULL,'1234','2017-10-24 08:52:59'),('b474f1ca-5d3b-11e7-9094-d8cb8ab8c894','046a8a1e-f83c-46f1-ab48-186b4b58b572','e2845cff-4aa8-11e7-8629-d8cb8ab8c894','64cabfac-647c-48d2-b4ca-1e79dd15353a','2016','笔试','2016/2017第二学期','主修','','已通过','修改',NULL,'',NULL,'admin','2017-07-01 14:55:42'),('b96ecd1e-9f62-11e7-9cf4-408d5ce8eb96','046a8a1e-f83c-46f1-ab48-186b4b58b572','e2845cff-4aa8-11e7-8629-d8cb8ab8c894','badd2562-9f60-11e7-9cf4-408d5ce8eb96','2017',NULL,'2018/2019第一学期','主修',NULL,'已通过','新增',NULL,NULL,NULL,'1234','2017-09-22 14:53:22'),('bae2f531-5d3b-11e7-9094-d8cb8ab8c894','046a8a1e-f83c-46f1-ab48-186b4b58b572','e2845cff-4aa8-11e7-8629-d8cb8ab8c894','9cb35f76-60cd-4c81-8420-47cb8718a49f','2017','笔试','2016/2017第二学期','主修',NULL,'已通过','新增',NULL,NULL,NULL,'t1234','2017-06-30 10:27:34'),('bdf1b8c5-86de-11e7-98c2-408d5ce8eb96','39f9d041-0265-49c3-a9ed-d1bdb9c2ed3d','bbdf1c4d-86d3-11e7-98c2-408d5ce8eb96','5d1cae96-86d9-11e7-98c2-408d5ce8eb96','2017',NULL,'2017/2018第一学期','主修',NULL,'已通过','新增',NULL,NULL,NULL,'220520032','2017-08-22 10:08:08'),('c20b3813-5d3b-11e7-9094-d8cb8ab8c894','98af6c99-5670-474e-b212-86fcc42ab814','e2845cff-4aa8-11e7-8629-d8cb8ab8c894','1c012ef5-cedd-4a4d-83f5-3961f1c39093','2017','笔试','2016/2017第二学期','主修',NULL,'已通过','新增',NULL,NULL,NULL,'t1234','2017-06-30 10:27:46'),('c790bc67-5d3b-11e7-9094-d8cb8ab8c894','422a4839-eb1d-4da2-876f-6234f50092db','e2845cff-4aa8-11e7-8629-d8cb8ab8c894','6a23b5e6-5db8-441b-8569-f7e39272a4f0','2016','笔试','2016/2017第二学期','主修',NULL,'已通过','新增',NULL,NULL,NULL,'t1234','2017-06-30 10:27:56'),('ce3374ce-5d3b-11e7-9094-d8cb8ab8c894','422a4839-eb1d-4da2-876f-6234f50092db','e2845cff-4aa8-11e7-8629-d8cb8ab8c894','9cb35f76-60cd-4c81-8420-47cb8718a49f','2017','笔试','2016/2017第二学期','主修',NULL,'已通过','新增',NULL,NULL,NULL,'t1234','2017-06-30 10:28:07'),('d4d82dae-9d9f-11e7-8ad7-408d5ce8eb96','046a8a1e-f83c-46f1-ab48-186b4b58b572','e2845cff-4aa8-11e7-8629-d8cb8ab8c894','8faa6c80-9d9f-11e7-8ad7-408d5ce8eb96','2017',NULL,'2018/2019第一学期','辅修','dd','已通过','修改',NULL,'',NULL,'admin','2017-09-22 14:35:31'),('dbbd8f6d-5d3b-11e7-9094-d8cb8ab8c894','046a8a1e-f83c-46f1-ab48-186b4b58b572','e2845cff-4aa8-11e7-8629-d8cb8ab8c894','5c28949b-68d8-4881-b89d-466e5fe7083d','2017','笔试','2016/2017第二学期','主修',NULL,'已通过','新增',NULL,NULL,NULL,'t1234','2017-06-30 10:28:29'),('e00bffaa-b9ea-11e7-8c74-00acc501c3ab','bae0a6c7-031c-4f36-b904-cb11e1ce4945','e2845cff-4aa8-11e7-8629-d8cb8ab8c894','a6f0e253-b880-11e7-8c74-00acc501c3ab','2015',NULL,'2018/2019第一学期','通识必修','66','待审核','新增',NULL,NULL,NULL,'admin','2017-10-26 09:13:20'),('e2fe2683-5d3b-11e7-9094-d8cb8ab8c894','046a8a1e-f83c-46f1-ab48-186b4b58b572','e2845cff-4aa8-11e7-8629-d8cb8ab8c894','f81b53d7-1a80-4fe5-94d0-20805c902c19','2017','笔试','2016/2017第二学期','主修',NULL,'已通过','新增',NULL,NULL,NULL,'t1234','2017-06-30 10:28:42'),('e596635d-99d9-11e7-bd45-408d5ce8eb96','046a8a1e-f83c-46f1-ab48-186b4b58b572','e2845cff-4aa8-11e7-8629-d8cb8ab8c894','ee2f510f-99d8-11e7-bd45-408d5ce8eb96','2017',NULL,'2018/2019第一学期','辅修','宋健的测试计划','已通过','修改',NULL,'',NULL,'admin','2017-09-22 14:36:26'),('eb3e90ad-5d3b-11e7-9094-d8cb8ab8c894','98af6c99-5670-474e-b212-86fcc42ab814','e2845cff-4aa8-11e7-8629-d8cb8ab8c894','e64bd713-7529-4387-bc72-ef587edeb8f2','2017','笔试','2016/2017第二学期','主修',NULL,'已通过','新增',NULL,NULL,NULL,'t1234','2017-06-30 10:28:55'),('ebc46517-9d1b-11e7-a67a-408d5ce8eb96','046a8a1e-f83c-46f1-ab48-186b4b58b572','e2845cff-4aa8-11e7-8629-d8cb8ab8c894','6db09320-9d1b-11e7-a67a-408d5ce8eb96','2017',NULL,'2018/2019第一学期','辅修','啊实打实大','已通过','修改',NULL,'',NULL,'admin','2017-09-22 14:35:51'),('f4012969-5d3b-11e7-9094-d8cb8ab8c894','98af6c99-5670-474e-b212-86fcc42ab814','e2845cff-4aa8-11e7-8629-d8cb8ab8c894','1c012ef5-cedd-4a4d-83f5-3961f1c39093','2016','笔试','2016/2017第二学期','主修',NULL,'已通过','新增',NULL,NULL,NULL,'t1234','2017-06-30 10:29:10'),('f6becd67-86db-11e7-98c2-408d5ce8eb96','046a8a1e-f83c-46f1-ab48-186b4b58b572','e2845cff-4aa8-11e7-8629-d8cb8ab8c894','8a423c16-19a7-4005-9a7b-8c7e9a822a80','2016',NULL,'2016/2017第一学期','主修',NULL,'已通过','新增',NULL,NULL,NULL,'1234','2017-08-22 09:48:15'),('f8ce8473-b952-11e7-8c74-00acc501c3ab','bae0a6c7-031c-4f36-b904-cb11e1ce4945','e2845cff-4aa8-11e7-8629-d8cb8ab8c894','828e12ed-b952-11e7-8c74-00acc501c3ab','2017',NULL,'2018/2019第一学期','通识必修',NULL,'待审核','新增',NULL,NULL,NULL,'1234','2017-10-25 15:06:02'),('f979414a-5d3b-11e7-9094-d8cb8ab8c894','98af6c99-5670-474e-b212-86fcc42ab814','e2845cff-4aa8-11e7-8629-d8cb8ab8c894','1c012ef5-cedd-4a4d-83f5-3961f1c39093','2017','笔试','2016/2017第二学期','主修',NULL,'已通过','新增',NULL,NULL,NULL,'t1234','2017-06-30 10:29:19'),('fc368d41-9850-11e7-a287-408d5ce8eb96','046a8a1e-f83c-46f1-ab48-186b4b58b572','28842a4d-879d-11e7-85a7-408d5ce8eb96','6a23b5e6-5db8-441b-8569-f7e39272a4f0','2013',NULL,'2016/2017第一学期','主修',NULL,'已通过','新增',NULL,NULL,NULL,'1234','2017-09-13 14:58:45');

/*Table structure for table `majorterracescore` */

DROP TABLE IF EXISTS `majorterracescore`;

CREATE TABLE `majorterracescore` (
  `id` varchar(45) NOT NULL,
  `majorId` varchar(45) DEFAULT NULL COMMENT '专业ID',
  `terraceId` varchar(45) DEFAULT NULL COMMENT '平台ID',
  `scoreall` varchar(45) DEFAULT NULL COMMENT '该平台总学分',
  `scoretotal` varchar(45) DEFAULT NULL COMMENT '在该平台需修满学分',
  `scorethis` varchar(45) DEFAULT NULL COMMENT '本专业在该平台需修满学分',
  `scoreother` varchar(45) DEFAULT NULL COMMENT '可其他专业在该平台修满学分',
  `setman` varchar(45) DEFAULT NULL COMMENT '设置人',
  `setdate` datetime DEFAULT NULL COMMENT '设置时间',
  PRIMARY KEY (`id`)
) ENGINE=InnoDB DEFAULT CHARSET=utf8mb4;

/*Data for the table `majorterracescore` */

insert  into `majorterracescore`(`id`,`majorId`,`terraceId`,`scoreall`,`scoretotal`,`scorethis`,`scoreother`,`setman`,`setdate`) values ('28cb3cfb-9829-11e7-a287-408d5ce8eb96','79813106-8fdf-4f0a-8da2-0d1f86ba5c7d','28842a4d-879d-11e7-85a7-408d5ce8eb96','5','5','3','2','admin','2017-09-13 10:13:40'),('43997a0e-a3e6-11e7-b16f-408d5ce8eb96','79813106-8fdf-4f0a-8da2-0d1f86ba5c7d','05fceaed-9e79-11e7-bfbd-408d5ce8eb96','0','2','1','1','admin','2017-09-28 08:45:03'),('53b7a787-5e00-11e7-bdf5-00ac9c2c0afa','046a8a1e-f83c-46f1-ab48-186b4b58b572','44581b8b-978b-11e7-8989-408d5ce8eb96','20','15','8','7','1234','2017-07-01 09:55:19'),('568eb796-5e25-11e7-bdf5-00ac9c2c0afa','e1d8c62d-50e4-4874-b6c2-c5f54dfbae6f','e2845cff-4aa8-11e7-8629-d8cb8ab8c894','10','10','6','4','admin','2017-07-01 14:20:15'),('5bba5f0c-5e00-11e7-bdf5-00ac9c2c0afa','046a8a1e-f83c-46f1-ab48-186b4b58b572','e2845cff-4aa8-11e7-8629-d8cb8ab8c894','20','15','8','7','1234','2017-07-01 09:55:32'),('66d30aba-5e00-11e7-bdf5-00ac9c2c0afa','422a4839-eb1d-4da2-876f-6234f50092db','690afa6b-5a44-11e7-9094-d8cb8ab8c894','12','12','6','6','1234','2017-07-01 09:55:51'),('6a83605b-86eb-11e7-98c2-408d5ce8eb96','be31d13a-9193-405a-ba09-b859291a9ed7','e2845cff-4aa8-11e7-8629-d8cb8ab8c894','10','5','3','2','admin','2017-09-07 09:27:57'),('72b8c3fd-978b-11e7-8989-408d5ce8eb96','e8bd6b42-0614-4934-9819-51249e6c3a79','28842a4d-879d-11e7-85a7-408d5ce8eb96','6','5','3','2','admin','2017-09-12 15:24:43'),('7c296f86-5e00-11e7-bdf5-00ac9c2c0afa','422a4839-eb1d-4da2-876f-6234f50092db','e2845cff-4aa8-11e7-8629-d8cb8ab8c894','18','12','8','4','1234','2017-07-01 09:56:27'),('7d699b8d-8638-11e7-89db-408d5ce8eb96','a31c53c3-df02-42ea-bd47-f0191f676f65','60905bb6-8638-11e7-89db-408d5ce8eb96','10','5','3','2','1234','2017-08-21 14:18:03'),('8861ae9c-5e25-11e7-bdf5-00ac9c2c0afa','e1d8c62d-50e4-4874-b6c2-c5f54dfbae6f','690afa6b-5a44-11e7-9094-d8cb8ab8c894','8','8','6','2','1670801-t','2017-07-07 09:36:40'),('929c2ce4-b9f0-11e7-8c74-00acc501c3ab','bae0a6c7-031c-4f36-b904-cb11e1ce4945','e2845cff-4aa8-11e7-8629-d8cb8ab8c894','10','10','5','5','admin','2017-10-26 09:54:07'),('9562fc6a-5e00-11e7-bdf5-00ac9c2c0afa','98af6c99-5670-474e-b212-86fcc42ab814','690afa6b-5a44-11e7-9094-d8cb8ab8c894','15','10','6','4','1234','2017-07-01 09:57:09'),('9bfdb21f-5e00-11e7-bdf5-00ac9c2c0afa','98af6c99-5670-474e-b212-86fcc42ab814','e2845cff-4aa8-11e7-8629-d8cb8ab8c894','16','12','8','4','1234','2017-07-01 09:57:20'),('be5048de-8934-11e7-96d4-408d5ce8eb96','40d3dab0-68d3-4783-b031-7e3d25275914','28842a4d-879d-11e7-85a7-408d5ce8eb96','10','8','5','3','1234','2017-08-25 09:28:48'),('cc6a70da-a349-11e7-993c-408d5ce8eb96','6220518c-a50a-411d-a055-52f52667908f','bbdf1c4d-86d3-11e7-98c2-408d5ce8eb96','0','0','0','0','admin','2017-09-27 14:05:01'),('d947f0d4-936b-11e7-99b0-408d5ce8eb96','39f9d041-0265-49c3-a9ed-d1bdb9c2ed3d','e2845cff-4aa8-11e7-8629-d8cb8ab8c894','20','10','6','4','admin','2017-09-07 09:28:27');

/*Table structure for table `manualadjustcourse` */

DROP TABLE IF EXISTS `manualadjustcourse`;

CREATE TABLE `manualadjustcourse` (
  `mac_id` varchar(45) NOT NULL COMMENT 'id',
  `tc_id` varchar(45) DEFAULT NULL COMMENT 'teachtask id',
  `courseId` varchar(45) DEFAULT NULL COMMENT '课程id',
  `class` varchar(45) DEFAULT NULL COMMENT '班级',
  `odd_teachweek` varchar(45) DEFAULT NULL COMMENT '需要调整的周',
  `odd_week` varchar(45) DEFAULT NULL COMMENT '原上课时间week',
  `odd_pitch` varchar(45) DEFAULT NULL COMMENT '原上课时间节',
  `odd_teachName` varchar(45) DEFAULT NULL COMMENT '原上课老师',
  `now_teachweek` varchar(45) DEFAULT NULL COMMENT '调整至第几周',
  `now_timeweek` varchar(45) DEFAULT NULL COMMENT '现上课星期',
  `now_timepitch` varchar(45) DEFAULT NULL COMMENT '现上课节次',
  `now_teachName` varchar(45) DEFAULT NULL COMMENT '现上课老师',
  `now_room` varchar(45) DEFAULT NULL COMMENT '现上课教室',
  `type` varchar(45) DEFAULT NULL COMMENT '停课/调课',
  `settime` datetime DEFAULT NULL COMMENT '调整时间',
  PRIMARY KEY (`mac_id`)
) ENGINE=InnoDB DEFAULT CHARSET=utf8mb4;

/*Data for the table `manualadjustcourse` */

insert  into `manualadjustcourse`(`mac_id`,`tc_id`,`courseId`,`class`,`odd_teachweek`,`odd_week`,`odd_pitch`,`odd_teachName`,`now_teachweek`,`now_timeweek`,`now_timepitch`,`now_teachName`,`now_room`,`type`,`settime`) values ('08f00690-a329-11e7-993c-408d5ce8eb96','7f73be44-01e3-4efe-9991-bb46ce0bc2b1','14f0142a-a009-11e7-ab7f-408d5ce8eb96','327','1','1','2','张老师','2','3','1','5cf22248-6d22-4375-8cfe-26a6506071b5','8b832d83-0a1f-11e7-94e4-00ac2794c53f','调课','2017-09-27 10:10:29'),('0a90cc50-5e44-11e7-bdf5-00ac9c2c0afa','6','1c012ef5-cedd-4a4d-83f5-3961f1c39093','心里学2班','7','1','1','WalterWhite','1','1','1','81fdf5c6-c728-45a8-a725-053493f55ea8','e873c7ff-4c1e-11e7-8629-d8cb8ab8c894','调课','2017-07-03 09:08:33'),('2049e136-5e44-11e7-bdf5-00ac9c2c0afa','6','1c012ef5-cedd-4a4d-83f5-3961f1c39093','心里学2班','8',NULL,NULL,'WalterWhite',NULL,'1','1',NULL,NULL,'停课','2017-07-03 09:08:43'),('69f762ca-ba01-11e7-8c74-00acc501c3ab','14','e64bd713-7529-4387-bc72-ef587edeb8f2','电子1班','1',NULL,NULL,'张老师',NULL,'1','2',NULL,NULL,'停课','2017-10-26 11:54:40');

/*Table structure for table `menu` */

DROP TABLE IF EXISTS `menu`;

CREATE TABLE `menu` (
  `menuId` varchar(45) NOT NULL,
  `menuName` varchar(45) DEFAULT NULL COMMENT '菜单名称',
  `menuParent` varchar(45) DEFAULT NULL COMMENT '父菜单ID',
  `menuSort` int(11) DEFAULT NULL COMMENT '顺序',
  `menuUrl` varchar(100) DEFAULT NULL COMMENT '菜单地址',
  `createMan` varchar(45) DEFAULT NULL,
  `createDate` datetime DEFAULT NULL,
  `updateMan` varchar(45) DEFAULT NULL,
  `updateDate` datetime DEFAULT NULL,
  PRIMARY KEY (`menuId`)
) ENGINE=InnoDB DEFAULT CHARSET=utf8 COMMENT='菜单表';

/*Data for the table `menu` */

insert  into `menu`(`menuId`,`menuName`,`menuParent`,`menuSort`,`menuUrl`,`createMan`,`createDate`,`updateMan`,`updateDate`) values ('0098ebd3-953f-11e7-be34-408d5ce8eb96','空闲学生查询','ff76566d-09f0-11e7-982e-00ac2794c53f',3,'basic/checkUnuseStudent.form','admin','2017-09-09 17:12:28',NULL,NULL),('042796b8-25a3-11e7-954a-00ac9c2c0afa','设置选修时间','adf6d6e1-0ae0-11e7-8a10-00ac2794c53f',25,'teacher/selectMajorTime.form','test1','2017-04-20 16:26:13',NULL,NULL),('06b86200-2a4e-11e7-8f54-00ac9c2c0afa','空余教室设置','ee76566d-09f0-11e7-982e-00ac2794c53f',9,'basic/spareClassroom.form','cp3','2017-04-26 15:00:26',NULL,'2017-05-12 17:20:43'),('06ca551f-4676-11e7-b8a5-00ac9c2c0afa','班级管理','bd76566d-09f0-11e7-982e-00ac2794c53f',4,'teacher/classManage.form','admin','2017-06-01 10:57:19',NULL,NULL),('07bbb434-87ca-11e7-85a7-408d5ce8eb96','专业操作记录','bd76566d-09f0-11e7-982e-00ac2794c53f',12,'teacher/majorHandleLog.form','admin','2017-08-23 14:12:24',NULL,NULL),('0adc0eb2-49b5-11e7-9cf7-00ac9c2c0afa','查看学生所选课程','aaf6d6e1-0ae0-11e7-8a10-00ac279dc53f',2,'teacher/queryStuCourse.form','lisy_admin','2017-06-05 14:05:57','lisy_admin','2017-06-05 14:07:09'),('0f7bfad7-3d26-11e7-8a3d-00ac9c2c0afa','手动调整选课','aaf6d6e1-0ae0-11e7-8a10-00ac279dc53f',5,'teacher/manualAdjustCourse.form',NULL,'2017-05-20 14:32:17',NULL,NULL),('10ff52cc-4050-11e7-b642-00ac9c2c0afa','教室使用率设置','ee76566d-09f0-11e7-982e-00ac2794c53f',1,'basic/crt_usage.form','1670801-s','2017-05-24 15:10:28','1670801-s','2017-05-24 15:14:49'),('11aca6a1-09f6-11e7-982e-00ac2794c53f','学生管理','bd76566d-09f0-11e7-982e-00ac2794c53f',10,'basic/studentManage.form','lu','2017-03-16 11:10:12',NULL,NULL),('144400d1-092d-11e7-8be9-00ac2794c53f','系统管理','',99,'',NULL,'2017-03-15 11:11:27','admin','2017-03-17 13:46:07'),('14cdd369-4ab5-11e7-b97b-00ac9c2c0afa','查看开课课程','ff76566d-09f0-11e7-982e-00ac2794c53f',5,'teacher/queryTerraceCourse.form','admin','2017-06-06 20:38:45',NULL,NULL),('19d5e34c-4769-11e7-9460-00ac9c2c0afa','查看班级学生名单','ff76566d-09f0-11e7-982e-00ac2794c53f',1,'basic/checkClassList.form','lisy_admin','2017-06-02 15:57:18',NULL,NULL),('1fdc4a83-23fc-11e7-bf03-00ac9c2c0afa','平台管理','bd76566d-09f0-11e7-982e-00ac2794c53f',6,'basic/terraceManage.form','test1','2017-04-18 13:59:03',NULL,'2017-04-19 17:01:52'),('20cf66e5-092d-11e7-8be9-00ac2794c53f','菜单管理','144400d1-092d-11e7-8be9-00ac2794c53f',1,'system/menuManage.form',NULL,'2017-03-15 11:11:48','test2','2017-05-18 10:48:54'),('27e418f1-24e2-11e7-942b-00ac9c2c0afa','专业列表','aaf6d6e1-0ae0-11e7-8a10-00ac279dc53f',4,'teacher/majorList.form','test1','2017-04-19 17:25:40',NULL,NULL),('2a89d88e-3f81-11e7-a6e6-00ac9c2c0afa','学生缴费管理','gg76566d-09f0-11e7-982e-00ac2794c53f',4,'basic/studentPaymentManage.form','123456','2017-05-23 14:29:25','123456','2017-05-23 14:31:20'),('2b7c7ef0-3c6b-11e7-8a3d-00ac9c2c0afa','学生课表','aaf6d6e1-0ae0-11e7-8a10-00ac279dc53f',1,'teacher/StuArgmCour.form','1670801-s','2017-05-19 16:14:24','1670801-s','2017-05-22 16:32:17'),('3096730f-36f4-11e7-b12e-00ac9c2c0afa','课程排课时间','ee76566d-09f0-11e7-982e-00ac2794c53f',12,'basic/classesTime.form',NULL,'2017-05-12 17:20:07','test2','2017-05-16 15:12:13'),('33b7b6fc-3b62-11e7-89b7-00ac9c2c0afa','查看排课课表','ee76566d-09f0-11e7-982e-00ac2794c53f',21,'basic/findArgmCour.form','lisy_admin','2017-05-18 08:37:41','lisy_admin','2017-05-19 15:50:15'),('34c5b0b8-092d-11e7-8be9-00ac2794c53f','用户管理','144400d1-092d-11e7-8be9-00ac2794c53f',3,'system/userManage.form',NULL,'2017-03-15 11:12:22',NULL,NULL),('39f012d4-46a3-11e7-b8a5-00ac9c2c0afa','教材发放列表','gg76566d-09f0-11e7-982e-00ac2794c53f',7,'basic/teachingMaterialsDistribution.form','1212102','2017-06-01 16:20:52',NULL,NULL),('3a00f3a8-2f98-11e7-9817-00ac9c2c0afa','培养计划','adf6d6e1-0ae0-11e7-8a10-00ac2794c53f',3,'teacher/educatePlan.form','test1','2017-05-03 08:34:11',NULL,NULL),('3f6d9aed-24d1-11e7-942b-00ac9c2c0afa','排课时间管理','ee76566d-09f0-11e7-982e-00ac2794c53f',7,'basic/arrangecoursedateManage.form','test1','2017-04-19 15:24:38','test1','2017-04-21 10:07:40'),('452b8746-0abc-11e7-ab6a-00ac2794c53f','修改密码','585552f9-0aba-11e7-ab6a-00ac2794c53f',2,'system/editPassword.form','admin','2017-03-17 10:48:58','admin','2017-03-17 15:01:22'),('46f85b9c-1f4d-11e7-9c14-00ac9c2c0afa','角色管理','144400d1-092d-11e7-8be9-00ac2794c53f',2,'system/roleManage.form',NULL,'2017-04-12 14:57:22',NULL,NULL),('488b98a1-2f98-11e7-9817-00ac9c2c0afa','培养计划审核','adf6d6e1-0ae0-11e7-8a10-00ac2794c53f',4,'teacher/educatePlanCheck.form','test1','2017-05-03 08:34:35',NULL,NULL),('48ebd497-2706-11e7-a449-00ac9c2c0afa','专业平台学分设置','adf6d6e1-0ae0-11e7-8a10-00ac2794c53f',26,'teacher/majorScore.form','test1','2017-04-22 10:49:23','test1','2017-04-24 14:14:00'),('4c960990-3955-11e7-bff0-00ac9c2c0afa','设置选课时间','adf6d6e1-0ae0-11e7-8a10-00ac2794c53f',19,'basic/CourseChoosetime.form','admin','2017-05-15 18:00:17','test2','2017-05-17 11:55:00'),('4ec3c8ff-0ad8-11e7-8a10-00ac2794c53f','管理员管理','144400d1-092d-11e7-8be9-00ac2794c53f',3,'system/adminManage.form','admin','2017-03-17 14:09:40',NULL,NULL),('4f0fa4c6-0930-11e7-8be9-00ac2794c53f','角色菜单','144400d1-092d-11e7-8be9-00ac2794c53f',4,'system/roleMenuManage.form','admin','2017-03-15 11:34:34',NULL,NULL),('52830b24-49d2-11e7-9cf7-00ac9c2c0afa','课程选修学生名单','ff76566d-09f0-11e7-982e-00ac2794c53f',10,'basic/checkElectivesList.form','lisy_admin','2017-06-05 17:35:33','lisy_admin','2017-06-05 17:36:42'),('566a5883-0ae2-11e7-8a10-00ac2794c53f','专业申请','bd76566d-09f0-11e7-982e-00ac2794c53f',2,'teacher/majorApply.form','admin','2017-03-17 15:21:28','admin','2017-03-17 15:24:41'),('56f521fa-41e1-11e7-97a8-00ac9c2c0afa','课程教材列表','gg76566d-09f0-11e7-982e-00ac2794c53f',3,'basic/teachingmaterialsCourse.form','test2','2017-05-26 15:02:54','123','2017-06-02 11:36:19'),('580c5e75-498c-11e7-9f6f-00ac9c2c0afa','手动调整排课','ee76566d-09f0-11e7-982e-00ac2794c53f',23,'basic/ManualCourseArrangement.form','123','2017-06-05 09:14:37','123','2017-06-05 09:16:24'),('585552f9-0aba-11e7-ab6a-00ac2794c53f','个人中心','',100,'','admin','2017-03-17 10:35:12',NULL,NULL),('68fbb6d9-4126-11e7-90dc-00ac9c2c0afa','空余教室查询','ff76566d-09f0-11e7-982e-00ac2794c53f',3,'basic/checkUnuseCRoom.form','1670801-s','2017-05-25 16:44:48','1670801-s','2017-05-26 21:18:58'),('69a1476f-3952-11e7-bff0-00ac9c2c0afa','开课班级审核','adf6d6e1-0ae0-11e7-8a10-00ac2794c53f',16,'basic/teachTaskCheck.form','test2','2017-05-15 17:39:38','test2','2017-05-27 16:10:04'),('79c8520f-24db-11e7-942b-00ac9c2c0afa','课程审核','bd76566d-09f0-11e7-982e-00ac2794c53f',8,'basic/courseCheck.form',NULL,'2017-04-19 16:37:51',NULL,NULL),('7af00e31-4820-11e7-9a8f-00ac9c2c0afa','欠费学生列表','ff76566d-09f0-11e7-982e-00ac2794c53f',9,'basic/studnetArrearageManage.form','12','2017-06-03 13:50:02',NULL,NULL),('7c219fea-3bad-11e7-89b7-00ac9c2c0afa','学生教材缴费','aaf6d6e1-0ae0-11e7-8a10-00ac279dc53f',22,'basic/studentBookPay.form','test2','2017-05-18 17:36:35',NULL,'2017-05-22 15:58:50'),('869949c9-3fac-11e7-a6e6-00ac9c2c0afa','退选申请','aaf6d6e1-0ae0-11e7-8a10-00ac279dc53f',6,'teacher/withdrawCourseApply.form','123456','2017-05-23 19:39:48',NULL,NULL),('8afaff33-3932-11e7-9e12-00ac9c2c0afa','辅助排课','ee76566d-09f0-11e7-982e-00ac2794c53f',14,'basic/subsidiaryCourseArrangement.form','lisy_admin','2017-05-15 13:51:34',NULL,NULL),('8b78ae53-0b80-11e7-b367-00ac2794c53f','教师管理','bd76566d-09f0-11e7-982e-00ac2794c53f',9,'basic/teacherManage.form','admin','2017-03-18 10:14:01','admin','2017-03-18 10:32:01'),('94c6451d-3ac3-11e7-9360-00ac9c2c0afa','设置课程使用教材','gg76566d-09f0-11e7-982e-00ac2794c53f',2,'basic/courseMaterial.form','test2','2017-05-17 13:42:14','1212101','2017-06-02 11:34:13'),('97015277-3a0b-11e7-b0f2-00ac9c2c0afa','学生选课','aaf6d6e1-0ae0-11e7-8a10-00ac279dc53f',11,'teacher/Schoosecourse.form','admin','2017-05-16 15:45:11','admin','2017-05-16 15:46:01'),('97775966-0932-11e7-8be9-00ac2794c53f','数据字典','144400d1-092d-11e7-8be9-00ac2794c53f',5,'system/wordbookManage.form',NULL,'2017-03-15 11:50:55',NULL,NULL),('9ce5cead-3923-11e7-9e12-00ac9c2c0afa','优先级设置','ee76566d-09f0-11e7-982e-00ac2794c53f',13,'basic/prioritysort.form','admin','2017-05-15 12:04:42',NULL,NULL),('9eb89f46-3559-11e7-86a1-00ac9c2c0afa','学生空余时间','ee76566d-09f0-11e7-982e-00ac2794c53f',11,'basic/studentSparetime.form','test2','2017-05-10 16:21:08','test2','2017-05-12 14:07:18'),('9f47f1cc-3fac-11e7-a6e6-00ac9c2c0afa','退选审核','aaf6d6e1-0ae0-11e7-8a10-00ac279dc53f',7,'teacher/withdrawCourseCheck.form','123456','2017-05-23 19:40:29',NULL,NULL),('a9a52431-0aba-11e7-ab6a-00ac2794c53f','信息管理','585552f9-0aba-11e7-ab6a-00ac2794c53f',1,'system/userCenter.form','admin','2017-03-17 10:37:28',NULL,NULL),('aad0fa11-2eda-11e7-aa3d-00ac9c2c0afa','开课课程审核','adf6d6e1-0ae0-11e7-8a10-00ac2794c53f',8,'teacher/terraceCourseCheck.form','test1','2017-05-02 09:57:21','test2','2017-05-27 16:09:11'),('aaf6d6e1-0ae0-11e7-8a10-00ac279dc53f','学生模块','',0,'','admin','2017-03-17 15:09:36','test1','2017-04-25 15:15:25'),('acb04bd9-473c-11e7-9460-00ac9c2c0afa','教材预购统计','gg76566d-09f0-11e7-982e-00ac2794c53f',6,'basic/beforeBuyingStatistics.form','12','2017-06-02 10:39:17',NULL,NULL),('adf6d6e1-0ae0-11e7-8a10-00ac2794c53f','开课管理','',2,'','admin','2017-03-17 15:09:36','test1','2017-04-25 15:15:25'),('aed20416-6611-11e7-a807-00acb5915098','接口管理','144400d1-092d-11e7-8be9-00ac2794c53f',1,'system/jsapisManage.form','admin','2017-07-11 16:19:39',NULL,NULL),('bd2408db-42aa-11e7-a8c0-00ac9c2c0afa','学院管理','bd76566d-09f0-11e7-982e-00ac2794c53f',1,'basic/collegeManage.form','11','2017-05-27 15:04:39',NULL,NULL),('bd76566d-09f0-11e7-982e-00ac2794c53f','基础信息','',1,'','admin','2017-03-16 10:32:03','admin','2017-03-16 10:32:09'),('bde05dca-4c18-11e7-95d7-00ac9c2c0afa','学业预警','aaf6d6e1-0ae0-11e7-8a10-00ac279dc53f',28,'basic/creditearlyWarning.form','123','2017-06-08 15:04:40','123','2017-06-08 17:13:18'),('bde05dca-4c18-11e7-95d7-00ac9c2c0sss','教材缴费','aaf6d6e1-0ae0-11e7-8a10-00ac279dc53f',28,'basic/studentBookPay.form','123','2017-06-08 15:04:40','123','2017-06-08 17:13:18'),('c24f95c8-4f12-11e7-a1c4-00ac9c2c0afa','调剂申请','aaf6d6e1-0ae0-11e7-8a10-00ac279dc53f',30,'basic/transferapply.form','123','2017-06-12 09:59:24',NULL,NULL),('c24f95c8-4f12-11e7-a1c4-00ac9c2c0afb','调剂审核','aaf6d6e1-0ae0-11e7-8a10-00ac279dc53f',31,'basic/transfercheck.form','123','2017-06-12 09:59:24',NULL,NULL),('c28b0c84-2b20-11e7-ab2a-00ac9c2c0afa','教师空余时间','ee76566d-09f0-11e7-982e-00ac2794c53f',10,'basic/teacherSparetime.form','test1','2017-04-27 16:08:56','test2','2017-05-12 14:07:12'),('c778d2c1-49d2-11e7-9cf7-00ac9c2c0afa','学生结课成绩','adf6d6e1-0ae0-11e7-8a10-00ac2794c53f',24,'basic/teaSetstuscore.form','123','2017-06-05 17:38:49','123','2017-06-05 17:39:07'),('d55f6f94-0ae2-11e7-8a10-00ac2794c53f','专业审核','bd76566d-09f0-11e7-982e-00ac2794c53f',3,'teacher/majorCheck.form','admin','2017-03-17 15:25:01',NULL,NULL),('e595e9e7-3954-11e7-bff0-00ac9c2c0afa','设置学分范围','adf6d6e1-0ae0-11e7-8a10-00ac2794c53f',18,'basic/CreditsRange.form','admin','2017-05-15 17:57:24','test2','2017-05-17 11:55:08'),('e8fc44ff-09f0-11e7-982e-00ac2794c53f','教室管理','bd76566d-09f0-11e7-982e-00ac2794c53f',11,'basic/classroomManage.form','admin','2017-03-16 10:33:16',NULL,NULL),('eb2491ef-3c81-11e7-8a3d-00ac9c2c0afa','排课','ee76566d-09f0-11e7-982e-00ac2794c53f',17,'basic/CourseArrange.form','admin','2017-05-19 18:57:15','admin','2017-05-19 18:58:22'),('ec822044-23fe-11e7-bf03-00ac9c2c0afa','课程管理','bd76566d-09f0-11e7-982e-00ac2794c53f',7,'basic/courseManage.form','admin','2017-04-18 14:19:05','admin','2017-04-18 14:19:49'),('ee76566d-09f0-11e7-982e-00ac2794c53f','排课设置','',4,'','admin','2017-03-16 10:32:03','admin','2017-03-16 10:32:09'),('eed05f9d-46be-11e7-b8a5-00ac9c2c0afa','空闲教师查询','ff76566d-09f0-11e7-982e-00ac2794c53f',1,'basic/checkUnuseTh.form','lisy_admin','2017-06-01 19:39:12','lisy_admin','2017-06-01 19:39:54'),('f2180ccb-3947-11e7-bff0-00ac9c2c0afa','开课班级','adf6d6e1-0ae0-11e7-8a10-00ac2794c53f',15,'basic/teachTask.form','test2','2017-05-15 16:24:42','test2','2017-05-27 16:10:55'),('f821583d-266d-11e7-8e99-00ac9c2c0afa','教材管理','gg76566d-09f0-11e7-982e-00ac2794c53f',1,'basic/teachingmaterialsManage.form',NULL,'2017-04-21 16:39:01',NULL,NULL),('f8563ff1-4801-11e7-9a8f-00ac9c2c0afa','学生缴费统计','ff76566d-09f0-11e7-982e-00ac2794c53f',5,'basic/studentPaymentStatistics.form','12','2017-06-03 10:11:38',NULL,NULL),('faca716f-39fc-11e7-b0f2-00ac9c2c0afa','教材缴费时间','gg76566d-09f0-11e7-982e-00ac2794c53f',20,'basic/bookselfpaytime.form','admin','2017-05-16 14:00:36','admin','2017-05-16 14:11:52'),('fe978d99-2ae3-11e7-ab2a-00ac9c2c0afa','开课课程','adf6d6e1-0ae0-11e7-8a10-00ac2794c53f',7,'teacher/terraceCourse.form','test1','2017-04-27 08:53:57','test2','2017-05-27 16:09:01'),('fecdc9a6-482f-11e7-9a8f-00ac9c2c0afa','查看退课学生','ff76566d-09f0-11e7-982e-00ac2794c53f',5,'basic/withdrawCoursePassInfo.form','12','2017-06-03 15:41:05',NULL,NULL),('ff76566d-09f0-11e7-982e-00ac2794c53f','查询统计','',6,'','admin','2017-03-16 10:32:03','admin','2017-03-16 10:32:09'),('gg76566d-09f0-11e7-982e-00ac2794c53f','教材模块','',5,'','admin','2017-03-16 10:32:03','admin','2017-03-16 10:32:09');

/*Table structure for table `menu_jsapi` */

DROP TABLE IF EXISTS `menu_jsapi`;

CREATE TABLE `menu_jsapi` (
  `mj_id` varchar(45) NOT NULL COMMENT '表id',
  `menuId` varchar(45) NOT NULL COMMENT '菜单id',
  `jsapis_name` varchar(45) NOT NULL COMMENT '接口名称',
  PRIMARY KEY (`mj_id`)
) ENGINE=InnoDB DEFAULT CHARSET=utf8mb4;

/*Data for the table `menu_jsapi` */

insert  into `menu_jsapi`(`mj_id`,`menuId`,`jsapis_name`) values ('1','a9a52431-0aba-11e7-ab6a-00ac2794c53f','userCenter'),('10','a9a52431-0aba-11e7-ab6a-00ac2794c53f','sendcheckcode_email'),('101','a9a52431-0aba-11e7-ab6a-00ac2794c53f','userCenter_editEmail'),('102','a9a52431-0aba-11e7-ab6a-00ac2794c53f','sendcheckcode_phone'),('103','a9a52431-0aba-11e7-ab6a-00ac2794c53f','userCenter_editPhone'),('11','3096730f-36f4-11e7-b12e-00ac9c2c0afa','courseManage_loadCourse'),('110','3096730f-36f4-11e7-b12e-00ac9c2c0afa','classesTime_getnodes'),('111','3096730f-36f4-11e7-b12e-00ac9c2c0afa','classesTime_edit'),('12','e8fc44ff-09f0-11e7-982e-00ac2794c53f','basic_classroom_load'),('120','e8fc44ff-09f0-11e7-982e-00ac2794c53f','basic_classroom_loadwordbook_campus'),('121','e8fc44ff-09f0-11e7-982e-00ac2794c53f','basic_classroom_loadwordbook_building'),('122','e8fc44ff-09f0-11e7-982e-00ac2794c53f','basic_classroom_loadwordbook_classroomtype'),('123','e8fc44ff-09f0-11e7-982e-00ac2794c53f','basic_classroom_search'),('124','e8fc44ff-09f0-11e7-982e-00ac2794c53f','basic_classroom_delete'),('125','e8fc44ff-09f0-11e7-982e-00ac2794c53f','basic_classroom_search'),('126','e8fc44ff-09f0-11e7-982e-00ac2794c53f','basic_classroom_del'),('127','e8fc44ff-09f0-11e7-982e-00ac2794c53f','basic_classroom_add'),('128','e8fc44ff-09f0-11e7-982e-00ac2794c53f','basic_classroom_edit'),('13','bd2408db-42aa-11e7-a8c0-00ac9c2c0afa','collegeManage_loadcolleges'),('130','bd2408db-42aa-11e7-a8c0-00ac9c2c0afa','collegeManage_delete'),('131','bd2408db-42aa-11e7-a8c0-00ac9c2c0afa','collegeManage_addcollege'),('132','bd2408db-42aa-11e7-a8c0-00ac9c2c0afa','collegeManage_editcollege'),('14','eb2491ef-3c81-11e7-8a3d-00ac9c2c0afa','basic_loadArrangeStatus'),('15','79c8520f-24db-11e7-942b-00ac9c2c0afa','courseCheck_loadCourse'),('150','79c8520f-24db-11e7-942b-00ac9c2c0afa','course_pass'),('151','79c8520f-24db-11e7-942b-00ac9c2c0afa','course_reject'),('16','4c960990-3955-11e7-bff0-00ac9c2c0afa','basic_coursechoosetime_load'),('160','4c960990-3955-11e7-bff0-00ac9c2c0afa','basic_coursechoosetime_edit'),('17','ec822044-23fe-11e7-bf03-00ac9c2c0afa','courseManage_loadCourse'),('170','ec822044-23fe-11e7-bf03-00ac9c2c0afa','courseManage_loadTeacher'),('171','ec822044-23fe-11e7-bf03-00ac9c2c0afa','courseManage_deleteCourse'),('172','ec822044-23fe-11e7-bf03-00ac9c2c0afa','teacher_educatePlan_loadteacher'),('173','ec822044-23fe-11e7-bf03-00ac9c2c0afa','teacherManage_loadcollege'),('174','ec822044-23fe-11e7-bf03-00ac9c2c0afa','courseCode_unique'),('175','ec822044-23fe-11e7-bf03-00ac9c2c0afa','courseManage_addCourse'),('176','ec822044-23fe-11e7-bf03-00ac9c2c0afa','courseCode_unique_update'),('177','ec822044-23fe-11e7-bf03-00ac9c2c0afa','courseManage_editcourse'),('178','ec822044-23fe-11e7-bf03-00ac9c2c0afa','courseManage_loadTeacherCollege'),('18','94c6451d-3ac3-11e7-9360-00ac9c2c0afa','courseMaterial_loadCourse'),('180','94c6451d-3ac3-11e7-9360-00ac9c2c0afa','courseMaterial_teachingmaterials'),('181','94c6451d-3ac3-11e7-9360-00ac9c2c0afa','courseMaterial_editcourse'),('19','bde05dca-4c18-11e7-95d7-00ac9c2c0afa','stu_creditearly_load'),('190','bde05dca-4c18-11e7-95d7-00ac9c2c0afa','stu_creditearlymajor_load'),('2','e595e9e7-3954-11e7-bff0-00ac9c2c0afa','basic_creditsRange_load'),('20','e595e9e7-3954-11e7-bff0-00ac9c2c0afa','basic_creditsrange_edit'),('21','3f6d9aed-24d1-11e7-942b-00ac9c2c0afa','arrangecoursedateManage_load'),('210','3f6d9aed-24d1-11e7-942b-00ac9c2c0afa','arrangecoursedateManage_delete'),('211','3f6d9aed-24d1-11e7-942b-00ac9c2c0afa','arrangecoursedateManage_add'),('212','3f6d9aed-24d1-11e7-942b-00ac9c2c0afa','arrangecoursedateManage_edit'),('22','10ff52cc-4050-11e7-b642-00ac9c2c0afa','crt_usage_load'),('220','10ff52cc-4050-11e7-b642-00ac9c2c0afa','crt_usage_add'),('221','10ff52cc-4050-11e7-b642-00ac9c2c0afa','crt_usage_edit'),('23','33b7b6fc-3b62-11e7-89b7-00ac9c2c0afa','basic_classroom_load'),('230','33b7b6fc-3b62-11e7-89b7-00ac9c2c0afa','basic_classroom_loadwordbook_campus'),('231','33b7b6fc-3b62-11e7-89b7-00ac9c2c0afa','basic_classroom_loadwordbook_building'),('232','33b7b6fc-3b62-11e7-89b7-00ac9c2c0afa','basic_classroom_loadwordbook_classroomtype'),('233','33b7b6fc-3b62-11e7-89b7-00ac9c2c0afa','teacherManage_load'),('234','33b7b6fc-3b62-11e7-89b7-00ac9c2c0afa','finArgmByCroom_query'),('235','33b7b6fc-3b62-11e7-89b7-00ac9c2c0afa','finArgmByTeacher_query'),('24','580c5e75-498c-11e7-9f6f-00ac9c2c0afa','educateTaskcopy_load'),('240','580c5e75-498c-11e7-9f6f-00ac9c2c0afa','basic_courseteacher_load'),('241','580c5e75-498c-11e7-9f6f-00ac9c2c0afa','basic_classroom_load'),('242','580c5e75-498c-11e7-9f6f-00ac9c2c0afa','basic_adjustlist_load'),('243','580c5e75-498c-11e7-9f6f-00ac9c2c0afa','basic_adjustliststop_load'),('244','580c5e75-498c-11e7-9f6f-00ac9c2c0afa','teacher_adjustcourse_del'),('245','580c5e75-498c-11e7-9f6f-00ac9c2c0afa','teacher_adjustcoursestopsome_add'),('246','580c5e75-498c-11e7-9f6f-00ac9c2c0afa','basic_manualadjustcourse_load'),('247','580c5e75-498c-11e7-9f6f-00ac9c2c0afa','teacher_adjustcourse_add'),('248','580c5e75-498c-11e7-9f6f-00ac9c2c0afa','teacher_adjustcourse_edit'),('249','580c5e75-498c-11e7-9f6f-00ac9c2c0afa','teacher_adjustcoursestop_add'),('2490','580c5e75-498c-11e7-9f6f-00ac9c2c0afa','teacher_adjustcoursestop_edit'),('25','9ce5cead-3923-11e7-9e12-00ac9c2c0afa','basic_priority_load'),('250','9ce5cead-3923-11e7-9e12-00ac9c2c0afa','basic_priority_up'),('251','9ce5cead-3923-11e7-9e12-00ac9c2c0afa','basic_priority_down'),('252','9ce5cead-3923-11e7-9e12-00ac9c2c0afa','basic_prioritysort_edit'),('26','06b86200-2a4e-11e7-8f54-00ac9c2c0afa','spareClassroom_load'),('260','06b86200-2a4e-11e7-8f54-00ac9c2c0afa','basic_classroom_loadwordbook_classroomtype'),('261','06b86200-2a4e-11e7-8f54-00ac9c2c0afa','spareClassroom_delete'),('262','06b86200-2a4e-11e7-8f54-00ac9c2c0afa','spareClassroom_add'),('27','7c219fea-3bad-11e7-89b7-00ac9c2c0afa','studentBookPay_load'),('270','7c219fea-3bad-11e7-89b7-00ac9c2c0afa','studentBookPay_loadTime'),('271','7c219fea-3bad-11e7-89b7-00ac9c2c0afa','studentBookPay_pay'),('28','11aca6a1-09f6-11e7-982e-00ac2794c53f','studentManage_loadStudent'),('280','11aca6a1-09f6-11e7-982e-00ac2794c53f','studentManage_loadSchoolAddress'),('281','11aca6a1-09f6-11e7-982e-00ac2794c53f','studentManage_loadCollege'),('282','11aca6a1-09f6-11e7-982e-00ac2794c53f','studentManage_loadMajor'),('283','11aca6a1-09f6-11e7-982e-00ac2794c53f','studentManage_loadClass'),('284','11aca6a1-09f6-11e7-982e-00ac2794c53f','studentManage_loadForm'),('285','11aca6a1-09f6-11e7-982e-00ac2794c53f','studentManage_loadMajor'),('286','11aca6a1-09f6-11e7-982e-00ac2794c53f','studentManage_loadClass'),('287','11aca6a1-09f6-11e7-982e-00ac2794c53f','studentManage_deleteStudent'),('288','11aca6a1-09f6-11e7-982e-00ac2794c53f','studentManage_delStudent'),('289','11aca6a1-09f6-11e7-982e-00ac2794c53f','student_loadimg'),('2890','11aca6a1-09f6-11e7-982e-00ac2794c53f','studentNum_unique'),('2891','11aca6a1-09f6-11e7-982e-00ac2794c53f','studentManage_addStudent'),('2892','11aca6a1-09f6-11e7-982e-00ac2794c53f','studentManage_editStudent'),('29','2a89d88e-3f81-11e7-a6e6-00ac9c2c0afa','teacher_loadCoMaGrInfo'),('290','2a89d88e-3f81-11e7-a6e6-00ac9c2c0afa','studentPaymentManage_load'),('3','f8563ff1-4801-11e7-9a8f-00ac9c2c0afa','studentPaymentStatistics_load'),('30','f8563ff1-4801-11e7-9a8f-00ac9c2c0afa','studentPaymentStatistics_loaddetail'),('31','9eb89f46-3559-11e7-86a1-00ac9c2c0afa','studentSparetime_load'),('310','9eb89f46-3559-11e7-86a1-00ac9c2c0afa','studentSparetime_getnodes'),('311','9eb89f46-3559-11e7-86a1-00ac9c2c0afa','studentSparetime_edit'),('32','f9350738-49b8-11e7-9cf7-00ac9c2c0afa','basic_loadArrangeTime'),('320','f9350738-49b8-11e7-9cf7-00ac9c2c0afa','basic_editArrangeCourseTime'),('33','7af00e31-4820-11e7-9a8f-00ac9c2c0afa','teacher_loadCoMaGrInfo'),('330','7af00e31-4820-11e7-9a8f-00ac9c2c0afa','studentPaymentManage_load'),('34','8afaff33-3932-11e7-9e12-00ac9c2c0afa','CourseArrEducateTask_load'),('340','8afaff33-3932-11e7-9e12-00ac9c2c0afa','classroom_load'),('341','8afaff33-3932-11e7-9e12-00ac9c2c0afa','subsidiaryCourseArrangement_load'),('342','8afaff33-3932-11e7-9e12-00ac9c2c0afa','subsidiaryCourseArrangement_query_semester'),('343','8afaff33-3932-11e7-9e12-00ac9c2c0afa','subsidiaryCourseArrangement_del'),('344','8afaff33-3932-11e7-9e12-00ac9c2c0afa','subsidiaryCourseArrangement_query_classroom'),('345','8afaff33-3932-11e7-9e12-00ac9c2c0afa','subsidiaryCourseArrangement_query_teacher'),('346','8afaff33-3932-11e7-9e12-00ac9c2c0afa','subsidiaryCourseArrangement_query_time'),('347','8afaff33-3932-11e7-9e12-00ac9c2c0afa','subsidiaryCourseArrangement_add'),('348','8afaff33-3932-11e7-9e12-00ac9c2c0afa','subsidiaryCourseArrangement_edit'),('35','8b78ae53-0b80-11e7-b367-00ac2794c53f','teacherManage_loadmajorbycollege'),('351','8b78ae53-0b80-11e7-b367-00ac2794c53f','teacherManage_load'),('352','8b78ae53-0b80-11e7-b367-00ac2794c53f','teacherManage_loadcollege'),('353','8b78ae53-0b80-11e7-b367-00ac2794c53f','teacherManage_delete'),('354','8b78ae53-0b80-11e7-b367-00ac2794c53f','teacherNumber_unique'),('355','8b78ae53-0b80-11e7-b367-00ac2794c53f','teacherManage_edit'),('36','c28b0c84-2b20-11e7-ab2a-00ac9c2c0afa','teacherManage_load'),('360','c28b0c84-2b20-11e7-ab2a-00ac9c2c0afa','teacherSparetime_getnodes'),('361','c28b0c84-2b20-11e7-ab2a-00ac9c2c0afa','teacherSparetime_edit1'),('37','56f521fa-41e1-11e7-97a8-00ac9c2c0afa','teachingmaterialsCourse_load'),('370','56f521fa-41e1-11e7-97a8-00ac9c2c0afa','teachingmaterialsCourse_spareMaterial'),('371','56f521fa-41e1-11e7-97a8-00ac9c2c0afa','teachingmaterialsCourse_sets'),('38','39f012d4-46a3-11e7-b8a5-00ac9c2c0afa','teacher_loadCoMaGrInfo'),('380','39f012d4-46a3-11e7-b8a5-00ac9c2c0afa','distribution_loadinfo'),('381','39f012d4-46a3-11e7-b8a5-00ac9c2c0afa','distribution_edit'),('39','f821583d-266d-11e7-8e99-00ac9c2c0afa','teachingmaterialsManage_load'),('390','f821583d-266d-11e7-8e99-00ac9c2c0afa','teachingmaterialsManage_delete'),('391','f821583d-266d-11e7-8e99-00ac9c2c0afa','teachingmaterialsManage_add'),('392','f821583d-266d-11e7-8e99-00ac9c2c0afa','teachingmaterialsManage_edit'),('4','f2180ccb-3947-11e7-bff0-00ac9c2c0afa','educateTask_load'),('40','f2180ccb-3947-11e7-bff0-00ac9c2c0afa','basic_classroom_loadwordbook_classroomtype'),('401','f2180ccb-3947-11e7-bff0-00ac9c2c0afa','educateTask_loadteachtask'),('402','f2180ccb-3947-11e7-bff0-00ac9c2c0afa','educateTask_loadstunum'),('403','f2180ccb-3947-11e7-bff0-00ac9c2c0afa','basic_teachtask_loadmajor'),('404','f2180ccb-3947-11e7-bff0-00ac9c2c0afa','educateTask_loadCoursemore'),('405','f2180ccb-3947-11e7-bff0-00ac9c2c0afa','educateTask_add'),('406','f2180ccb-3947-11e7-bff0-00ac9c2c0afa','educateTask_addmajor'),('407','f2180ccb-3947-11e7-bff0-00ac9c2c0afa','educateTask_edit'),('408','f2180ccb-3947-11e7-bff0-00ac9c2c0afa','educateTask_editmajor'),('409','f2180ccb-3947-11e7-bff0-00ac9c2c0afa','educateTask_loadteachcourse'),('4090','f2180ccb-3947-11e7-bff0-00ac9c2c0afa','educateTask_loadM'),('4091','f2180ccb-3947-11e7-bff0-00ac9c2c0afa','basic_majorcheck_load'),('4092','f2180ccb-3947-11e7-bff0-00ac9c2c0afa','educateTask_loadTeacher'),('4093','f2180ccb-3947-11e7-bff0-00ac9c2c0afa','educateTask_delete'),('41','69a1476f-3952-11e7-bff0-00ac9c2c0afa','educateTaskCheck_load'),('410','69a1476f-3952-11e7-bff0-00ac9c2c0afa','educateTaskCheck_pass'),('411','69a1476f-3952-11e7-bff0-00ac9c2c0afa','educateTaskCheck_reject'),('412','69a1476f-3952-11e7-bff0-00ac9c2c0afa','basic_teachtask_loadmajor'),('42','c778d2c1-49d2-11e7-9cf7-00ac9c2c0afa','teacher_Course_load'),('420','c778d2c1-49d2-11e7-9cf7-00ac9c2c0afa','teacher_Course_classList'),('421','c778d2c1-49d2-11e7-9cf7-00ac9c2c0afa','teacher_Courseclass_stuList'),('422','c778d2c1-49d2-11e7-9cf7-00ac9c2c0afa','teacher_stuscore_pass'),('423','c778d2c1-49d2-11e7-9cf7-00ac9c2c0afa','teacher_stuscore_nopass'),('424','c778d2c1-49d2-11e7-9cf7-00ac9c2c0afa','teacher_stuscore_pass1'),('425','c778d2c1-49d2-11e7-9cf7-00ac9c2c0afa','teacher_stuscore_nopass1'),('43','acb04bd9-473c-11e7-9460-00ac9c2c0afa','teacher_loadCoMaGrInfo'),('430','acb04bd9-473c-11e7-9460-00ac9c2c0afa','distribution_edit'),('44','1fdc4a83-23fc-11e7-bf03-00ac9c2c0afa','terraceManage_pageload'),('440','1fdc4a83-23fc-11e7-bf03-00ac9c2c0afa','terraceManage_delete'),('441','1fdc4a83-23fc-11e7-bf03-00ac9c2c0afa','terraceManage_add'),('442','1fdc4a83-23fc-11e7-bf03-00ac9c2c0afa','terraceManage_edit'),('45','c24f95c8-4f12-11e7-a1c4-00ac9c2c0afa','stu_transferapply_load'),('450','c24f95c8-4f12-11e7-a1c4-00ac9c2c0afa','basic_coursechoosetime_load'),('451','c24f95c8-4f12-11e7-a1c4-00ac9c2c0afa','basic_semester_load'),('452','c24f95c8-4f12-11e7-a1c4-00ac9c2c0afa','stu_transferapply_del'),('453','c24f95c8-4f12-11e7-a1c4-00ac9c2c0afa','stu_transferapply_add'),('454','c24f95c8-4f12-11e7-a1c4-00ac9c2c0afa','stu_transferapply_edit'),('46','c24f95c8-4f12-11e7-a1c4-00ac9c2c0afb','stu_transfercheck_load'),('460','c24f95c8-4f12-11e7-a1c4-00ac9c2c0afb','stu_transfercheck_pass'),('461','c24f95c8-4f12-11e7-a1c4-00ac9c2c0afb','stu_transfercheck_reject'),('47','fecdc9a6-482f-11e7-9a8f-00ac9c2c0afa','withdrawCoursePassInfo_loadoptions'),('470','fecdc9a6-482f-11e7-9a8f-00ac9c2c0afa','withdrawCoursePassInfo_load'),('48','4ec3c8ff-0ad8-11e7-8a10-00ac2794c53f','adminManage_loadAdmin'),('480','4ec3c8ff-0ad8-11e7-8a10-00ac2794c53f','adminManage_delete'),('481','4ec3c8ff-0ad8-11e7-8a10-00ac2794c53f','admin_loadimg'),('482','4ec3c8ff-0ad8-11e7-8a10-00ac2794c53f','adminManage_add'),('483','4ec3c8ff-0ad8-11e7-8a10-00ac2794c53f','adminName_userName'),('484','4ec3c8ff-0ad8-11e7-8a10-00ac2794c53f','adminManage_edit'),('49','452b8746-0abc-11e7-ab6a-00ac2794c53f','editPassword'),('490','452b8746-0abc-11e7-ab6a-00ac2794c53f','index_exit'),('5','aed20416-6611-11e7-a807-00acb5915098','jsapisManage.form'),('51','20cf66e5-092d-11e7-8be9-00ac2794c53f','menuManage_loadMenu'),('510','20cf66e5-092d-11e7-8be9-00ac2794c53f','menuManage_loadParentMenu'),('511','20cf66e5-092d-11e7-8be9-00ac2794c53f','menuManage_deleteMenu'),('512','20cf66e5-092d-11e7-8be9-00ac2794c53f','menuManage_delMenu'),('513','20cf66e5-092d-11e7-8be9-00ac2794c53f','menuManage_addMenu'),('514','20cf66e5-092d-11e7-8be9-00ac2794c53f','menuManage_editMenu'),('52','46f85b9c-1f4d-11e7-9c14-00ac9c2c0afa','roleManage_loadRole'),('520','46f85b9c-1f4d-11e7-9c14-00ac9c2c0afa','roleManage_deleteRole'),('521','46f85b9c-1f4d-11e7-9c14-00ac9c2c0afa','roleManage_editRole'),('522','46f85b9c-1f4d-11e7-9c14-00ac9c2c0afa','roleName_unique'),('523','46f85b9c-1f4d-11e7-9c14-00ac9c2c0afa','roleManage_addRole'),('53','4f0fa4c6-0930-11e7-8be9-00ac2794c53f','roleManage_loadRole'),('530','4f0fa4c6-0930-11e7-8be9-00ac2794c53f','roleAuthority_getmenu'),('531','4f0fa4c6-0930-11e7-8be9-00ac2794c53f','roleAuthority_setmenu'),('54','faca716f-39fc-11e7-b0f2-00ac9c2c0afa','basic_bookpaytime_load'),('540','faca716f-39fc-11e7-b0f2-00ac9c2c0afa','basic_bookpaytime_edit'),('55','34c5b0b8-092d-11e7-8be9-00ac2794c53f','userManage_loadUser'),('550','34c5b0b8-092d-11e7-8be9-00ac2794c53f','userManage_loadRole'),('551','34c5b0b8-092d-11e7-8be9-00ac2794c53f','userManage_Enable'),('552','34c5b0b8-092d-11e7-8be9-00ac2794c53f','userManage_Disable'),('553','34c5b0b8-092d-11e7-8be9-00ac2794c53f','userName_unique'),('554','34c5b0b8-092d-11e7-8be9-00ac2794c53f','userManage_editUser'),('555','34c5b0b8-092d-11e7-8be9-00ac2794c53f','userManage_resetPassword'),('56','97775966-0932-11e7-8be9-00ac2794c53f','wordbookManage_load'),('560','97775966-0932-11e7-8be9-00ac2794c53f','wordbookManage_delete'),('561','97775966-0932-11e7-8be9-00ac2794c53f','wordbookManage_del'),('562','97775966-0932-11e7-8be9-00ac2794c53f','wordbookManage_add'),('563','97775966-0932-11e7-8be9-00ac2794c53f','wordbookManage_edit'),('57','06ca551f-4676-11e7-b8a5-00ac9c2c0afa','teacher_loadCoMaGrInfo'),('570','06ca551f-4676-11e7-b8a5-00ac9c2c0afa','classManage_loadclasses'),('571','06ca551f-4676-11e7-b8a5-00ac9c2c0afa','classManage_delete'),('572','06ca551f-4676-11e7-b8a5-00ac9c2c0afa','classManage_addclass'),('573','06ca551f-4676-11e7-b8a5-00ac9c2c0afa','classManage_editclass'),('58','3a00f3a8-2f98-11e7-9817-00ac9c2c0afa','teacher_educatePlan_load'),('580','3a00f3a8-2f98-11e7-9817-00ac9c2c0afa','teacher_educatePlan_loadgrade'),('581','3a00f3a8-2f98-11e7-9817-00ac9c2c0afa','teacher_educatePlan_loadcourseCategory_1'),('582','3a00f3a8-2f98-11e7-9817-00ac9c2c0afa','teacher_terraceCourse_loadcheckWay'),('583','3a00f3a8-2f98-11e7-9817-00ac9c2c0afa','teacher_educatePlan_loadterrace'),('584','3a00f3a8-2f98-11e7-9817-00ac9c2c0afa','isteacher'),('585','3a00f3a8-2f98-11e7-9817-00ac9c2c0afa','teacher_majorApply_load_majorCollege'),('586','3a00f3a8-2f98-11e7-9817-00ac9c2c0afa','teacher_educatePlan_loadCourse'),('587','3a00f3a8-2f98-11e7-9817-00ac9c2c0afa','teacher_educatePlan_loadMajor'),('588','3a00f3a8-2f98-11e7-9817-00ac9c2c0afa','teacher_educatePlan_loadteacher'),('589','3a00f3a8-2f98-11e7-9817-00ac9c2c0afa','teacher_educatePlan_add'),('5890','3a00f3a8-2f98-11e7-9817-00ac9c2c0afa','teacher_educatePlan_edit'),('5891','3a00f3a8-2f98-11e7-9817-00ac9c2c0afa','teacher_educatePlan_del'),('59','488b98a1-2f98-11e7-9817-00ac9c2c0afa','teacher_educatePlanCheck_loadall'),('590','488b98a1-2f98-11e7-9817-00ac9c2c0afa','teacher_educatePlanCheck_Collegechecked'),('591','488b98a1-2f98-11e7-9817-00ac9c2c0afa','teacher_educatePlanCheck_load'),('592','488b98a1-2f98-11e7-9817-00ac9c2c0afa','teacher_educatePlanCheck_pass'),('593','488b98a1-2f98-11e7-9817-00ac9c2c0afa','teacher_educatePlanCheck_reject'),('6','566a5883-0ae2-11e7-8a10-00ac2794c53f','teacher_majorApply_load'),('60','566a5883-0ae2-11e7-8a10-00ac2794c53f','teacher_majorApply_load_majorCollege'),('601','566a5883-0ae2-11e7-8a10-00ac2794c53f','teacher_majorApply_load_subject'),('602','566a5883-0ae2-11e7-8a10-00ac2794c53f','teacher_majorApply_load_level'),('603','566a5883-0ae2-11e7-8a10-00ac2794c53f','teacher_majorApply_delete'),('604','566a5883-0ae2-11e7-8a10-00ac2794c53f','teacher_majorApply_del'),('605','566a5883-0ae2-11e7-8a10-00ac2794c53f','teacher_majorApply_add'),('606','566a5883-0ae2-11e7-8a10-00ac2794c53f','teacher_majorApply_edit'),('607','566a5883-0ae2-11e7-8a10-00ac2794c53f','teacher_majorApply_isCheck'),('608','566a5883-0ae2-11e7-8a10-00ac2794c53f','teacher_majorApply_end'),('609','566a5883-0ae2-11e7-8a10-00ac2794c53f','teacher_majorApply_start'),('61','d55f6f94-0ae2-11e7-8a10-00ac2794c53f','teacher_majorCheck_load'),('610','d55f6f94-0ae2-11e7-8a10-00ac2794c53f','teacher_majorCheck_pass'),('611','d55f6f94-0ae2-11e7-8a10-00ac2794c53f','teacher_majorCheck_reject'),('62','27e418f1-24e2-11e7-942b-00ac9c2c0afa','teacher_majorList_load'),('620','27e418f1-24e2-11e7-942b-00ac9c2c0afa','teacher_selectMajorTime_start1'),('621','27e418f1-24e2-11e7-942b-00ac9c2c0afa','teacher_selectMajorTime_end1'),('622','27e418f1-24e2-11e7-942b-00ac9c2c0afa','teacher_selectMajorTime_start2'),('623','27e418f1-24e2-11e7-942b-00ac9c2c0afa','teacher_selectMajorTime_end2'),('624','27e418f1-24e2-11e7-942b-00ac9c2c0afa','teacher_majorList_modify'),('625','27e418f1-24e2-11e7-942b-00ac9c2c0afa','teacher_majorList_other'),('626','27e418f1-24e2-11e7-942b-00ac9c2c0afa','teacher_majorList_loadeducatePlan'),('627','27e418f1-24e2-11e7-942b-00ac9c2c0afa','getotherscore'),('628','27e418f1-24e2-11e7-942b-00ac9c2c0afa','basic_majorscore_load'),('629','27e418f1-24e2-11e7-942b-00ac9c2c0afa','basic_classmajor_load'),('63','48ebd497-2706-11e7-a449-00ac9c2c0afa','teacher_majorList_load'),('630','48ebd497-2706-11e7-a449-00ac9c2c0afa','teacher_majorScore_load'),('631','48ebd497-2706-11e7-a449-00ac9c2c0afa','teacher_majorScore_edit'),('64','0f7bfad7-3d26-11e7-8a3d-00ac9c2c0afa','studentManage_loadStudent'),('640','0f7bfad7-3d26-11e7-8a3d-00ac9c2c0afa','manualAdjustCourse_load'),('641','0f7bfad7-3d26-11e7-8a3d-00ac9c2c0afa','manualAdjustCourse_creditshave'),('642','0f7bfad7-3d26-11e7-8a3d-00ac9c2c0afa','manualAdjustCourse_creditsthishave'),('643','0f7bfad7-3d26-11e7-8a3d-00ac9c2c0afa','basic_majorlist_load'),('644','0f7bfad7-3d26-11e7-8a3d-00ac9c2c0afa','terraceManage_loading'),('645','0f7bfad7-3d26-11e7-8a3d-00ac9c2c0afa','teacher_courseCategory_1_load'),('646','0f7bfad7-3d26-11e7-8a3d-00ac9c2c0afa','manualAdjustCourse_loadcourse'),('647','0f7bfad7-3d26-11e7-8a3d-00ac9c2c0afa','manualAdjustCourse_addcourse'),('648','0f7bfad7-3d26-11e7-8a3d-00ac9c2c0afa','manualAdjustCourse_del'),('65','19d5e34c-4769-11e7-9460-00ac9c2c0afa','checkClassList_load'),('650','19d5e34c-4769-11e7-9460-00ac9c2c0afa','checkClassStu_load'),('66','0adc0eb2-49b5-11e7-9cf7-00ac9c2c0afa','studentManage_loadStudent'),('660','0adc0eb2-49b5-11e7-9cf7-00ac9c2c0afa','queryAdjustCourse_load'),('661','0adc0eb2-49b5-11e7-9cf7-00ac9c2c0afa','querySemester_load'),('67','14cdd369-4ab5-11e7-b97b-00ac9c2c0afa','teacher_loadCoMaGrInfo'),('670','14cdd369-4ab5-11e7-b97b-00ac9c2c0afa','queryTerraceCourse_load'),('68','97015277-3a0b-11e7-b0f2-00ac9c2c0afa','basic_coursechoosetime_load'),('680','97015277-3a0b-11e7-b0f2-00ac9c2c0afa','basic_creditsRange_load'),('681','97015277-3a0b-11e7-b0f2-00ac9c2c0afa','basic_studentMajor_load'),('682','97015277-3a0b-11e7-b0f2-00ac9c2c0afa','stu_major_load'),('683','97015277-3a0b-11e7-b0f2-00ac9c2c0afa','basic_stuterraceManage_load'),('684','97015277-3a0b-11e7-b0f2-00ac9c2c0afa','basic_creditshave_load'),('685','97015277-3a0b-11e7-b0f2-00ac9c2c0afa','basic_creditsthishave_load'),('686','97015277-3a0b-11e7-b0f2-00ac9c2c0afa','basic_credit_load'),('687','97015277-3a0b-11e7-b0f2-00ac9c2c0afa','teacher_stuhavachooseCourse_load'),('688','97015277-3a0b-11e7-b0f2-00ac9c2c0afa','basic_stuistiaojicomfirm_load'),('6880','97015277-3a0b-11e7-b0f2-00ac9c2c0afa','teacher_stutiaojiCourse_add'),('6881','97015277-3a0b-11e7-b0f2-00ac9c2c0afa','basic_stucomfirmcou_add'),('6882','97015277-3a0b-11e7-b0f2-00ac9c2c0afa','basic_stucomfirmtiaojicou_add'),('6883','97015277-3a0b-11e7-b0f2-00ac9c2c0afa','basic_StuArgmCour_load'),('6884','97015277-3a0b-11e7-b0f2-00ac9c2c0afa','basic_checktiaojiable_load'),('6885','97015277-3a0b-11e7-b0f2-00ac9c2c0afa','basic_checktiaojiable_edit'),('6886','97015277-3a0b-11e7-b0f2-00ac9c2c0afa','basic_StuArgmCour_load2'),('689','97015277-3a0b-11e7-b0f2-00ac9c2c0afa','basic_creditsthistracehave_load'),('6890','97015277-3a0b-11e7-b0f2-00ac9c2c0afa','teacher_majorchoosecourse_load'),('6891','97015277-3a0b-11e7-b0f2-00ac9c2c0afa','teacher_courseCategory_1_load'),('6892','97015277-3a0b-11e7-b0f2-00ac9c2c0afa','basic_stuselectcourse_load'),('6893','97015277-3a0b-11e7-b0f2-00ac9c2c0afa','basic_stuisselect_load'),('6894','97015277-3a0b-11e7-b0f2-00ac9c2c0afa','basic_stuiselect2_load'),('6895','97015277-3a0b-11e7-b0f2-00ac9c2c0afa','basic_stuiselect3_load'),('6896','97015277-3a0b-11e7-b0f2-00ac9c2c0afa','basic_stuiselect1_load'),('6897','97015277-3a0b-11e7-b0f2-00ac9c2c0afa','teacher_stuexitCourse_del'),('6898','97015277-3a0b-11e7-b0f2-00ac9c2c0afa','teacher_stuexitCourse_del2'),('6899','97015277-3a0b-11e7-b0f2-00ac9c2c0afa','teacher_stuchooseCourse_add'),('69','042796b8-25a3-11e7-954a-00ac9c2c0afa','teacher_selectMajorTime_start1'),('690','042796b8-25a3-11e7-954a-00ac9c2c0afa','teacher_selectMajorTime_end1'),('691','042796b8-25a3-11e7-954a-00ac9c2c0afa','teacher_selectMajorTime_start2'),('692','042796b8-25a3-11e7-954a-00ac9c2c0afa','teacher_selectMajorTime_end2'),('693','042796b8-25a3-11e7-954a-00ac9c2c0afa','teacher_selectMajorTime_edit'),('7','2b7c7ef0-3c6b-11e7-8a3d-00ac9c2c0afa','StuArgmCour_load'),('70','2b7c7ef0-3c6b-11e7-8a3d-00ac9c2c0afa','StuArgmCour_getUserId'),('701','2b7c7ef0-3c6b-11e7-8a3d-00ac9c2c0afa','stu_argmchange_load'),('71','fe978d99-2ae3-11e7-ab2a-00ac9c2c0afa','teacher_terraceCourse_load'),('710','fe978d99-2ae3-11e7-ab2a-00ac9c2c0afa','teacher_terraceCourse_loadcheckWay'),('711','fe978d99-2ae3-11e7-ab2a-00ac9c2c0afa','teacher_terraceCourse_loadterm'),('712','fe978d99-2ae3-11e7-ab2a-00ac9c2c0afa','teacher_terraceCourse_majorList'),('713','fe978d99-2ae3-11e7-ab2a-00ac9c2c0afa','teacher_terraceCourse_loadterrace'),('714','fe978d99-2ae3-11e7-ab2a-00ac9c2c0afa','teacher_terraceCourse_loadEP'),('715','fe978d99-2ae3-11e7-ab2a-00ac9c2c0afa','teacher_terraceCourse_add'),('716','fe978d99-2ae3-11e7-ab2a-00ac9c2c0afa','teacher_terraceCourse_edit'),('717','fe978d99-2ae3-11e7-ab2a-00ac9c2c0afa','teacher_terraceCourse_del'),('72','aad0fa11-2eda-11e7-aa3d-00ac9c2c0afa','teacher_terraceCourseCheck_loadall'),('720','aad0fa11-2eda-11e7-aa3d-00ac9c2c0afa','teacher_terraceCourseCheck_Collegechecked'),('721','aad0fa11-2eda-11e7-aa3d-00ac9c2c0afa','teacher_terraceCourseCheck_load'),('723','aad0fa11-2eda-11e7-aa3d-00ac9c2c0afa','teacher_terraceCourseCheck_pass'),('724','aad0fa11-2eda-11e7-aa3d-00ac9c2c0afa','teacher_terraceCourseCheck_reject'),('73','869949c9-3fac-11e7-a6e6-00ac9c2c0afa','withdrawCourseApply_load'),('730','869949c9-3fac-11e7-a6e6-00ac9c2c0afa','basic_coursechoosetime_load'),('731','869949c9-3fac-11e7-a6e6-00ac9c2c0afa','withdrawCourseApply_apply'),('74','9f47f1cc-3fac-11e7-a6e6-00ac9c2c0afa','withdrawCourseCheck_load'),('740','9f47f1cc-3fac-11e7-a6e6-00ac9c2c0afa','withdrawCourseCheck_pass'),('741','9f47f1cc-3fac-11e7-a6e6-00ac9c2c0afa','withdrawCourseCheck_reject'),('75','52830b24-49d2-11e7-9cf7-00ac9c2c0afa','checkElectivesList_loadMajor'),('750','52830b24-49d2-11e7-9cf7-00ac9c2c0afa','checkElectivesList_loadCourse'),('751','52830b24-49d2-11e7-9cf7-00ac9c2c0afa','checkElectivesList_loadStu'),('76','68fbb6d9-4126-11e7-90dc-00ac9c2c0afa','checkUnuseCRoom'),('77','eed05f9d-46be-11e7-b8a5-00ac9c2c0afa','checkUnuseTh');

/*Table structure for table `message` */

DROP TABLE IF EXISTS `message`;

CREATE TABLE `message` (
  `messageId` varchar(45) NOT NULL,
  `messageTitle` varchar(45) DEFAULT NULL COMMENT '消息标题',
  `messageContent` varchar(200) DEFAULT NULL COMMENT '消息内容',
  `messageDate` datetime DEFAULT NULL ON UPDATE CURRENT_TIMESTAMP COMMENT '消息日期',
  `isRead` varchar(5) DEFAULT NULL COMMENT '是否已读:是/否',
  `receiverId` varchar(45) DEFAULT NULL COMMENT '接收人ID',
  `isDelete` varchar(5) DEFAULT NULL COMMENT '是否删除:是/否',
  PRIMARY KEY (`messageId`)
) ENGINE=InnoDB DEFAULT CHARSET=utf8mb4 COMMENT='消息表';

/*Data for the table `message` */

insert  into `message`(`messageId`,`messageTitle`,`messageContent`,`messageDate`,`isRead`,`receiverId`,`isDelete`) values ('02cf5375-5095-40cd-a7a4-1528c15b5142','退课拒绝通知','   \n  环境规范员工与人体佛与推广覅股骨头得\n将妇女UI提供i','2017-09-29 14:36:33','是','b69d5e95-3a1d-11e7-b0f2-00ac9c2c0afa','否'),('030c4728-c60c-4abe-bd16-5094a414e90e','退课通过通知','退课通过','2017-09-29 14:36:33','是','b69d5e95-3a1d-11e7-b0f2-00ac9c2c0afa','否'),('03fe7e76-b873-451d-aa22-9fb97c643db2','退课通过通知','退课通过','2017-09-29 14:36:33','是','b69d5e95-3a1d-11e7-b0f2-00ac9c2c0afa','否'),('051d406d-04ca-4405-906b-79540b2b01f4','教学任务审核通知','教学任务（教师开课）审核已通过','2017-09-26 11:50:54','是','a8c0-00ac9c2c0afa','否'),('052391c8-f4f9-4ab1-a93b-a0e21f963410','教学任务审核通知','教学任务（教师开课）审核已通过','2017-08-23 08:58:05','否','13254654-0921-11e7-8be9-00ac2794c53f','否'),('05822424-7d10-4483-86ea-d3ab26c5e469','教学任务审核通知','教学任务（教师开课）代写教材','2017-10-25 15:02:44','否','a8c0-00ac9c2c0afa','否'),('058fbd80-3a0a-4e25-bddc-71553b557f57','教学任务审核通知','教学任务（教师开课）审核已通过','2017-09-20 10:55:48','是','a8c0-00ac9c2c0afa','否'),('0b34da9f-1e22-48bb-9032-2764c4e0dc2d','教学任务审核通知','教学任务（教师开课）审核已通过','2017-09-26 11:50:54','是','a8c0-00ac9c2c0afa','否'),('0b4a344a-430a-47ec-a0d9-8765e769c13f','退课拒绝通知','butongdhou','2017-05-24 10:53:54','否','09085b9e-3fa7-11e7-a6e6-00ac9c2c0afa','否'),('0d37fa09-cc2c-4125-87dc-d422fae5eefa','教学任务审核通知','教学任务（教师开课）审核已通过','2017-09-20 10:55:45','是','a8c0-00ac9c2c0afa','否'),('0ebe17d8-975e-4b69-beda-970ca1adb7ef','教学任务审核通知','消息内容消息内容消息内容消息内容个地方灌灌灌灌灌灌灌灌灌灌灌灌灌灌灌灌灌灌灌灌灌灌灌灌灌','2017-08-15 15:35:10','是','a8c0-00ac9c2c0afa','是'),('1200e8d4-5443-49c9-90ef-8d5eb515d96d','教学任务审核通知','教学任务（教师开课）审核已通过','2017-08-15 15:34:52','是','a8c0-00ac9c2c0afa','否'),('125da8ef-b39d-4264-8dd6-f6c1dad8d569','教学任务审核通知','教学任务（教师开课）审核已通过','2017-09-20 10:55:54','是','a8c0-00ac9c2c0afa','否'),('13f5ab08-5fb7-11e7-8c87-00ac9c2c0afa','调剂通知','成功调剂到213','2017-07-03 14:15:57','否','924e9467-2ac1-43ac-9ca6-8cdf1bf16173','否'),('13fe6a82-5fb7-11e7-8c87-00ac9c2c0afa','调剂通知','成功调剂到213','2017-09-29 14:36:33','是','b69d5e95-3a1d-11e7-b0f2-00ac9c2c0afa','否'),('1404aca4-5fb7-11e7-8c87-00ac9c2c0afa','调剂通知','部分课程调剂失败','2017-07-03 14:15:57','否','b4b7890a-390b-4d76-b269-ee1529fbc1ef','否'),('1408cbf7-5fb7-11e7-8c87-00ac9c2c0afa','调剂通知','部分课程调剂失败','2017-07-03 14:15:57','否','b4b7890a-390b-4d76-b269-ee1529fbc1ef','否'),('140dffa5-5fb7-11e7-8c87-00ac9c2c0afa','调剂通知','部分课程调剂失败','2017-07-03 14:15:57','否','b4b7890a-390b-4d76-b269-ee1529fbc1ef','否'),('153ef0b0-cf3d-47e2-a141-f24ab5b47a72','教学任务审核通知','教学任务（教师开课）代写教材','2017-10-13 17:14:04','否','a8c0-00ac9c2c0afa','否'),('17082080-3ad7-11e7-9360-00ac9c2c0afa','教学任务审核通知','教学任务（教师开课）审核已通过','2017-06-14 16:37:59','否','c4bc94ee-1f47-11e7-9c14-00ac9c2c0afa','否'),('17a69049-b770-417d-9580-641675667fc1','教学任务审核通知','教学任务（教师开课）审核已通过','2017-08-23 09:03:46','是','a8c0-00ac9c2c0afa','否'),('190af72a-2150-4614-8de1-6b2b488ed22b','教学任务审核通知','教学任务（教师开课）审核已通过','2017-09-20 10:55:55','是','a8c0-00ac9c2c0afa','否'),('1b9fdc65-c669-4827-8260-64c86f2bf6c2','教学任务审核通知','教学任务（教师开课）代写教材','2017-10-25 10:31:46','否','a8c0-00ac9c2c0afa','否'),('1e1403db-5995-4d63-b1e9-2631a8506e4a','退课通过通知','退课通过','2017-08-22 14:58:28','是','b69d5e95-3a1d-11e7-b0f2-00ac9c2c0afa','是'),('1ef3101c-d868-4f7a-b0aa-29231fe0ae45','教学任务审核通知','教学任务（教师开课）审核已通过','2017-10-11 15:50:01','是','a8c0-00ac9c2c0afa','否'),('1f8c2d35-f274-458e-bb3e-623b469c7c6f','退课通过通知','退课通过','2017-09-29 14:36:33','是','b69d5e95-3a1d-11e7-b0f2-00ac9c2c0afa','否'),('20db82e6-7894-4bb1-904d-43960d30c2b2','教学任务审核通知','教学任务（教师开课）审核已通过','2017-08-23 09:03:46','是','a8c0-00ac9c2c0afa','否'),('264a6dbd-c597-4449-8a85-e28d506e7af8','退课拒绝通知','aaaaaaaaaaaaaaaaaaaaaaaaaaaaaaaaaaaaaaaaaaaaa','2017-10-13 10:50:50','否','b69d5e95-3a1d-11e7-b0f2-00ac9c2c0afa','否'),('29e900a3-1812-4401-af56-dd241d4ff411','退课拒绝通知','565656\n2326','2017-09-22 18:26:16','是','ed15f9f3-99c7-11e7-bd45-408d5ce8eb96','否'),('2a220e66-6245-4fb4-ba34-4faaaa9b87bc','教学任务审核通知','教学任务（教师开课）审核已通过','2017-08-25 09:25:47','是','a8c0-00ac9c2c0afa','否'),('2a287a23-7192-44f2-bec2-e0d3cb73ee8e','退课拒绝通知','no','2017-08-22 14:58:28','是','b69d5e95-3a1d-11e7-b0f2-00ac9c2c0afa','否'),('2a8d173e-73a5-47b6-9569-f9602c085612','教学任务审核通知','教学任务（教师开课）代写教材','2017-10-24 14:26:00','否','a8c0-00ac9c2c0afa','否'),('2df32cfc-a69f-43e2-a8ab-fb1c7aeb173f','教学任务审核通知','教学任务（教师开课）审核已通过','2017-09-20 10:55:59','是','a8c0-00ac9c2c0afa','否'),('30a8152e-edc6-4488-a551-7f995ada6c41','教学任务审核通知','教学任务（教师开课）代写教材','2017-10-13 17:57:45','否','a8c0-00ac9c2c0afa','否'),('34a18dde-4c72-4000-a098-a6aabd979d09','退课拒绝通知','\n5496581 ','2017-09-29 14:36:33','是','b69d5e95-3a1d-11e7-b0f2-00ac9c2c0afa','否'),('35ac86ad-7ea6-4abb-a025-8ae8a6838607','教学任务审核通知','教学任务（教师开课）审核已通过','2017-06-07 14:18:54','否','dab26913-42b6-11e7-a8c0-00ac9c2c0afa','否'),('36241c1b-8a49-4a26-8b84-5b60fb22bfa9','退课通过通知','退课通过','2017-09-29 14:36:33','是','b69d5e95-3a1d-11e7-b0f2-00ac9c2c0afa','否'),('372d52a5-4435-46a2-b13d-0187d3d20d6e','教学任务审核通知','教学任务（教师开课）审核已通过','2017-06-14 16:38:27','否','c4bc94ee-1f47-11e7-9c14-00ac9c2c0afa','否'),('37e021ea-a5e7-4387-84a1-5463ef3d9bd0','教学任务审核通知','教学任务（教师开课）审核已通过','2017-09-20 10:56:04','是','a8c0-00ac9c2c0afa','否'),('3c441ecc-3a9c-11e7-9360-00ac9c2c0afa','教学任务审核通知','教学任务（教师开课）审核已通过','2017-06-14 16:38:28','否','c4bc94ee-1f47-11e7-9c14-00ac9c2c0afa','否'),('3d516407-1e87-4476-8358-838ffc667ad8','教学任务审核通知','消息内容消息内容消息内容消息内容个地方灌灌灌灌灌灌灌灌灌灌灌灌灌灌灌灌灌灌灌灌灌灌灌灌灌','2017-08-15 15:35:10','是','a8c0-00ac9c2c0afa','是'),('414116a2-7317-4728-adba-10ea1e9600f1','教学任务审核通知','教学任务（教师开课）代写教材','2017-10-25 09:56:14','否','a8c0-00ac9c2c0afa','否'),('41e6083a-2f51-4dbe-9cab-459325d4a33a','退课拒绝通知','\n环境规范与欧文日前切割费全额\n而缺乏沟通亲可以恢复\n且我国房东人','2017-09-29 14:36:33','是','b69d5e95-3a1d-11e7-b0f2-00ac9c2c0afa','否'),('421196d1-5a64-4b9f-bf1d-9eed7d26b608','教学任务审核通知','教学任务（教师开课）审核已通过','2017-08-15 15:34:52','是','a8c0-00ac9c2c0afa','否'),('471f9c55-e443-413e-a954-6b943c1eaebc','教学任务审核通知','教学任务（教师开课）审核已通过','2017-10-11 15:50:01','是','a8c0-00ac9c2c0afa','否'),('4780e94a-5be8-4a13-bdb1-e40b9667737e','教学任务审核通知','教学任务（教师开课）审核已通过','2017-09-20 10:56:11','是','a8c0-00ac9c2c0afa','否'),('485df84c-e8d7-4817-9c68-2eb936c3618e','教学任务审核通知','教学任务（教师开课）审核已通过','2017-10-11 15:50:01','是','a8c0-00ac9c2c0afa','否'),('48731e7a-9900-457c-b0fd-f2606faea0f0','退课通过通知','退课通过','2017-09-29 14:36:33','是','b69d5e95-3a1d-11e7-b0f2-00ac9c2c0afa','否'),('4908ac58-97e3-4fc0-b8d9-845afc431c73','教学任务审核通知','教学任务（教师开课）审核已通过','2017-10-11 15:50:13','是','a8c0-00ac9c2c0afa','是'),('4939a753-9127-4acc-aff2-b0aea6e4101c','教学任务审核通知','教学任务（教师开课）审核已通过','2017-06-14 16:38:29','否','c4bc94ee-1f47-11e7-9c14-00ac9c2c0afa','否'),('4cbd66bd-25e1-4473-a934-14359d208ea8','退课拒绝通知',' ADSNBFHJASBDDA 大事发生的 阿斯蒂芬打算阿斯蒂芬发斯蒂芬大','2017-10-13 08:38:06','否','b69d5e95-3a1d-11e7-b0f2-00ac9c2c0afa','否'),('4ed1e709-c9fd-49a0-b767-80c9f13ca270','退课通过通知','退课通过','2017-08-23 10:37:57','是','b69d5e95-3a1d-11e7-b0f2-00ac9c2c0afa','否'),('4fe98b35-1c1c-4041-a190-566437f2bd1b','教学任务审核通知','消息内容消息内容消息内容消息内容个地方灌灌灌灌灌灌灌灌灌灌灌灌灌灌灌灌灌灌灌灌灌灌灌灌灌','2017-08-15 15:35:10','是','a8c0-00ac9c2c0afa','是'),('507804c0-7563-49e7-989b-703aac538e98','教学任务审核通知','教学任务（教师开课）审核已通过','2017-06-21 09:44:45','否','dab26913-42b6-11e7-a8c0-00ac9c2c0afa','否'),('51f34f37-2728-40d2-9985-439a61531f6e','教学任务审核通知','教学任务（教师开课）审核已通过','2017-06-01 15:54:04','否','dab26913-42b6-11e7-a8c0-00ac9c2c0afa','否'),('51fb808e-08d6-4afa-8337-22a301ed8e52','教学任务审核通知','教学任务（教师开课）审核已通过','2017-09-20 10:56:12','是','a8c0-00ac9c2c0afa','否'),('5210c18e-c389-4c9d-9e39-1590255cee81','教学任务审核通知','教学任务（教师开课）审核已通过','2017-08-19 17:43:20','否','dab26913-42b6-11e7-a8c0-00ac9c2c0afa','否'),('525206fe-0b06-11e7-a8d9-00ac2794c53f','消息标题','消息内容消息内容消息内容消息内容个地方灌灌灌灌灌灌灌灌灌灌灌灌灌灌灌灌灌灌灌灌灌灌灌灌灌','2017-09-28 09:55:49','是','fca3b7d9-0921-11e7-8be9-00ac2794c53f','是'),('525884c9-0b06-11e7-a8d9-00ac2794c53f','消息标题','消息内容消息内容消息内容消息内容','2017-07-11 14:10:44','是','fca3b7d9-0921-11e7-8be9-00ac2794c53f','是'),('525d4b7b-0b06-11e7-a8d9-00ac2794c53f','消息标题','消息内容消息内容消息内容消息内容','2017-09-28 09:56:02','是','fca3b7d9-0921-11e7-8be9-00ac2794c53f','是'),('52677932-0b06-11e7-a8d9-00ac2794c53f','消息标题','消息内容消息内容消息内容消息内容','2017-09-28 09:55:56','是','fca3b7d9-0921-11e7-8be9-00ac2794c53f','是'),('5277e0cc-0b06-11e7-a8d9-00ac2794c53f','消息标题','消息内容消息内容消息内容消息内容','2017-09-28 09:55:56','是','fca3b7d9-0921-11e7-8be9-00ac2794c53f','是'),('527be8ca-0b06-11e7-a8d9-00ac2794c53f','消息标题','消息内容消息内容消息内容消息内容','2017-09-28 09:55:56','是','fca3b7d9-0921-11e7-8be9-00ac2794c53f','是'),('5280c124-0b06-11e7-a8d9-00ac2794c53f','消息标题','消息内容消息内容消息内容消息内容','2017-09-28 09:55:56','是','fca3b7d9-0921-11e7-8be9-00ac2794c53f','是'),('528da3f6-0b06-11e7-a8d9-00ac2794c53f','消息标题','消息内容消息内容消息内容消息内容','2017-09-28 09:55:56','是','fca3b7d9-0921-11e7-8be9-00ac2794c53f','是'),('5292909a-0b06-11e7-a8d9-00ac2794c53f','消息标题','消息内容消息内容消息内容消息内容','2017-09-28 09:55:56','是','fca3b7d9-0921-11e7-8be9-00ac2794c53f','是'),('5297cf48-0b06-11e7-a8d9-00ac2794c53f','消息标题','消息内容消息内容消息内容消息内容','2017-09-28 09:55:56','是','fca3b7d9-0921-11e7-8be9-00ac2794c53f','是'),('529e0357-0b06-11e7-a8d9-00ac2794c53f','消息标题','消息内容消息内容消息内容消息内容','2017-09-28 09:56:02','是','fca3b7d9-0921-11e7-8be9-00ac2794c53f','是'),('52a33a04-0b06-11e7-a8d9-00ac2794c53f','消息标题','消息内容消息内容消息内容消息内容','2017-09-28 09:55:56','是','fca3b7d9-0921-11e7-8be9-00ac2794c53f','是'),('52a827fc-0b06-11e7-a8d9-00ac2794c53f','消息标题','消息内容消息内容消息内容消息内容','2017-09-28 09:56:02','是','fca3b7d9-0921-11e7-8be9-00ac2794c53f','是'),('52ad6d8b-0b06-11e7-a8d9-00ac2794c53f','消息标题','消息内容消息内容消息内容消息内容','2017-07-11 14:10:44','是','fca3b7d9-0921-11e7-8be9-00ac2794c53f','是'),('52b25ae9-0b06-11e7-a8d9-00ac2794c53f','消息标题','消息内容消息内容消息内容消息内容','2017-07-11 14:10:44','是','fca3b7d9-0921-11e7-8be9-00ac2794c53f','是'),('52b797b3-0b06-11e7-a8d9-00ac2794c53f','消息标题','消息内容消息内容消息内容消息内容','2017-09-28 09:55:56','是','fca3b7d9-0921-11e7-8be9-00ac2794c53f','是'),('52bc7f9d-0b06-11e7-a8d9-00ac2794c53f','消息标题','消息内容消息内容消息内容消息内容','2017-09-28 09:55:56','是','fca3b7d9-0921-11e7-8be9-00ac2794c53f','是'),('52c1bc21-0b06-11e7-a8d9-00ac2794c53f','消息标题','消息内容消息内容消息内容消息内容','2017-09-28 09:56:02','是','fca3b7d9-0921-11e7-8be9-00ac2794c53f','是'),('52c6ab70-0b06-11e7-a8d9-00ac2794c53f','消息标题','消息内容消息内容消息内容消息内容','2017-09-28 09:56:02','是','fca3b7d9-0921-11e7-8be9-00ac2794c53f','是'),('52cbe9de-0b06-11e7-a8d9-00ac2794c53f','消息标题','消息内容消息内容消息内容消息内容','2017-09-28 09:56:02','是','fca3b7d9-0921-11e7-8be9-00ac2794c53f','是'),('535087cd-f7b8-440a-ba85-e3be3af0f82f','教学任务审核通知','教学任务（教师开课）审核已通过','2017-06-14 16:38:31','否','c4bc94ee-1f47-11e7-9c14-00ac9c2c0afa','否'),('54d019e1-41d6-4bc7-a26d-6ab46f0bb17b','退课通过通知','退课通过','2017-09-29 14:36:33','是','b69d5e95-3a1d-11e7-b0f2-00ac9c2c0afa','否'),('56bc65a6-ad96-4d7a-b947-6886a6e876b5','教学任务审核通知','教学任务（教师开课）审核已通过','2017-06-14 09:26:20','否','6ce125c1-4b4f-11e7-a96a-00ac9c2c0afa','是'),('571be29e-bf90-4a3f-a318-a3662a346d8a','教学任务审核通知','教学任务（教师开课）审核已通过','2017-08-23 09:03:46','是','a8c0-00ac9c2c0afa','否'),('577fd3c8-6802-4b13-96a1-73017e43c1ac','教学任务审核通知','教学任务（教师开课）审核已通过','2017-08-23 09:03:46','是','a8c0-00ac9c2c0afa','否'),('581899c0-71bb-4026-89df-1d1f6dda16d2','退课拒绝通知','退课申请被拒绝,拒绝理由: 不可以不上，继续坚持kfew\n耳朵high哦给UI过去而定 UI额无法\n\n','2017-10-13 16:39:01','否','b69d5e95-3a1d-11e7-b0f2-00ac9c2c0afa','否'),('58d6ee52-530b-4015-adeb-28a7cd110b0b','教学任务审核通知','教学任务（教师开课）审核已通过','2017-09-20 10:56:13','是','a8c0-00ac9c2c0afa','否'),('5c4889bb-039b-418a-a98c-504def241e9b','退课拒绝通知','sdfdasfdas ','2017-09-29 14:36:33','是','b69d5e95-3a1d-11e7-b0f2-00ac9c2c0afa','否'),('5da0e67a-4aaa-4bd6-b46b-191d2dbb56e7','教学任务审核通知','教学任务（教师开课）审核已通过','2017-10-11 15:50:13','是','a8c0-00ac9c2c0afa','是'),('5dc391e7-19ea-40d1-8163-6fc55dc8d1d7','教学任务审核通知','教学任务（教师开课）审核已通过','2017-10-11 15:50:13','是','a8c0-00ac9c2c0afa','是'),('5e8992bd-b599-435d-9268-30244534ea64','教学任务审核通知','教学任务（教师开课）审核已通过','2017-10-11 15:50:01','是','a8c0-00ac9c2c0afa','否'),('5ecb5b44-9300-4273-aa90-019e1c0f92cd','退课拒绝通知','退课申请被拒绝,拒绝理由:啊啊','2017-10-17 09:41:16','否','b69d5e95-3a1d-11e7-b0f2-00ac9c2c0afa','否'),('5f458177-5679-487d-8517-33e761e5a525','退课通过通知','退课通过','2017-07-10 15:24:52','是','b69d5e95-3a1d-11e7-b0f2-00ac9c2c0afa','否'),('5fec2076-3ad8-11e7-9360-00ac9c2c0afa','教学任务审核通知','教学任务（教师开课）审核已通过','2017-06-14 16:38:29','否','c4bc94ee-1f47-11e7-9c14-00ac9c2c0afa','否'),('605852cb-9085-4b7d-ad68-aebdb0b1bfad','退课通过通知','退课通过','2017-10-13 10:52:50','否','b69d5e95-3a1d-11e7-b0f2-00ac9c2c0afa','否'),('60b8c919-d6cb-43c7-b116-3ca67ff9cb49','教学任务审核通知','消息内容消息内容消息内容消息内容个地方灌灌灌灌灌灌灌灌灌灌灌灌灌灌灌灌灌灌灌灌灌灌灌灌灌','2017-08-15 15:35:10','是','a8c0-00ac9c2c0afa','是'),('61d17c43-89ea-4ce4-9140-c2c6c50e67cc','教学任务审核通知','教学任务（教师开课）审核已通过','2017-06-14 16:38:32','否','c4bc94ee-1f47-11e7-9c14-00ac9c2c0afa','否'),('632657b0-4745-4030-a233-b0a0a2e0e5c1','教学任务审核通知','教学任务（教师开课）审核已通过','2017-08-21 08:26:52','否','13254654-0921-11e7-8be9-00ac2794c53f','否'),('649f8f89-a573-4c7a-9fd1-19c08dc95679','退课拒绝通知','\n23564+\n56846 ','2017-09-29 14:36:33','是','b69d5e95-3a1d-11e7-b0f2-00ac9c2c0afa','否'),('68785051-cd6b-42e5-ad7f-61c5b0517169','教学任务审核通知','教学任务（教师开课）审核已通过','2017-09-20 10:56:14','是','a8c0-00ac9c2c0afa','否'),('69eaf6f6-05c4-483b-b74c-cdf9d3c3e10e','教学任务审核通知','教学任务（教师开课）代写教材','2017-10-24 14:00:31','否','a8c0-00ac9c2c0afa','否'),('6a50f99f-96b5-43b8-8ae8-4d2360fe73e6','教学任务审核通知','教学任务（教师开课）审核已通过','2017-09-20 10:56:14','是','a8c0-00ac9c2c0afa','否'),('6d7b26eb-3a9d-11e7-9360-00ac9c2c0afa','教学任务审核通知','教学任务（教师开课）审核已通过','2017-06-14 16:38:32','否','c4bc94ee-1f47-11e7-9c14-00ac9c2c0afa','否'),('70bc3b96-07a8-4077-aa77-df2cef6c8fac','教学任务审核通知','教学任务（教师开课）审核已通过','2017-08-24 09:37:19','是','bfa48510-8608-11e7-89db-408d5ce8eb96','否'),('727e1269-01a5-4bfc-95f6-4c83caf0b21c','教学任务审核通知','消息内容消息内容消息内容消息内容个地方灌灌灌灌灌灌灌灌灌灌灌灌灌灌灌灌灌灌灌灌灌灌灌灌灌','2017-08-15 15:35:10','是','a8c0-00ac9c2c0afa','是'),('72bf1b05-2656-434f-976b-6f2f3cd70b5a','教学任务审核通知','教学任务（教师开课）审核已通过','2017-08-25 08:47:34','否','c4bc94ee-1f47-11e7-9c14-00ac9c2c0afa','否'),('74953a52-56c2-445e-943a-e52c46165b09','教学任务审核通知','教学任务（教师开课）审核已通过','2017-10-11 15:50:01','是','a8c0-00ac9c2c0afa','否'),('76c8a3bf-60b8-4adc-92c2-9129277ef92a','教学任务审核通知','教学任务（教师开课）审核已通过','2017-07-07 09:25:03','是','0d2e3e48-392a-11e7-9e12-00ac9c2c0afa','否'),('7a69bab8-88c6-4524-97d0-56007d3a2964','教学任务审核通知','教学任务（教师开课）审核已通过','2017-09-20 10:56:15','是','a8c0-00ac9c2c0afa','否'),('7af0bac7-1175-4b66-bfe4-b8141dd507e5','教学任务审核通知','教学任务（教师开课）审核已通过','2017-10-11 15:50:13','是','a8c0-00ac9c2c0afa','是'),('7f813310-937f-4803-99fe-df2f78e1c3bc','教学任务审核通知','教学任务（教师开课）审核已通过','2017-08-24 14:12:03','否','9a8020b0-4f38-11e7-a1c4-00ac9c2c0afa','否'),('7fa7a93f-912f-46b4-86b4-ee493a63918f','教学任务审核通知','教学任务（教师开课）审核已通过','2017-10-11 15:50:20','是','a8c0-00ac9c2c0afa','是'),('826966fb-1eb1-417b-a975-3a6211ca639f','教学任务审核通知','教学任务（教师开课）代写教材','2017-10-25 14:29:57','否','a8c0-00ac9c2c0afa','否'),('84dcaa22-ace3-439b-b096-2e2aa89ad2ba','教学任务审核通知','教学任务（教师开课）审核已通过','2017-08-24 16:54:42','是','a8c0-00ac9c2c0afa','否'),('84fea4d2-bf0b-47a6-a576-b4cf99584525','教学任务审核通知','消息内容消息内容消息内容消息内容个地方灌灌灌灌灌灌灌灌灌灌灌灌灌灌灌灌灌灌灌灌灌灌灌灌灌','2017-08-15 15:35:10','是','a8c0-00ac9c2c0afa','是'),('851533f1-3a9a-11e7-9360-00ac9c2c0afa','教学任务审核通知','教学任务（教师开课）审核已通过','2017-06-14 16:38:32','否','c4bc94ee-1f47-11e7-9c14-00ac9c2c0afa','否'),('87065abf-7843-40de-9801-8152f188a374','退课通过通知','退课通过','2017-09-29 14:36:33','是','b69d5e95-3a1d-11e7-b0f2-00ac9c2c0afa','否'),('8941f495-24bc-490c-8400-2c10c1c318fc','教学任务审核通知','教学任务（教师开课）审核已通过','2017-09-20 10:56:15','是','a8c0-00ac9c2c0afa','否'),('8c9c7614-c8f4-4886-be46-e823fafa275f','退课拒绝通知','1','2017-07-10 15:24:54','是','b69d5e95-3a1d-11e7-b0f2-00ac9c2c0afa','否'),('8cd4625a-bc6d-48d0-8af1-35406e576e02','教学任务审核通知','教学任务（教师开课）审核已通过','2017-06-14 16:38:32','否','c4bc94ee-1f47-11e7-9c14-00ac9c2c0afa','否'),('8e9a5d38-7946-439b-a61c-e341e1011ffc','教学任务审核通知','教学任务（教师开课）代写教材','2017-10-13 17:20:02','否','a8c0-00ac9c2c0afa','否'),('8fe81717-a61c-4b49-988a-d84aae8aae17','教学任务审核通知','教学任务（教师开课）代写教材','2017-10-26 09:16:04','否','a8c0-00ac9c2c0afa','否'),('91101fc3-0091-4fb1-a7ee-0562b9c233a7','教学任务审核通知','教学任务（教师开课）审核已通过','2017-09-20 10:56:15','是','a8c0-00ac9c2c0afa','否'),('911c18b5-39e4-450e-919d-534ab42539eb','教学任务审核通知','教学任务（教师开课）审核已通过','2017-09-20 10:56:16','是','a8c0-00ac9c2c0afa','否'),('95c0bafb-6bab-4a9a-9631-bec1ae0e1ee1','退课拒绝通知',' 多少打发地多少打发地多少打发地多少打发地多少打发地多少打发地多少打发地','2017-10-13 10:44:38','否','b69d5e95-3a1d-11e7-b0f2-00ac9c2c0afa','否'),('96debaf1-3c81-45f8-a280-066942a0c876','退课拒绝通知','9784651\n4851\nfrwqg\ndgw','2017-09-29 14:36:33','是','b69d5e95-3a1d-11e7-b0f2-00ac9c2c0afa','否'),('993900ec-7273-4590-ba2f-209723429144','教学任务审核通知','教学任务（教师开课）审核已通过','2017-08-19 17:46:07','否','3e0dd46b-5e2b-11e7-bdf5-00ac9c2c0afa','否'),('9962dd61-009c-4abb-a196-c26683a9c7cd','教学任务审核通知','教学任务（教师开课）代写教材','2017-10-26 14:01:06','否','a8c0-00ac9c2c0afa','否'),('9bea7db9-3a9d-11e7-9360-00ac9c2c0afa','教学任务审核通知','教学任务（教师开课）审核已通过','2017-06-14 16:38:33','否','c4bc94ee-1f47-11e7-9c14-00ac9c2c0afa','否'),('9bec7181-4acb-46f8-a121-af0d432e207d','教学任务审核通知','教学任务（教师开课）审核已通过','2017-10-11 15:50:13','是','a8c0-00ac9c2c0afa','是'),('9d7d2ff0-7038-41da-a449-185df106ba7a','退课通过通知','退课通过','2017-09-22 08:46:45','否','545','否'),('a03b85ba-3a9a-11e7-9360-00ac9c2c0afa','教学任务审核通知','教学任务（教师开课）审核已通过','2017-06-14 16:38:35','否','c4bc94ee-1f47-11e7-9c14-00ac9c2c0afa','否'),('a15809e0-3a9c-11e7-9360-00ac9c2c0afa','教学任务审核通知','教学任务（教师开课）审核已通过','2017-06-14 16:38:35','否','c4bc94ee-1f47-11e7-9c14-00ac9c2c0afa','否'),('a444adcd-8f7c-4330-81cb-904f23d95c4a','教学任务审核通知','教学任务（教师开课）审核已通过','2017-05-31 09:36:12','否','dab26913-42b6-11e7-a8c0-00ac9c2c0afa','否'),('a7ee65af-9267-4ef8-bd94-723d4704f363','退课拒绝通知','      啊实打实大','2017-09-29 14:36:33','是','b69d5e95-3a1d-11e7-b0f2-00ac9c2c0afa','否'),('a9ba1d2b-054c-405c-825f-533e4e61df05','教学任务审核通知','消息内容消息内容消息内容消息内容个地方灌灌灌灌灌灌灌灌灌灌灌灌灌灌灌灌灌灌灌灌灌灌灌灌灌','2017-08-15 15:35:10','是','a8c0-00ac9c2c0afa','是'),('ab847245-761e-4302-849b-376aa0a13e37','教学任务审核通知','教学任务（教师开课）审核已通过','2017-08-24 16:12:06','是','a8c0-00ac9c2c0afa','否'),('abb30649-5879-4a7c-9af3-a5c48cc2b130','教学任务审核通知','教学任务（教师开课）审核已通过','2017-10-26 13:49:28','否','a8c0-00ac9c2c0afa','否'),('ae94d3d7-5823-4216-aee5-43d4997b688e','教学任务审核通知','教学任务（教师开课）代写教材','2017-10-25 10:28:25','否','a8c0-00ac9c2c0afa','否'),('af78ae96-cd55-46fa-ab04-77de13e4ab2a','教学任务审核通知','教学任务（教师开课）审核已通过','2017-10-11 15:50:00','是','a8c0-00ac9c2c0afa','否'),('b363994d-20eb-4646-9642-bb32c798eca8','退课拒绝通知','退课申请被拒绝,拒绝理由:  假的回复会玩\nIE我国哈佛i\n广大有返钱过去覅偶dj\n\n','2017-10-13 18:11:09','否','b69d5e95-3a1d-11e7-b0f2-00ac9c2c0afa','否'),('b5f5353a-cdd7-4228-9819-8953a8709a58','退课通过通知','退课通过','2017-09-29 14:36:33','是','b69d5e95-3a1d-11e7-b0f2-00ac9c2c0afa','否'),('b79529b6-a916-4789-8035-125b495898a4','教学任务审核通知','教学任务（教师开课）审核已通过','2017-10-11 15:50:13','是','a8c0-00ac9c2c0afa','是'),('b871449a-9cd5-4ac5-a519-6a37f6b99a73','退课通过通知','退课通过','2017-09-29 14:36:33','是','b69d5e95-3a1d-11e7-b0f2-00ac9c2c0afa','否'),('bb45403d-894c-469b-94a5-7d9c900d0445','教学任务审核通知','教学任务（教师开课）审核已通过','2017-10-11 15:50:01','是','a8c0-00ac9c2c0afa','否'),('bb895436-305b-4e09-b99e-7c0540738d05','退课拒绝通知','不行,你得休完 ,你得休完 ,你得休完 ,你得休完 ,你得休完 ,你得休完 ,你得休完 ','2017-10-13 16:12:13','否','b69d5e95-3a1d-11e7-b0f2-00ac9c2c0afa','否'),('bd609bc4-e07e-4ae4-8a52-42c09dcb9ffb','退课拒绝通知','不让你退','2017-08-22 14:58:28','是','b69d5e95-3a1d-11e7-b0f2-00ac9c2c0afa','否'),('bdc44cac-8a6b-4682-ba76-3fd9eecad3e4','退课拒绝通知','多少打发地多少打发地多少打发地多少打发地多少打发地','2017-10-13 10:42:49','否','b69d5e95-3a1d-11e7-b0f2-00ac9c2c0afa','否'),('bf64cd97-b9f8-48ef-b347-f5cace71a33c','教学任务审核通知','教学任务（教师开课）审核已通过','2017-10-11 15:50:20','是','a8c0-00ac9c2c0afa','是'),('c53afeb3-46a1-4853-995b-47f55da1480d','教学任务审核通知','教学任务（教师开课）审核已通过','2017-10-11 15:50:13','是','a8c0-00ac9c2c0afa','是'),('c6f4b974-3ae5-41e5-9dfb-a796fcab84c2','退课拒绝通知','退课申请被拒绝,拒绝理由: 测试','2017-10-13 16:33:10','是','b69d5e95-3a1d-11e7-b0f2-00ac9c2c0afa','否'),('c7281e2e-8cd6-46b7-b714-a7dbe9204722','退课通过通知','退课通过','2017-06-19 09:51:26','否','09085b9e-3fa7-11e7-a6e6-00ac9c2c0afa','否'),('c7b94928-ab72-44e4-aad5-bf7b51154dfa','退课拒绝通知','黑客股份瞰几个号发起\n我看见回复而过任务 ','2017-09-29 14:36:33','是','b69d5e95-3a1d-11e7-b0f2-00ac9c2c0afa','否'),('c8527b51-6fd3-4a33-ad74-5c0956da2968','教学任务审核通知','教学任务（教师开课）审核已通过','2017-06-14 09:34:29','否','13254654-0921-11e7-8be9-00ac2794c53f','否'),('ce746ff1-78d7-444c-afb3-4a505c9659a4','教学任务审核通知','教学任务（教师开课）审核已通过','2017-10-11 15:50:14','是','a8c0-00ac9c2c0afa','是'),('cea5b4a4-ac19-428f-86de-32edc8b34895','教学任务审核通知','教学任务（教师开课）审核已通过','2017-09-09 13:30:11','否','dab26913-42b6-11e7-a8c0-00ac9c2c0afa','否'),('ced0b9e1-6d38-40b8-857b-1f724e78b61e','教学任务审核通知','消息内容消息内容消息内容消息内容个地方灌灌灌灌灌灌灌灌灌灌灌灌灌灌灌灌灌灌灌灌灌灌灌灌灌','2017-08-15 15:35:10','是','a8c0-00ac9c2c0afa','是'),('d1660ac0-1c46-41a4-bc76-f515da2f29ac','教学任务审核通知','教学任务（教师开课）审核已通过','2017-06-14 16:38:37','否','c4bc94ee-1f47-11e7-9c14-00ac9c2c0afa','否'),('d24f3dfc-e600-489f-b309-7501fc0017ec','教学任务审核通知','教学任务（教师开课）审核已通过','2017-10-11 15:50:14','是','a8c0-00ac9c2c0afa','是'),('d42b2af8-fbb2-415d-a2ca-b4588207b631','教学任务审核通知','教学任务（教师开课）审核已通过','2017-08-24 09:37:07','是','bfa48510-8608-11e7-89db-408d5ce8eb96','否'),('d59182c6-2cdf-4262-84a8-a09a46231d9d','教学任务审核通知','教学任务（教师开课）审核已通过','2017-09-20 10:56:16','是','a8c0-00ac9c2c0afa','否'),('d676c1a9-0103-488e-a4f3-895a6eb24940','退课拒绝通知','退课申请被拒绝,拒绝理由: fdashfoaghsogihhagfkl\nljdhfasguah你看见了哈\n\n ','2017-10-13 18:12:37','否','b69d5e95-3a1d-11e7-b0f2-00ac9c2c0afa','否'),('d9a09ae9-39eb-11e7-b0f2-00ac9c2c0afa','教学任务审核通知','教学任务（教师开课）审核已通过','2017-06-14 16:38:35','否','c4bc94ee-1f47-11e7-9c14-00ac9c2c0afa','否'),('da1bc281-fcc0-4c8d-b117-83ea658feb36','教学任务审核通知','消息内容消息内容消息内容消息内容个地方灌灌灌灌灌灌灌灌灌灌灌灌灌灌灌灌灌灌灌灌灌灌灌灌灌','2017-08-15 15:35:10','是','a8c0-00ac9c2c0afa','是'),('dd40c5ef-ae60-11e7-a596-408d5ce8eb96','教学任务审核通知','教学任务（教师开课）代写教材','2017-10-11 16:47:51','否','a8c0-00ac9c2c0afa','否'),('dfb49159-3a9c-11e7-9360-00ac9c2c0afa','教学任务审核通知','教学任务（教师开课）审核已通过','2017-06-14 16:38:36','否','c4bc94ee-1f47-11e7-9c14-00ac9c2c0afa','否'),('e05dbe7c-d3f9-45dd-b8f0-40fec9567ecb','退课通过通知','退课通过','2017-08-22 11:40:21','是','b69d5e95-3a1d-11e7-b0f2-00ac9c2c0afa','否'),('e2e035c6-184e-438e-b80d-d7e89ff853fd','教学任务审核通知','教学任务（教师开课）审核已通过','2017-10-25 10:45:01','否','a8c0-00ac9c2c0afa','否'),('e3d33262-71b2-4358-86cf-37bc5ddbd61d','教学任务审核通知','教学任务（教师开课）审核已通过','2017-06-14 16:38:37','否','c4bc94ee-1f47-11e7-9c14-00ac9c2c0afa','否'),('e473ea7c-81a5-4075-8e55-edf70ac78fef','教学任务审核通知','教学任务（教师开课）审核已通过','2017-10-11 15:50:14','是','a8c0-00ac9c2c0afa','是'),('e5c9996d-81ad-474f-9d29-8722625c1a2c','教学任务审核通知','教学任务（教师开课）审核已通过','2017-08-23 09:03:46','是','a8c0-00ac9c2c0afa','否'),('e79148ae-15bf-4702-8b93-25e66e45b893','退课通过通知','退课通过','2017-10-13 16:29:00','否','b69d5e95-3a1d-11e7-b0f2-00ac9c2c0afa','否'),('e7ce028d-9abe-481d-aa5b-b42cd04aaffe','教学任务审核通知','教学任务（教师开课）审核已通过','2017-09-26 11:50:54','是','a8c0-00ac9c2c0afa','否'),('e9e6e6d8-1a86-45ab-8657-d143247e13e1','教学任务审核通知','教学任务（教师开课）审核已通过','2017-09-14 10:00:20','否','dab26913-42b6-11e7-a8c0-00ac9c2c0afa','否'),('ea47b3b6-171d-49bd-9153-59956c9973ed','退课拒绝通知',' dasfasdfasdfdas\ndas\nfdas\nf\nasd\nfasd\ndsfasdf','2017-10-13 08:30:55','否','b69d5e95-3a1d-11e7-b0f2-00ac9c2c0afa','否'),('ead0df1f-8b5a-458a-bc43-d5d7ffae40ef','教学任务审核通知','教学任务（教师开课）审核已通过','2017-09-26 11:50:54','是','a8c0-00ac9c2c0afa','否'),('f2a8d418-b354-447d-a12a-542afe818a07','教学任务审核通知','教学任务（教师开课）审核已通过','2017-06-14 16:38:37','否','c4bc94ee-1f47-11e7-9c14-00ac9c2c0afa','否'),('f2abfacb-c88d-430b-b4af-546e3b7d8f5e','退课通过通知','退课通过','2017-09-29 14:36:33','是','b69d5e95-3a1d-11e7-b0f2-00ac9c2c0afa','否'),('f545983b-cac9-441d-8eb6-015a4c905f43','教学任务审核通知','教学任务（教师开课）审核已通过','2017-09-26 11:50:54','是','a8c0-00ac9c2c0afa','否'),('f5623b33-da81-440f-a941-b33af7d18f47','教学任务审核通知','教学任务（教师开课）审核已通过','2017-06-21 09:57:33','否','dab26913-42b6-11e7-a8c0-00ac9c2c0afa','否'),('f61569fd-1b28-49b5-b8f2-538266710976','教学任务审核通知','教学任务（教师开课）审核已通过','2017-08-24 09:37:19','是','bfa48510-8608-11e7-89db-408d5ce8eb96','否'),('f97b1e27-b928-11e7-8c74-00acc501c3ab','教学任务审核通知','教学任务（教师开课）代写教材','2017-10-25 10:05:24','否','a8c0-00ac9c2c0afa','否'),('fa2d28b3-3fdd-4bb2-a06e-1c011ae525bf','教学任务审核通知','教学任务（教师开课）审核已通过','2017-08-15 15:34:52','是','a8c0-00ac9c2c0afa','否'),('fa8447e0-c987-428b-a14a-1c739d272f6d','退课拒绝通知','       as','2017-09-29 14:36:33','是','b69d5e95-3a1d-11e7-b0f2-00ac9c2c0afa','否'),('fc1d6b14-9613-48e0-a907-aa6e2f882d07','退课通过通知','退课通过','2017-09-29 14:36:33','是','b69d5e95-3a1d-11e7-b0f2-00ac9c2c0afa','否'),('fe9db1fd-b521-4ab6-9a1f-5b97a2a53d01','教学任务审核通知','教学任务（教师开课）审核已通过','2017-10-11 15:54:18','是','a8c0-00ac9c2c0afa','否'),('fffbf983-e18e-4cec-947e-e452d2d4a858','教学任务审核通知','教学任务（教师开课）审核已通过','2017-10-11 15:50:01','是','a8c0-00ac9c2c0afa','否');

/*Table structure for table `paymentstatus` */

DROP TABLE IF EXISTS `paymentstatus`;

CREATE TABLE `paymentstatus` (
  `paymentstatusId` varchar(45) NOT NULL,
  `studentId` varchar(45) DEFAULT NULL COMMENT '学生Id',
  `semester` varchar(45) DEFAULT NULL COMMENT '学期',
  `shouldPay` varchar(45) DEFAULT NULL COMMENT '应缴费金额',
  `realPay` varchar(45) DEFAULT NULL COMMENT '实际缴费金额',
  `status` varchar(45) DEFAULT NULL COMMENT '缴费状态:未缴费/已缴费',
  `is_auto` varchar(45) DEFAULT NULL COMMENT '自助缴费：1是/0否',
  `books` varchar(450) DEFAULT NULL COMMENT '选课教材信息',
  PRIMARY KEY (`paymentstatusId`)
) ENGINE=InnoDB DEFAULT CHARSET=utf8mb4;

/*Data for the table `paymentstatus` */

insert  into `paymentstatus`(`paymentstatusId`,`studentId`,`semester`,`shouldPay`,`realPay`,`status`,`is_auto`,`books`) values ('3b2c0a27-44e8-4d35-889d-9f539dbd5427','123','2018/2019第一学期','75.0','0','未缴费','','java|fd通验教程'),('4dfaa680-84af-11e7-8102-408d5ce8eb96','123','2016/2017第二学期',NULL,NULL,'未缴费',NULL,'管理会计(附练习册)高等院校应用型本科会计创新人才培养规划教材'),('9eb3226f-87c4-42e0-9687-63c23d43bc59','3c01dbf3-b6b6-4f0b-b095-639d1f45fa0a','2018/2019第一学期','50.0','0','未缴费','','java'),('b3b179b6-e7f9-471a-a537-51f8e8f1113d','b3b179b6-e7f9-471a-a537-51f8e8f1113d','2016/2017第二学期','46.55','0','未缴费','','通信原理实验教程|管理会计(附练习册)高等院校应用型本科会计创新人才培养规划教材|通信原理实验教程|管理会计(附练习册)高等院校应用型本科会计创新人才培养规划教材|通信原理实验教程|管理会计(附练习册)高等院校应用型本科会计创新人才培养规划教材|通信原理实验教程|管理会计(附练习册)高等院校应用型本科会计创新人才培养规划教材|通信原理实验教程|管理会计(附练习册)高等院校应用型本科会计创新人才培养规划教材|通信原理实验教程|管理会计(附练习册)高等院校应用型本科会计创新人才培养规划教材|通信原理实验教程|管理会计(附练习册)高等院校应用型本科会计创新人才培养规划教材|通信原理实验教程|管理会计(附练习册)高等院校应用型本科会计创新人才培养规划教材|通信原理实验教程|管理会计(附练习册)高等院校应用型本科会计创新人才培养规划教材'),('cd036b80-4804-11e7-9a8f-00ac9c2c0afa','1858608c-2137-4b47-8525-f437e2d3e89d','2016/2017第一学期','30','0','未缴费','','管理会计(附练习册)高等院校应用型本科会计创新人才培养规划教材'),('d49ac3eb-4804-11e7-9a8f-00ac9c2c0afa','4f4ef905-693b-49e3-92de-e2be492e6ebd','2016/2017第一学期','30','0','未缴费','','管理会计(附练习册)高等院校应用型本科会计创新人才培养规划教材'),('dad4be37-4804-11e7-9a8f-00ac9c2c0afa','78e43495-0b79-11e7-b367-00ac2794c53f','2016/2017第一学期','30','0','未缴费','','管理会计(附练习册)高等院校应用型本科会计创新人才培养规划教材'),('e5cfa3d9-ac22-46ce-87ec-bd96a3ab5123','12345','2018/2019第一学期','25.0','0','未缴费','','fd通验教程'),('fcce8837-192b-4b7d-9e3e-ebc515a4b000','1858608c-2137-4b47-8525-f437e2d3e89d','2016/2017第二学期','46.55','0','未缴费','','管理会计(附练习册)高等院校应用型本科会计创新人才培养规划教材');

/*Table structure for table `prioritysort` */

DROP TABLE IF EXISTS `prioritysort`;

CREATE TABLE `prioritysort` (
  `id` varchar(50) NOT NULL,
  `priorityname` varchar(50) DEFAULT NULL COMMENT '优先级名称',
  `sort` int(11) DEFAULT NULL COMMENT '排序号(数字越小，优先级越高)',
  `classname` varchar(250) DEFAULT NULL COMMENT '规则类路径',
  `isenabled` varchar(50) DEFAULT NULL,
  `punishValue` int(11) DEFAULT NULL COMMENT '惩罚值',
  PRIMARY KEY (`id`)
) ENGINE=InnoDB DEFAULT CHARSET=utf8mb4;

/*Data for the table `prioritysort` */

insert  into `prioritysort`(`id`,`priorityname`,`sort`,`classname`,`isenabled`,`punishValue`) values ('r1','教室容量',1,'com.nxlg.rules.RoomCapacityRule','1',10000000),('r10','每个专业的专业课应该尽量被安排在同一教学楼',10,'com.nxlg.rules.SameSpecialtyOneBuilding','0',100),('r11','教师一天最多上几节课（教师空余设置）',11,'com.nxlg.rules.CoursesOnedayOneteacher','1',200),('r12','最小容积率',2,'com.nxlg.rules.MinRoomCapacityRateRule','0',20023),('r2','课程节次偏好',3,'com.nxlg.rules.CouresSectionRule','1',134),('r3','课程教室类型',8,'com.nxlg.rules.CoteRoomType','1',10000000),('r4','同一天出现重复课程',4,'com.nxlg.rules.SameCourseOneday','0',10),('r5','课程隔天',7,'com.nxlg.rules.SameCourseNeighbordays','1',100),('r6','课程错节',9,'com.nxlg.rules.SameSectionOneCourseOneWeek','1',100),('r7','教师冲突',5,'com.nxlg.rules.SameSectionOneTeacher','0',10000000),('r8','周学时',6,'com.nxlg.rules.SchoolHours','1',10000000),('r9','下一节课不安排课程（后续课程安排）',12,'com.nxlg.rules.NextCourseIsNull','0',20000);

/*Table structure for table `role` */

DROP TABLE IF EXISTS `role`;

CREATE TABLE `role` (
  `roleId` varchar(45) NOT NULL,
  `roleName` varchar(45) DEFAULT NULL COMMENT '角色名称',
  `isNeuNb` varchar(5) DEFAULT NULL COMMENT '是否为公司角色',
  `isSystem` varchar(5) DEFAULT NULL COMMENT '是否为系统角色',
  `createMan` varchar(45) DEFAULT NULL,
  `createDate` datetime DEFAULT NULL,
  `updateMan` varchar(45) DEFAULT NULL,
  `updateDate` datetime DEFAULT NULL,
  PRIMARY KEY (`roleId`)
) ENGINE=InnoDB DEFAULT CHARSET=utf8 COMMENT='角色表';

/*Data for the table `role` */

insert  into `role`(`roleId`,`roleName`,`isNeuNb`,`isSystem`,`createMan`,`createDate`,`updateMan`,`updateDate`) values ('195501cf-00b1-11e7-829b-00ac2794c53f','东深科技','否','是','',NULL,'admin','2017-03-15 14:41:46'),('29a6c777-86d6-11e7-98c2-408d5ce8eb96','测试管理员','否','是','testadmin','2017-08-22 09:06:43','admin','2017-09-09 17:21:10'),('65326f2c-45af-11e7-a0c0-00ac9c2c0afa','教务处','否','是','1111','2017-05-31 11:15:27',NULL,NULL),('6c960904-45af-11e7-a0c0-00ac9c2c0afa','学院主管','否','是','1111','2017-05-31 11:15:40',NULL,NULL),('721e54c8-45af-11e7-a0c0-00ac9c2c0afa','教材管理员','否','是','1111','2017-05-31 11:15:49',NULL,NULL),('83392b4e-86e2-11e7-98c2-408d5ce8eb96','tea','否','否','admin','2017-08-22 10:35:08',NULL,NULL),('c8a698e9-3ad4-11e7-9360-00ac9c2c0afa','教师','否','是','test2','2017-05-17 15:45:23',NULL,NULL),('ebf0cc00-2335-11e7-a910-00ac9c2c0afa','学生','否','是','admin','2017-04-17 14:20:19',NULL,NULL),('fe4a185d-0d4a-11e7-b2fe-00ac9c2c0afa','管理员','否','是','admin','2017-03-20 16:55:40',NULL,NULL);

/*Table structure for table `role_menu` */

DROP TABLE IF EXISTS `role_menu`;

CREATE TABLE `role_menu` (
  `rmId` varchar(45) CHARACTER SET utf8mb4 NOT NULL,
  `roleId` varchar(45) CHARACTER SET utf8mb4 DEFAULT NULL,
  `menuId` varchar(45) CHARACTER SET utf8mb4 DEFAULT NULL COMMENT 'menu删除时，同步删除',
  PRIMARY KEY (`rmId`),
  KEY `menuId` (`menuId`)
) ENGINE=InnoDB DEFAULT CHARSET=utf8;

/*Data for the table `role_menu` */

insert  into `role_menu`(`rmId`,`roleId`,`menuId`) values ('2073424f-233c-11e7-a910-00ac9c2c0afa','c610bee6-1f49-11e7-9c14-00ac9c2c0afa','144400d1-092d-11e7-8be9-00ac2794c53f'),('207c5501-233c-11e7-a910-00ac9c2c0afa','c610bee6-1f49-11e7-9c14-00ac9c2c0afa','20cf66e5-092d-11e7-8be9-00ac2794c53f'),('2086882c-233c-11e7-a910-00ac9c2c0afa','c610bee6-1f49-11e7-9c14-00ac9c2c0afa','34c5b0b8-092d-11e7-8be9-00ac2794c53f'),('208f6a9f-233c-11e7-a910-00ac9c2c0afa','c610bee6-1f49-11e7-9c14-00ac9c2c0afa','46f85b9c-1f4d-11e7-9c14-00ac9c2c0afa'),('209376d6-233c-11e7-a910-00ac9c2c0afa','c610bee6-1f49-11e7-9c14-00ac9c2c0afa','4ec3c8ff-0ad8-11e7-8a10-00ac2794c53f'),('20986266-233c-11e7-a910-00ac9c2c0afa','c610bee6-1f49-11e7-9c14-00ac9c2c0afa','4f0fa4c6-0930-11e7-8be9-00ac2794c53f'),('209c36bc-233c-11e7-a910-00ac9c2c0afa','c610bee6-1f49-11e7-9c14-00ac9c2c0afa','97775966-0932-11e7-8be9-00ac2794c53f'),('27b80d91-84b4-11e7-8102-408d5ce8eb96','ebf0cc00-2335-11e7-a910-00ac9c2c0afa','585552f9-0aba-11e7-ab6a-00ac2794c53f'),('27cc2928-84b4-11e7-8102-408d5ce8eb96','ebf0cc00-2335-11e7-a910-00ac9c2c0afa','452b8746-0abc-11e7-ab6a-00ac2794c53f'),('27e352c1-84b4-11e7-8102-408d5ce8eb96','ebf0cc00-2335-11e7-a910-00ac9c2c0afa','a9a52431-0aba-11e7-ab6a-00ac2794c53f'),('27f78d73-84b4-11e7-8102-408d5ce8eb96','ebf0cc00-2335-11e7-a910-00ac9c2c0afa','aaf6d6e1-0ae0-11e7-8a10-00ac279dc53f'),('280d7780-84b4-11e7-8102-408d5ce8eb96','ebf0cc00-2335-11e7-a910-00ac9c2c0afa','0f7bfad7-3d26-11e7-8a3d-00ac9c2c0afa'),('282a35b3-84b4-11e7-8102-408d5ce8eb96','ebf0cc00-2335-11e7-a910-00ac9c2c0afa','27e418f1-24e2-11e7-942b-00ac9c2c0afa'),('28459a4f-84b4-11e7-8102-408d5ce8eb96','ebf0cc00-2335-11e7-a910-00ac9c2c0afa','2b7c7ef0-3c6b-11e7-8a3d-00ac9c2c0afa'),('285d79e3-84b4-11e7-8102-408d5ce8eb96','ebf0cc00-2335-11e7-a910-00ac9c2c0afa','7c219fea-3bad-11e7-89b7-00ac9c2c0afa'),('287d3207-84b4-11e7-8102-408d5ce8eb96','ebf0cc00-2335-11e7-a910-00ac9c2c0afa','869949c9-3fac-11e7-a6e6-00ac9c2c0afa'),('2898afca-84b4-11e7-8102-408d5ce8eb96','ebf0cc00-2335-11e7-a910-00ac9c2c0afa','97015277-3a0b-11e7-b0f2-00ac9c2c0afa'),('28ae9a09-84b4-11e7-8102-408d5ce8eb96','ebf0cc00-2335-11e7-a910-00ac9c2c0afa','9f47f1cc-3fac-11e7-a6e6-00ac9c2c0afa'),('28c34be8-84b4-11e7-8102-408d5ce8eb96','ebf0cc00-2335-11e7-a910-00ac9c2c0afa','bde05dca-4c18-11e7-95d7-00ac9c2c0afa'),('28d8bc56-84b4-11e7-8102-408d5ce8eb96','ebf0cc00-2335-11e7-a910-00ac9c2c0afa','bde05dca-4c18-11e7-95d7-00ac9c2c0sss'),('28f88425-84b4-11e7-8102-408d5ce8eb96','ebf0cc00-2335-11e7-a910-00ac9c2c0afa','c24f95c8-4f12-11e7-a1c4-00ac9c2c0afa'),('290dcb56-84b4-11e7-8102-408d5ce8eb96','ebf0cc00-2335-11e7-a910-00ac9c2c0afa','c24f95c8-4f12-11e7-a1c4-00ac9c2c0afb'),('4cc77e8b-953f-11e7-be34-408d5ce8eb96','fe4a185d-0d4a-11e7-b2fe-00ac9c2c0afa','144400d1-092d-11e7-8be9-00ac2794c53f'),('4cd06873-953f-11e7-be34-408d5ce8eb96','fe4a185d-0d4a-11e7-b2fe-00ac9c2c0afa','20cf66e5-092d-11e7-8be9-00ac2794c53f'),('4cd560b8-953f-11e7-be34-408d5ce8eb96','fe4a185d-0d4a-11e7-b2fe-00ac9c2c0afa','34c5b0b8-092d-11e7-8be9-00ac2794c53f'),('4cd988be-953f-11e7-be34-408d5ce8eb96','fe4a185d-0d4a-11e7-b2fe-00ac9c2c0afa','46f85b9c-1f4d-11e7-9c14-00ac9c2c0afa'),('4cde63ad-953f-11e7-be34-408d5ce8eb96','fe4a185d-0d4a-11e7-b2fe-00ac9c2c0afa','4ec3c8ff-0ad8-11e7-8a10-00ac2794c53f'),('4ce234b1-953f-11e7-be34-408d5ce8eb96','fe4a185d-0d4a-11e7-b2fe-00ac9c2c0afa','4f0fa4c6-0930-11e7-8be9-00ac2794c53f'),('4ce74fe6-953f-11e7-be34-408d5ce8eb96','fe4a185d-0d4a-11e7-b2fe-00ac9c2c0afa','97775966-0932-11e7-8be9-00ac2794c53f'),('4ceb3917-953f-11e7-be34-408d5ce8eb96','fe4a185d-0d4a-11e7-b2fe-00ac9c2c0afa','aed20416-6611-11e7-a807-00acb5915098'),('4cf02914-953f-11e7-be34-408d5ce8eb96','fe4a185d-0d4a-11e7-b2fe-00ac9c2c0afa','585552f9-0aba-11e7-ab6a-00ac2794c53f'),('4cf40586-953f-11e7-be34-408d5ce8eb96','fe4a185d-0d4a-11e7-b2fe-00ac9c2c0afa','452b8746-0abc-11e7-ab6a-00ac2794c53f'),('4cf940c9-953f-11e7-be34-408d5ce8eb96','fe4a185d-0d4a-11e7-b2fe-00ac9c2c0afa','a9a52431-0aba-11e7-ab6a-00ac2794c53f'),('4cfceed7-953f-11e7-be34-408d5ce8eb96','fe4a185d-0d4a-11e7-b2fe-00ac9c2c0afa','aaf6d6e1-0ae0-11e7-8a10-00ac279dc53f'),('4d01e901-953f-11e7-be34-408d5ce8eb96','fe4a185d-0d4a-11e7-b2fe-00ac9c2c0afa','0adc0eb2-49b5-11e7-9cf7-00ac9c2c0afa'),('4d05c529-953f-11e7-be34-408d5ce8eb96','fe4a185d-0d4a-11e7-b2fe-00ac9c2c0afa','0f7bfad7-3d26-11e7-8a3d-00ac9c2c0afa'),('4d0ad910-953f-11e7-be34-408d5ce8eb96','fe4a185d-0d4a-11e7-b2fe-00ac9c2c0afa','9f47f1cc-3fac-11e7-a6e6-00ac9c2c0afa'),('4d0ec254-953f-11e7-be34-408d5ce8eb96','fe4a185d-0d4a-11e7-b2fe-00ac9c2c0afa','c24f95c8-4f12-11e7-a1c4-00ac9c2c0afb'),('4d13a87d-953f-11e7-be34-408d5ce8eb96','fe4a185d-0d4a-11e7-b2fe-00ac9c2c0afa','adf6d6e1-0ae0-11e7-8a10-00ac2794c53f'),('4d17c2eb-953f-11e7-be34-408d5ce8eb96','fe4a185d-0d4a-11e7-b2fe-00ac9c2c0afa','042796b8-25a3-11e7-954a-00ac9c2c0afa'),('4d1ca706-953f-11e7-be34-408d5ce8eb96','fe4a185d-0d4a-11e7-b2fe-00ac9c2c0afa','488b98a1-2f98-11e7-9817-00ac9c2c0afa'),('4d209d93-953f-11e7-be34-408d5ce8eb96','fe4a185d-0d4a-11e7-b2fe-00ac9c2c0afa','48ebd497-2706-11e7-a449-00ac9c2c0afa'),('4d25970f-953f-11e7-be34-408d5ce8eb96','fe4a185d-0d4a-11e7-b2fe-00ac9c2c0afa','4c960990-3955-11e7-bff0-00ac9c2c0afa'),('4d296d77-953f-11e7-be34-408d5ce8eb96','fe4a185d-0d4a-11e7-b2fe-00ac9c2c0afa','69a1476f-3952-11e7-bff0-00ac9c2c0afa'),('4d2e73fe-953f-11e7-be34-408d5ce8eb96','fe4a185d-0d4a-11e7-b2fe-00ac9c2c0afa','aad0fa11-2eda-11e7-aa3d-00ac9c2c0afa'),('4d323f83-953f-11e7-be34-408d5ce8eb96','fe4a185d-0d4a-11e7-b2fe-00ac9c2c0afa','c778d2c1-49d2-11e7-9cf7-00ac9c2c0afa'),('4d377c4a-953f-11e7-be34-408d5ce8eb96','fe4a185d-0d4a-11e7-b2fe-00ac9c2c0afa','e595e9e7-3954-11e7-bff0-00ac9c2c0afa'),('4d3b400d-953f-11e7-be34-408d5ce8eb96','fe4a185d-0d4a-11e7-b2fe-00ac9c2c0afa','bd76566d-09f0-11e7-982e-00ac2794c53f'),('4d404238-953f-11e7-be34-408d5ce8eb96','fe4a185d-0d4a-11e7-b2fe-00ac9c2c0afa','06ca551f-4676-11e7-b8a5-00ac9c2c0afa'),('4d441c09-953f-11e7-be34-408d5ce8eb96','fe4a185d-0d4a-11e7-b2fe-00ac9c2c0afa','11aca6a1-09f6-11e7-982e-00ac2794c53f'),('4d492253-953f-11e7-be34-408d5ce8eb96','fe4a185d-0d4a-11e7-b2fe-00ac9c2c0afa','1fdc4a83-23fc-11e7-bf03-00ac9c2c0afa'),('4d4d09a0-953f-11e7-be34-408d5ce8eb96','fe4a185d-0d4a-11e7-b2fe-00ac9c2c0afa','566a5883-0ae2-11e7-8a10-00ac2794c53f'),('4d51fa16-953f-11e7-be34-408d5ce8eb96','fe4a185d-0d4a-11e7-b2fe-00ac9c2c0afa','79c8520f-24db-11e7-942b-00ac9c2c0afa'),('4d55f1b7-953f-11e7-be34-408d5ce8eb96','fe4a185d-0d4a-11e7-b2fe-00ac9c2c0afa','8b78ae53-0b80-11e7-b367-00ac2794c53f'),('4d5ae6fa-953f-11e7-be34-408d5ce8eb96','fe4a185d-0d4a-11e7-b2fe-00ac9c2c0afa','bd2408db-42aa-11e7-a8c0-00ac9c2c0afa'),('4d5ed4ee-953f-11e7-be34-408d5ce8eb96','fe4a185d-0d4a-11e7-b2fe-00ac9c2c0afa','d55f6f94-0ae2-11e7-8a10-00ac2794c53f'),('4d63c6a8-953f-11e7-be34-408d5ce8eb96','fe4a185d-0d4a-11e7-b2fe-00ac9c2c0afa','e8fc44ff-09f0-11e7-982e-00ac2794c53f'),('4d67c262-953f-11e7-be34-408d5ce8eb96','fe4a185d-0d4a-11e7-b2fe-00ac9c2c0afa','ec822044-23fe-11e7-bf03-00ac9c2c0afa'),('4d6cc0c4-953f-11e7-be34-408d5ce8eb96','fe4a185d-0d4a-11e7-b2fe-00ac9c2c0afa','ee76566d-09f0-11e7-982e-00ac2794c53f'),('4d709f82-953f-11e7-be34-408d5ce8eb96','fe4a185d-0d4a-11e7-b2fe-00ac9c2c0afa','06b86200-2a4e-11e7-8f54-00ac9c2c0afa'),('4d78fc4c-953f-11e7-be34-408d5ce8eb96','fe4a185d-0d4a-11e7-b2fe-00ac9c2c0afa','10ff52cc-4050-11e7-b642-00ac9c2c0afa'),('4d7fd769-953f-11e7-be34-408d5ce8eb96','fe4a185d-0d4a-11e7-b2fe-00ac9c2c0afa','3096730f-36f4-11e7-b12e-00ac9c2c0afa'),('4d84e462-953f-11e7-be34-408d5ce8eb96','fe4a185d-0d4a-11e7-b2fe-00ac9c2c0afa','33b7b6fc-3b62-11e7-89b7-00ac9c2c0afa'),('4d9434a0-953f-11e7-be34-408d5ce8eb96','fe4a185d-0d4a-11e7-b2fe-00ac9c2c0afa','3f6d9aed-24d1-11e7-942b-00ac9c2c0afa'),('4d9e6ffd-953f-11e7-be34-408d5ce8eb96','fe4a185d-0d4a-11e7-b2fe-00ac9c2c0afa','580c5e75-498c-11e7-9f6f-00ac9c2c0afa'),('4da4b9e3-953f-11e7-be34-408d5ce8eb96','fe4a185d-0d4a-11e7-b2fe-00ac9c2c0afa','8afaff33-3932-11e7-9e12-00ac9c2c0afa'),('4da9cfdb-953f-11e7-be34-408d5ce8eb96','fe4a185d-0d4a-11e7-b2fe-00ac9c2c0afa','9ce5cead-3923-11e7-9e12-00ac9c2c0afa'),('4dadb1be-953f-11e7-be34-408d5ce8eb96','fe4a185d-0d4a-11e7-b2fe-00ac9c2c0afa','9eb89f46-3559-11e7-86a1-00ac9c2c0afa'),('4db2aa29-953f-11e7-be34-408d5ce8eb96','fe4a185d-0d4a-11e7-b2fe-00ac9c2c0afa','c28b0c84-2b20-11e7-ab2a-00ac9c2c0afa'),('4db68185-953f-11e7-be34-408d5ce8eb96','fe4a185d-0d4a-11e7-b2fe-00ac9c2c0afa','eb2491ef-3c81-11e7-8a3d-00ac9c2c0afa'),('4dbbaa73-953f-11e7-be34-408d5ce8eb96','fe4a185d-0d4a-11e7-b2fe-00ac9c2c0afa','f9350738-49b8-11e7-9cf7-00ac9c2c0afa'),('4dbf81cf-953f-11e7-be34-408d5ce8eb96','fe4a185d-0d4a-11e7-b2fe-00ac9c2c0afa','ff76566d-09f0-11e7-982e-00ac2794c53f'),('4dc46a8a-953f-11e7-be34-408d5ce8eb96','fe4a185d-0d4a-11e7-b2fe-00ac9c2c0afa','0098ebd3-953f-11e7-be34-408d5ce8eb96'),('4dc860ca-953f-11e7-be34-408d5ce8eb96','fe4a185d-0d4a-11e7-b2fe-00ac9c2c0afa','14cdd369-4ab5-11e7-b97b-00ac9c2c0afa'),('4dcd5f1f-953f-11e7-be34-408d5ce8eb96','fe4a185d-0d4a-11e7-b2fe-00ac9c2c0afa','19d5e34c-4769-11e7-9460-00ac9c2c0afa'),('4dd13c5f-953f-11e7-be34-408d5ce8eb96','fe4a185d-0d4a-11e7-b2fe-00ac9c2c0afa','52830b24-49d2-11e7-9cf7-00ac9c2c0afa'),('4dd63a68-953f-11e7-be34-408d5ce8eb96','fe4a185d-0d4a-11e7-b2fe-00ac9c2c0afa','68fbb6d9-4126-11e7-90dc-00ac9c2c0afa'),('4dda23ac-953f-11e7-be34-408d5ce8eb96','fe4a185d-0d4a-11e7-b2fe-00ac9c2c0afa','7af00e31-4820-11e7-9a8f-00ac9c2c0afa'),('4ddf2426-953f-11e7-be34-408d5ce8eb96','fe4a185d-0d4a-11e7-b2fe-00ac9c2c0afa','eed05f9d-46be-11e7-b8a5-00ac9c2c0afa'),('4de32066-953f-11e7-be34-408d5ce8eb96','fe4a185d-0d4a-11e7-b2fe-00ac9c2c0afa','f8563ff1-4801-11e7-9a8f-00ac9c2c0afa'),('4de7fec4-953f-11e7-be34-408d5ce8eb96','fe4a185d-0d4a-11e7-b2fe-00ac9c2c0afa','fecdc9a6-482f-11e7-9a8f-00ac9c2c0afa'),('4dec0d90-953f-11e7-be34-408d5ce8eb96','fe4a185d-0d4a-11e7-b2fe-00ac9c2c0afa','gg76566d-09f0-11e7-982e-00ac2794c53f'),('4df227d9-953f-11e7-be34-408d5ce8eb96','fe4a185d-0d4a-11e7-b2fe-00ac9c2c0afa','2a89d88e-3f81-11e7-a6e6-00ac9c2c0afa'),('4df61e02-953f-11e7-be34-408d5ce8eb96','fe4a185d-0d4a-11e7-b2fe-00ac9c2c0afa','39f012d4-46a3-11e7-b8a5-00ac9c2c0afa'),('4dfb184f-953f-11e7-be34-408d5ce8eb96','fe4a185d-0d4a-11e7-b2fe-00ac9c2c0afa','56f521fa-41e1-11e7-97a8-00ac9c2c0afa'),('4dff1eb9-953f-11e7-be34-408d5ce8eb96','fe4a185d-0d4a-11e7-b2fe-00ac9c2c0afa','94c6451d-3ac3-11e7-9360-00ac9c2c0afa'),('4e041365-953f-11e7-be34-408d5ce8eb96','fe4a185d-0d4a-11e7-b2fe-00ac9c2c0afa','acb04bd9-473c-11e7-9460-00ac9c2c0afa'),('4e080c5d-953f-11e7-be34-408d5ce8eb96','fe4a185d-0d4a-11e7-b2fe-00ac9c2c0afa','f821583d-266d-11e7-8e99-00ac9c2c0afa'),('4e0d0277-953f-11e7-be34-408d5ce8eb96','fe4a185d-0d4a-11e7-b2fe-00ac9c2c0afa','faca716f-39fc-11e7-b0f2-00ac9c2c0afa'),('661455e3-88b5-11e7-beae-408d5ce8eb96','83392b4e-86e2-11e7-98c2-408d5ce8eb96','585552f9-0aba-11e7-ab6a-00ac2794c53f'),('661f342e-88b5-11e7-beae-408d5ce8eb96','83392b4e-86e2-11e7-98c2-408d5ce8eb96','452b8746-0abc-11e7-ab6a-00ac2794c53f'),('662355c0-88b5-11e7-beae-408d5ce8eb96','83392b4e-86e2-11e7-98c2-408d5ce8eb96','a9a52431-0aba-11e7-ab6a-00ac2794c53f'),('662824a0-88b5-11e7-beae-408d5ce8eb96','83392b4e-86e2-11e7-98c2-408d5ce8eb96','aaf6d6e1-0ae0-11e7-8a10-00ac279dc53f'),('662bf3ba-88b5-11e7-beae-408d5ce8eb96','83392b4e-86e2-11e7-98c2-408d5ce8eb96','0adc0eb2-49b5-11e7-9cf7-00ac9c2c0afa'),('6630d8cc-88b5-11e7-beae-408d5ce8eb96','83392b4e-86e2-11e7-98c2-408d5ce8eb96','adf6d6e1-0ae0-11e7-8a10-00ac2794c53f'),('6634ec22-88b5-11e7-beae-408d5ce8eb96','83392b4e-86e2-11e7-98c2-408d5ce8eb96','3a00f3a8-2f98-11e7-9817-00ac9c2c0afa'),('6639e712-88b5-11e7-beae-408d5ce8eb96','83392b4e-86e2-11e7-98c2-408d5ce8eb96','c778d2c1-49d2-11e7-9cf7-00ac9c2c0afa'),('663e0b58-88b5-11e7-beae-408d5ce8eb96','83392b4e-86e2-11e7-98c2-408d5ce8eb96','f2180ccb-3947-11e7-bff0-00ac9c2c0afa'),('6642e016-88b5-11e7-beae-408d5ce8eb96','83392b4e-86e2-11e7-98c2-408d5ce8eb96','fe978d99-2ae3-11e7-ab2a-00ac9c2c0afa'),('6646c212-88b5-11e7-beae-408d5ce8eb96','83392b4e-86e2-11e7-98c2-408d5ce8eb96','bd76566d-09f0-11e7-982e-00ac2794c53f'),('664b8dd4-88b5-11e7-beae-408d5ce8eb96','83392b4e-86e2-11e7-98c2-408d5ce8eb96','ec822044-23fe-11e7-bf03-00ac9c2c0afa'),('664fa998-88b5-11e7-beae-408d5ce8eb96','83392b4e-86e2-11e7-98c2-408d5ce8eb96','ff76566d-09f0-11e7-982e-00ac2794c53f'),('66584af5-88b5-11e7-beae-408d5ce8eb96','83392b4e-86e2-11e7-98c2-408d5ce8eb96','14cdd369-4ab5-11e7-b97b-00ac9c2c0afa'),('665ede4e-88b5-11e7-beae-408d5ce8eb96','83392b4e-86e2-11e7-98c2-408d5ce8eb96','19d5e34c-4769-11e7-9460-00ac9c2c0afa'),('6663b52d-88b5-11e7-beae-408d5ce8eb96','83392b4e-86e2-11e7-98c2-408d5ce8eb96','52830b24-49d2-11e7-9cf7-00ac9c2c0afa'),('6667d346-88b5-11e7-beae-408d5ce8eb96','83392b4e-86e2-11e7-98c2-408d5ce8eb96','68fbb6d9-4126-11e7-90dc-00ac9c2c0afa'),('666c94b4-88b5-11e7-beae-408d5ce8eb96','83392b4e-86e2-11e7-98c2-408d5ce8eb96','7af00e31-4820-11e7-9a8f-00ac9c2c0afa'),('6670a642-88b5-11e7-beae-408d5ce8eb96','83392b4e-86e2-11e7-98c2-408d5ce8eb96','eed05f9d-46be-11e7-b8a5-00ac9c2c0afa'),('6675a0af-88b5-11e7-beae-408d5ce8eb96','83392b4e-86e2-11e7-98c2-408d5ce8eb96','f8563ff1-4801-11e7-9a8f-00ac9c2c0afa'),('6679c656-88b5-11e7-beae-408d5ce8eb96','83392b4e-86e2-11e7-98c2-408d5ce8eb96','fecdc9a6-482f-11e7-9a8f-00ac9c2c0afa'),('667e90d1-88b5-11e7-beae-408d5ce8eb96','83392b4e-86e2-11e7-98c2-408d5ce8eb96','gg76566d-09f0-11e7-982e-00ac2794c53f'),('66828be7-88b5-11e7-beae-408d5ce8eb96','83392b4e-86e2-11e7-98c2-408d5ce8eb96','94c6451d-3ac3-11e7-9360-00ac9c2c0afa'),('688b2364-953f-11e7-be34-408d5ce8eb96','29a6c777-86d6-11e7-98c2-408d5ce8eb96','144400d1-092d-11e7-8be9-00ac2794c53f'),('6894140a-953f-11e7-be34-408d5ce8eb96','29a6c777-86d6-11e7-98c2-408d5ce8eb96','20cf66e5-092d-11e7-8be9-00ac2794c53f'),('68980f90-953f-11e7-be34-408d5ce8eb96','29a6c777-86d6-11e7-98c2-408d5ce8eb96','34c5b0b8-092d-11e7-8be9-00ac2794c53f'),('689cf086-953f-11e7-be34-408d5ce8eb96','29a6c777-86d6-11e7-98c2-408d5ce8eb96','46f85b9c-1f4d-11e7-9c14-00ac9c2c0afa'),('68a131e6-953f-11e7-be34-408d5ce8eb96','29a6c777-86d6-11e7-98c2-408d5ce8eb96','4ec3c8ff-0ad8-11e7-8a10-00ac2794c53f'),('68a60479-953f-11e7-be34-408d5ce8eb96','29a6c777-86d6-11e7-98c2-408d5ce8eb96','4f0fa4c6-0930-11e7-8be9-00ac2794c53f'),('68a9e504-953f-11e7-be34-408d5ce8eb96','29a6c777-86d6-11e7-98c2-408d5ce8eb96','97775966-0932-11e7-8be9-00ac2794c53f'),('68aec60a-953f-11e7-be34-408d5ce8eb96','29a6c777-86d6-11e7-98c2-408d5ce8eb96','aed20416-6611-11e7-a807-00acb5915098'),('68b2e954-953f-11e7-be34-408d5ce8eb96','29a6c777-86d6-11e7-98c2-408d5ce8eb96','585552f9-0aba-11e7-ab6a-00ac2794c53f'),('68b7a3e1-953f-11e7-be34-408d5ce8eb96','29a6c777-86d6-11e7-98c2-408d5ce8eb96','452b8746-0abc-11e7-ab6a-00ac2794c53f'),('68bbb1b6-953f-11e7-be34-408d5ce8eb96','29a6c777-86d6-11e7-98c2-408d5ce8eb96','a9a52431-0aba-11e7-ab6a-00ac2794c53f'),('68c093c7-953f-11e7-be34-408d5ce8eb96','29a6c777-86d6-11e7-98c2-408d5ce8eb96','aaf6d6e1-0ae0-11e7-8a10-00ac279dc53f'),('68c55ee8-953f-11e7-be34-408d5ce8eb96','29a6c777-86d6-11e7-98c2-408d5ce8eb96','0adc0eb2-49b5-11e7-9cf7-00ac9c2c0afa'),('68cd9212-953f-11e7-be34-408d5ce8eb96','29a6c777-86d6-11e7-98c2-408d5ce8eb96','0f7bfad7-3d26-11e7-8a3d-00ac9c2c0afa'),('68d28379-953f-11e7-be34-408d5ce8eb96','29a6c777-86d6-11e7-98c2-408d5ce8eb96','9f47f1cc-3fac-11e7-a6e6-00ac9c2c0afa'),('68d68baa-953f-11e7-be34-408d5ce8eb96','29a6c777-86d6-11e7-98c2-408d5ce8eb96','c24f95c8-4f12-11e7-a1c4-00ac9c2c0afb'),('68db5d7d-953f-11e7-be34-408d5ce8eb96','29a6c777-86d6-11e7-98c2-408d5ce8eb96','adf6d6e1-0ae0-11e7-8a10-00ac2794c53f'),('68df3500-953f-11e7-be34-408d5ce8eb96','29a6c777-86d6-11e7-98c2-408d5ce8eb96','042796b8-25a3-11e7-954a-00ac9c2c0afa'),('68e583c3-953f-11e7-be34-408d5ce8eb96','29a6c777-86d6-11e7-98c2-408d5ce8eb96','488b98a1-2f98-11e7-9817-00ac9c2c0afa'),('68ebf7c5-953f-11e7-be34-408d5ce8eb96','29a6c777-86d6-11e7-98c2-408d5ce8eb96','48ebd497-2706-11e7-a449-00ac9c2c0afa'),('68f13a89-953f-11e7-be34-408d5ce8eb96','29a6c777-86d6-11e7-98c2-408d5ce8eb96','4c960990-3955-11e7-bff0-00ac9c2c0afa'),('68f4d723-953f-11e7-be34-408d5ce8eb96','29a6c777-86d6-11e7-98c2-408d5ce8eb96','69a1476f-3952-11e7-bff0-00ac9c2c0afa'),('68f9cd10-953f-11e7-be34-408d5ce8eb96','29a6c777-86d6-11e7-98c2-408d5ce8eb96','aad0fa11-2eda-11e7-aa3d-00ac9c2c0afa'),('68fdb3d2-953f-11e7-be34-408d5ce8eb96','29a6c777-86d6-11e7-98c2-408d5ce8eb96','c778d2c1-49d2-11e7-9cf7-00ac9c2c0afa'),('6902c50e-953f-11e7-be34-408d5ce8eb96','29a6c777-86d6-11e7-98c2-408d5ce8eb96','e595e9e7-3954-11e7-bff0-00ac9c2c0afa'),('6906d074-953f-11e7-be34-408d5ce8eb96','29a6c777-86d6-11e7-98c2-408d5ce8eb96','bd76566d-09f0-11e7-982e-00ac2794c53f'),('690b91ea-953f-11e7-be34-408d5ce8eb96','29a6c777-86d6-11e7-98c2-408d5ce8eb96','06ca551f-4676-11e7-b8a5-00ac9c2c0afa'),('690f82af-953f-11e7-be34-408d5ce8eb96','29a6c777-86d6-11e7-98c2-408d5ce8eb96','11aca6a1-09f6-11e7-982e-00ac2794c53f'),('69147f57-953f-11e7-be34-408d5ce8eb96','29a6c777-86d6-11e7-98c2-408d5ce8eb96','1fdc4a83-23fc-11e7-bf03-00ac9c2c0afa'),('691871ce-953f-11e7-be34-408d5ce8eb96','29a6c777-86d6-11e7-98c2-408d5ce8eb96','566a5883-0ae2-11e7-8a10-00ac2794c53f'),('691d5998-953f-11e7-be34-408d5ce8eb96','29a6c777-86d6-11e7-98c2-408d5ce8eb96','79c8520f-24db-11e7-942b-00ac9c2c0afa'),('69215d9a-953f-11e7-be34-408d5ce8eb96','29a6c777-86d6-11e7-98c2-408d5ce8eb96','8b78ae53-0b80-11e7-b367-00ac2794c53f'),('692653ee-953f-11e7-be34-408d5ce8eb96','29a6c777-86d6-11e7-98c2-408d5ce8eb96','bd2408db-42aa-11e7-a8c0-00ac9c2c0afa'),('692a36e1-953f-11e7-be34-408d5ce8eb96','29a6c777-86d6-11e7-98c2-408d5ce8eb96','d55f6f94-0ae2-11e7-8a10-00ac2794c53f'),('692f23ef-953f-11e7-be34-408d5ce8eb96','29a6c777-86d6-11e7-98c2-408d5ce8eb96','e8fc44ff-09f0-11e7-982e-00ac2794c53f'),('69331676-953f-11e7-be34-408d5ce8eb96','29a6c777-86d6-11e7-98c2-408d5ce8eb96','ec822044-23fe-11e7-bf03-00ac9c2c0afa'),('69381861-953f-11e7-be34-408d5ce8eb96','29a6c777-86d6-11e7-98c2-408d5ce8eb96','ee76566d-09f0-11e7-982e-00ac2794c53f'),('693c0457-953f-11e7-be34-408d5ce8eb96','29a6c777-86d6-11e7-98c2-408d5ce8eb96','06b86200-2a4e-11e7-8f54-00ac9c2c0afa'),('6940f3e7-953f-11e7-be34-408d5ce8eb96','29a6c777-86d6-11e7-98c2-408d5ce8eb96','10ff52cc-4050-11e7-b642-00ac9c2c0afa'),('6944f165-953f-11e7-be34-408d5ce8eb96','29a6c777-86d6-11e7-98c2-408d5ce8eb96','3096730f-36f4-11e7-b12e-00ac9c2c0afa'),('6949e78e-953f-11e7-be34-408d5ce8eb96','29a6c777-86d6-11e7-98c2-408d5ce8eb96','33b7b6fc-3b62-11e7-89b7-00ac9c2c0afa'),('694dcb5c-953f-11e7-be34-408d5ce8eb96','29a6c777-86d6-11e7-98c2-408d5ce8eb96','3f6d9aed-24d1-11e7-942b-00ac9c2c0afa'),('6954d4fd-953f-11e7-be34-408d5ce8eb96','29a6c777-86d6-11e7-98c2-408d5ce8eb96','580c5e75-498c-11e7-9f6f-00ac9c2c0afa'),('695bdc57-953f-11e7-be34-408d5ce8eb96','29a6c777-86d6-11e7-98c2-408d5ce8eb96','8afaff33-3932-11e7-9e12-00ac9c2c0afa'),('696759a8-953f-11e7-be34-408d5ce8eb96','29a6c777-86d6-11e7-98c2-408d5ce8eb96','9ce5cead-3923-11e7-9e12-00ac9c2c0afa'),('696c43fb-953f-11e7-be34-408d5ce8eb96','29a6c777-86d6-11e7-98c2-408d5ce8eb96','9eb89f46-3559-11e7-86a1-00ac9c2c0afa'),('69703853-953f-11e7-be34-408d5ce8eb96','29a6c777-86d6-11e7-98c2-408d5ce8eb96','c28b0c84-2b20-11e7-ab2a-00ac9c2c0afa'),('69751f1d-953f-11e7-be34-408d5ce8eb96','29a6c777-86d6-11e7-98c2-408d5ce8eb96','eb2491ef-3c81-11e7-8a3d-00ac9c2c0afa'),('69792231-953f-11e7-be34-408d5ce8eb96','29a6c777-86d6-11e7-98c2-408d5ce8eb96','f9350738-49b8-11e7-9cf7-00ac9c2c0afa'),('697e0a1c-953f-11e7-be34-408d5ce8eb96','29a6c777-86d6-11e7-98c2-408d5ce8eb96','ff76566d-09f0-11e7-982e-00ac2794c53f'),('6982270e-953f-11e7-be34-408d5ce8eb96','29a6c777-86d6-11e7-98c2-408d5ce8eb96','0098ebd3-953f-11e7-be34-408d5ce8eb96'),('6986effb-953f-11e7-be34-408d5ce8eb96','29a6c777-86d6-11e7-98c2-408d5ce8eb96','14cdd369-4ab5-11e7-b97b-00ac9c2c0afa'),('6987b073-9540-11e7-be34-408d5ce8eb96','c8a698e9-3ad4-11e7-9360-00ac9c2c0afa','585552f9-0aba-11e7-ab6a-00ac2794c53f'),('6990b183-9540-11e7-be34-408d5ce8eb96','c8a698e9-3ad4-11e7-9360-00ac9c2c0afa','452b8746-0abc-11e7-ab6a-00ac2794c53f'),('69935bd2-9540-11e7-be34-408d5ce8eb96','c8a698e9-3ad4-11e7-9360-00ac9c2c0afa','a9a52431-0aba-11e7-ab6a-00ac2794c53f'),('6995af22-953f-11e7-be34-408d5ce8eb96','29a6c777-86d6-11e7-98c2-408d5ce8eb96','19d5e34c-4769-11e7-9460-00ac9c2c0afa'),('69984ef3-9540-11e7-be34-408d5ce8eb96','c8a698e9-3ad4-11e7-9360-00ac9c2c0afa','adf6d6e1-0ae0-11e7-8a10-00ac2794c53f'),('699cc871-953f-11e7-be34-408d5ce8eb96','29a6c777-86d6-11e7-98c2-408d5ce8eb96','52830b24-49d2-11e7-9cf7-00ac9c2c0afa'),('699d9671-9540-11e7-be34-408d5ce8eb96','c8a698e9-3ad4-11e7-9360-00ac9c2c0afa','042796b8-25a3-11e7-954a-00ac9c2c0afa'),('69a1c66d-953f-11e7-be34-408d5ce8eb96','29a6c777-86d6-11e7-98c2-408d5ce8eb96','68fbb6d9-4126-11e7-90dc-00ac9c2c0afa'),('69a27741-9540-11e7-be34-408d5ce8eb96','c8a698e9-3ad4-11e7-9360-00ac9c2c0afa','3a00f3a8-2f98-11e7-9817-00ac9c2c0afa'),('69a5a4fa-953f-11e7-be34-408d5ce8eb96','29a6c777-86d6-11e7-98c2-408d5ce8eb96','7af00e31-4820-11e7-9a8f-00ac9c2c0afa'),('69a68af0-9540-11e7-be34-408d5ce8eb96','c8a698e9-3ad4-11e7-9360-00ac9c2c0afa','488b98a1-2f98-11e7-9817-00ac9c2c0afa'),('69aad287-953f-11e7-be34-408d5ce8eb96','29a6c777-86d6-11e7-98c2-408d5ce8eb96','eed05f9d-46be-11e7-b8a5-00ac9c2c0afa'),('69ab682a-9540-11e7-be34-408d5ce8eb96','c8a698e9-3ad4-11e7-9360-00ac9c2c0afa','48ebd497-2706-11e7-a449-00ac9c2c0afa'),('69ae8c74-953f-11e7-be34-408d5ce8eb96','29a6c777-86d6-11e7-98c2-408d5ce8eb96','f8563ff1-4801-11e7-9a8f-00ac9c2c0afa'),('69b36182-9540-11e7-be34-408d5ce8eb96','c8a698e9-3ad4-11e7-9360-00ac9c2c0afa','4c960990-3955-11e7-bff0-00ac9c2c0afa'),('69b3956d-953f-11e7-be34-408d5ce8eb96','29a6c777-86d6-11e7-98c2-408d5ce8eb96','fecdc9a6-482f-11e7-9a8f-00ac9c2c0afa'),('69b78901-953f-11e7-be34-408d5ce8eb96','29a6c777-86d6-11e7-98c2-408d5ce8eb96','gg76566d-09f0-11e7-982e-00ac2794c53f'),('69b98a97-9540-11e7-be34-408d5ce8eb96','c8a698e9-3ad4-11e7-9360-00ac9c2c0afa','69a1476f-3952-11e7-bff0-00ac9c2c0afa'),('69bc668c-953f-11e7-be34-408d5ce8eb96','29a6c777-86d6-11e7-98c2-408d5ce8eb96','2a89d88e-3f81-11e7-a6e6-00ac9c2c0afa'),('69be68d8-9540-11e7-be34-408d5ce8eb96','c8a698e9-3ad4-11e7-9360-00ac9c2c0afa','aad0fa11-2eda-11e7-aa3d-00ac9c2c0afa'),('69c06782-953f-11e7-be34-408d5ce8eb96','29a6c777-86d6-11e7-98c2-408d5ce8eb96','39f012d4-46a3-11e7-b8a5-00ac9c2c0afa'),('69c28144-9540-11e7-be34-408d5ce8eb96','c8a698e9-3ad4-11e7-9360-00ac9c2c0afa','c778d2c1-49d2-11e7-9cf7-00ac9c2c0afa'),('69c54510-953f-11e7-be34-408d5ce8eb96','29a6c777-86d6-11e7-98c2-408d5ce8eb96','56f521fa-41e1-11e7-97a8-00ac9c2c0afa'),('69c7391c-9540-11e7-be34-408d5ce8eb96','c8a698e9-3ad4-11e7-9360-00ac9c2c0afa','e595e9e7-3954-11e7-bff0-00ac9c2c0afa'),('69cb5f07-9540-11e7-be34-408d5ce8eb96','c8a698e9-3ad4-11e7-9360-00ac9c2c0afa','f2180ccb-3947-11e7-bff0-00ac9c2c0afa'),('69cd2926-953f-11e7-be34-408d5ce8eb96','29a6c777-86d6-11e7-98c2-408d5ce8eb96','94c6451d-3ac3-11e7-9360-00ac9c2c0afa'),('69d01a9c-9540-11e7-be34-408d5ce8eb96','c8a698e9-3ad4-11e7-9360-00ac9c2c0afa','fe978d99-2ae3-11e7-ab2a-00ac9c2c0afa'),('69d26080-953f-11e7-be34-408d5ce8eb96','29a6c777-86d6-11e7-98c2-408d5ce8eb96','acb04bd9-473c-11e7-9460-00ac9c2c0afa'),('69d445bd-9540-11e7-be34-408d5ce8eb96','c8a698e9-3ad4-11e7-9360-00ac9c2c0afa','bd76566d-09f0-11e7-982e-00ac2794c53f'),('69d602d1-953f-11e7-be34-408d5ce8eb96','29a6c777-86d6-11e7-98c2-408d5ce8eb96','f821583d-266d-11e7-8e99-00ac9c2c0afa'),('69d91588-9540-11e7-be34-408d5ce8eb96','c8a698e9-3ad4-11e7-9360-00ac9c2c0afa','06ca551f-4676-11e7-b8a5-00ac9c2c0afa'),('69dae48b-953f-11e7-be34-408d5ce8eb96','29a6c777-86d6-11e7-98c2-408d5ce8eb96','faca716f-39fc-11e7-b0f2-00ac9c2c0afa'),('69dd3231-9540-11e7-be34-408d5ce8eb96','c8a698e9-3ad4-11e7-9360-00ac9c2c0afa','11aca6a1-09f6-11e7-982e-00ac2794c53f'),('69e1f7ab-9540-11e7-be34-408d5ce8eb96','c8a698e9-3ad4-11e7-9360-00ac9c2c0afa','1fdc4a83-23fc-11e7-bf03-00ac9c2c0afa'),('69e601a5-9540-11e7-be34-408d5ce8eb96','c8a698e9-3ad4-11e7-9360-00ac9c2c0afa','566a5883-0ae2-11e7-8a10-00ac2794c53f'),('69ead11c-9540-11e7-be34-408d5ce8eb96','c8a698e9-3ad4-11e7-9360-00ac9c2c0afa','79c8520f-24db-11e7-942b-00ac9c2c0afa'),('69ef010a-9540-11e7-be34-408d5ce8eb96','c8a698e9-3ad4-11e7-9360-00ac9c2c0afa','8b78ae53-0b80-11e7-b367-00ac2794c53f'),('69f3b96a-9540-11e7-be34-408d5ce8eb96','c8a698e9-3ad4-11e7-9360-00ac9c2c0afa','bd2408db-42aa-11e7-a8c0-00ac9c2c0afa'),('69f7dacf-9540-11e7-be34-408d5ce8eb96','c8a698e9-3ad4-11e7-9360-00ac9c2c0afa','d55f6f94-0ae2-11e7-8a10-00ac2794c53f'),('69fcb66b-9540-11e7-be34-408d5ce8eb96','c8a698e9-3ad4-11e7-9360-00ac9c2c0afa','e8fc44ff-09f0-11e7-982e-00ac2794c53f'),('6a00e931-9540-11e7-be34-408d5ce8eb96','c8a698e9-3ad4-11e7-9360-00ac9c2c0afa','ec822044-23fe-11e7-bf03-00ac9c2c0afa'),('6a05a49c-9540-11e7-be34-408d5ce8eb96','c8a698e9-3ad4-11e7-9360-00ac9c2c0afa','ee76566d-09f0-11e7-982e-00ac2794c53f'),('6a13e19a-9540-11e7-be34-408d5ce8eb96','c8a698e9-3ad4-11e7-9360-00ac9c2c0afa','06b86200-2a4e-11e7-8f54-00ac9c2c0afa'),('6a18b541-9540-11e7-be34-408d5ce8eb96','c8a698e9-3ad4-11e7-9360-00ac9c2c0afa','10ff52cc-4050-11e7-b642-00ac9c2c0afa'),('6a1cdd33-9540-11e7-be34-408d5ce8eb96','c8a698e9-3ad4-11e7-9360-00ac9c2c0afa','3096730f-36f4-11e7-b12e-00ac9c2c0afa'),('6a21a13d-9540-11e7-be34-408d5ce8eb96','c8a698e9-3ad4-11e7-9360-00ac9c2c0afa','33b7b6fc-3b62-11e7-89b7-00ac9c2c0afa'),('6a25c215-9540-11e7-be34-408d5ce8eb96','c8a698e9-3ad4-11e7-9360-00ac9c2c0afa','3f6d9aed-24d1-11e7-942b-00ac9c2c0afa'),('6a2d16a0-9540-11e7-be34-408d5ce8eb96','c8a698e9-3ad4-11e7-9360-00ac9c2c0afa','580c5e75-498c-11e7-9f6f-00ac9c2c0afa'),('6a326e18-9540-11e7-be34-408d5ce8eb96','c8a698e9-3ad4-11e7-9360-00ac9c2c0afa','8afaff33-3932-11e7-9e12-00ac9c2c0afa'),('6a373d16-9540-11e7-be34-408d5ce8eb96','c8a698e9-3ad4-11e7-9360-00ac9c2c0afa','9ce5cead-3923-11e7-9e12-00ac9c2c0afa'),('6a3b34f0-9540-11e7-be34-408d5ce8eb96','c8a698e9-3ad4-11e7-9360-00ac9c2c0afa','9eb89f46-3559-11e7-86a1-00ac9c2c0afa'),('6a401d55-9540-11e7-be34-408d5ce8eb96','c8a698e9-3ad4-11e7-9360-00ac9c2c0afa','c28b0c84-2b20-11e7-ab2a-00ac9c2c0afa'),('6a4432fc-9540-11e7-be34-408d5ce8eb96','c8a698e9-3ad4-11e7-9360-00ac9c2c0afa','eb2491ef-3c81-11e7-8a3d-00ac9c2c0afa'),('6a48fd26-9540-11e7-be34-408d5ce8eb96','c8a698e9-3ad4-11e7-9360-00ac9c2c0afa','f9350738-49b8-11e7-9cf7-00ac9c2c0afa'),('6a4d0293-9540-11e7-be34-408d5ce8eb96','c8a698e9-3ad4-11e7-9360-00ac9c2c0afa','ff76566d-09f0-11e7-982e-00ac2794c53f'),('6a534f12-9540-11e7-be34-408d5ce8eb96','c8a698e9-3ad4-11e7-9360-00ac9c2c0afa','0098ebd3-953f-11e7-be34-408d5ce8eb96'),('6a573483-9540-11e7-be34-408d5ce8eb96','c8a698e9-3ad4-11e7-9360-00ac9c2c0afa','14cdd369-4ab5-11e7-b97b-00ac9c2c0afa'),('6a601529-9540-11e7-be34-408d5ce8eb96','c8a698e9-3ad4-11e7-9360-00ac9c2c0afa','19d5e34c-4769-11e7-9460-00ac9c2c0afa'),('6a663ccd-9540-11e7-be34-408d5ce8eb96','c8a698e9-3ad4-11e7-9360-00ac9c2c0afa','68fbb6d9-4126-11e7-90dc-00ac9c2c0afa'),('6a6a5afc-9540-11e7-be34-408d5ce8eb96','c8a698e9-3ad4-11e7-9360-00ac9c2c0afa','7af00e31-4820-11e7-9a8f-00ac9c2c0afa'),('6a6f4626-9540-11e7-be34-408d5ce8eb96','c8a698e9-3ad4-11e7-9360-00ac9c2c0afa','eed05f9d-46be-11e7-b8a5-00ac9c2c0afa'),('6a737812-9540-11e7-be34-408d5ce8eb96','c8a698e9-3ad4-11e7-9360-00ac9c2c0afa','f8563ff1-4801-11e7-9a8f-00ac9c2c0afa'),('6a781c91-9540-11e7-be34-408d5ce8eb96','c8a698e9-3ad4-11e7-9360-00ac9c2c0afa','fecdc9a6-482f-11e7-9a8f-00ac9c2c0afa'),('6a7efd52-9540-11e7-be34-408d5ce8eb96','c8a698e9-3ad4-11e7-9360-00ac9c2c0afa','gg76566d-09f0-11e7-982e-00ac2794c53f'),('6a8502aa-9540-11e7-be34-408d5ce8eb96','c8a698e9-3ad4-11e7-9360-00ac9c2c0afa','2a89d88e-3f81-11e7-a6e6-00ac9c2c0afa'),('6a89f9a1-9540-11e7-be34-408d5ce8eb96','c8a698e9-3ad4-11e7-9360-00ac9c2c0afa','39f012d4-46a3-11e7-b8a5-00ac9c2c0afa'),('6a8dda16-9540-11e7-be34-408d5ce8eb96','c8a698e9-3ad4-11e7-9360-00ac9c2c0afa','56f521fa-41e1-11e7-97a8-00ac9c2c0afa'),('6a92e4ed-9540-11e7-be34-408d5ce8eb96','c8a698e9-3ad4-11e7-9360-00ac9c2c0afa','94c6451d-3ac3-11e7-9360-00ac9c2c0afa'),('6a96cd71-9540-11e7-be34-408d5ce8eb96','c8a698e9-3ad4-11e7-9360-00ac9c2c0afa','acb04bd9-473c-11e7-9460-00ac9c2c0afa'),('6a9bbbe3-9540-11e7-be34-408d5ce8eb96','c8a698e9-3ad4-11e7-9360-00ac9c2c0afa','f821583d-266d-11e7-8e99-00ac9c2c0afa'),('6a9ff4ea-9540-11e7-be34-408d5ce8eb96','c8a698e9-3ad4-11e7-9360-00ac9c2c0afa','faca716f-39fc-11e7-b0f2-00ac9c2c0afa'),('933f0bd7-88ac-11e7-beae-408d5ce8eb96','195501cf-00b1-11e7-829b-00ac2794c53f','144400d1-092d-11e7-8be9-00ac2794c53f'),('93475c6f-88ac-11e7-beae-408d5ce8eb96','195501cf-00b1-11e7-829b-00ac2794c53f','20cf66e5-092d-11e7-8be9-00ac2794c53f'),('935032de-88ac-11e7-beae-408d5ce8eb96','195501cf-00b1-11e7-829b-00ac2794c53f','34c5b0b8-092d-11e7-8be9-00ac2794c53f'),('935a5db0-88ac-11e7-beae-408d5ce8eb96','195501cf-00b1-11e7-829b-00ac2794c53f','46f85b9c-1f4d-11e7-9c14-00ac9c2c0afa'),('9360ba55-88ac-11e7-beae-408d5ce8eb96','195501cf-00b1-11e7-829b-00ac2794c53f','4ec3c8ff-0ad8-11e7-8a10-00ac2794c53f'),('9365c1b1-88ac-11e7-beae-408d5ce8eb96','195501cf-00b1-11e7-829b-00ac2794c53f','4f0fa4c6-0930-11e7-8be9-00ac2794c53f'),('93699add-88ac-11e7-beae-408d5ce8eb96','195501cf-00b1-11e7-829b-00ac2794c53f','97775966-0932-11e7-8be9-00ac2794c53f'),('936ea76c-88ac-11e7-beae-408d5ce8eb96','195501cf-00b1-11e7-829b-00ac2794c53f','aed20416-6611-11e7-a807-00acb5915098'),('93727bfc-88ac-11e7-beae-408d5ce8eb96','195501cf-00b1-11e7-829b-00ac2794c53f','585552f9-0aba-11e7-ab6a-00ac2794c53f'),('93778ea8-88ac-11e7-beae-408d5ce8eb96','195501cf-00b1-11e7-829b-00ac2794c53f','452b8746-0abc-11e7-ab6a-00ac2794c53f'),('937b6621-88ac-11e7-beae-408d5ce8eb96','195501cf-00b1-11e7-829b-00ac2794c53f','a9a52431-0aba-11e7-ab6a-00ac2794c53f'),('93807330-88ac-11e7-beae-408d5ce8eb96','195501cf-00b1-11e7-829b-00ac2794c53f','aaf6d6e1-0ae0-11e7-8a10-00ac279dc53f'),('938968cc-88ac-11e7-beae-408d5ce8eb96','195501cf-00b1-11e7-829b-00ac2794c53f','0adc0eb2-49b5-11e7-9cf7-00ac9c2c0afa'),('938e6e8c-88ac-11e7-beae-408d5ce8eb96','195501cf-00b1-11e7-829b-00ac2794c53f','0f7bfad7-3d26-11e7-8a3d-00ac9c2c0afa'),('939276bb-88ac-11e7-beae-408d5ce8eb96','195501cf-00b1-11e7-829b-00ac2794c53f','27e418f1-24e2-11e7-942b-00ac9c2c0afa'),('939756b6-88ac-11e7-beae-408d5ce8eb96','195501cf-00b1-11e7-829b-00ac2794c53f','2b7c7ef0-3c6b-11e7-8a3d-00ac9c2c0afa'),('93a03fa4-88ac-11e7-beae-408d5ce8eb96','195501cf-00b1-11e7-829b-00ac2794c53f','7c219fea-3bad-11e7-89b7-00ac9c2c0afa'),('93a41857-88ac-11e7-beae-408d5ce8eb96','195501cf-00b1-11e7-829b-00ac2794c53f','869949c9-3fac-11e7-a6e6-00ac9c2c0afa'),('93a929ab-88ac-11e7-beae-408d5ce8eb96','195501cf-00b1-11e7-829b-00ac2794c53f','97015277-3a0b-11e7-b0f2-00ac9c2c0afa'),('93acfe15-88ac-11e7-beae-408d5ce8eb96','195501cf-00b1-11e7-829b-00ac2794c53f','9f47f1cc-3fac-11e7-a6e6-00ac9c2c0afa'),('93b20e69-88ac-11e7-beae-408d5ce8eb96','195501cf-00b1-11e7-829b-00ac2794c53f','bde05dca-4c18-11e7-95d7-00ac9c2c0afa'),('93b5e7da-88ac-11e7-beae-408d5ce8eb96','195501cf-00b1-11e7-829b-00ac2794c53f','bde05dca-4c18-11e7-95d7-00ac9c2c0sss'),('93baf7b1-88ac-11e7-beae-408d5ce8eb96','195501cf-00b1-11e7-829b-00ac2794c53f','c24f95c8-4f12-11e7-a1c4-00ac9c2c0afa'),('93becb67-88ac-11e7-beae-408d5ce8eb96','195501cf-00b1-11e7-829b-00ac2794c53f','c24f95c8-4f12-11e7-a1c4-00ac9c2c0afb'),('93c3d9aa-88ac-11e7-beae-408d5ce8eb96','195501cf-00b1-11e7-829b-00ac2794c53f','adf6d6e1-0ae0-11e7-8a10-00ac2794c53f'),('93c7b12c-88ac-11e7-beae-408d5ce8eb96','195501cf-00b1-11e7-829b-00ac2794c53f','042796b8-25a3-11e7-954a-00ac9c2c0afa'),('93cb7dee-88ac-11e7-beae-408d5ce8eb96','195501cf-00b1-11e7-829b-00ac2794c53f','3a00f3a8-2f98-11e7-9817-00ac9c2c0afa'),('93d3d3e4-88ac-11e7-beae-408d5ce8eb96','195501cf-00b1-11e7-829b-00ac2794c53f','488b98a1-2f98-11e7-9817-00ac9c2c0afa'),('93dfe7b8-88ac-11e7-beae-408d5ce8eb96','195501cf-00b1-11e7-829b-00ac2794c53f','48ebd497-2706-11e7-a449-00ac9c2c0afa'),('93ea27e5-88ac-11e7-beae-408d5ce8eb96','195501cf-00b1-11e7-829b-00ac2794c53f','4c960990-3955-11e7-bff0-00ac9c2c0afa'),('93f05cc4-88ac-11e7-beae-408d5ce8eb96','195501cf-00b1-11e7-829b-00ac2794c53f','69a1476f-3952-11e7-bff0-00ac9c2c0afa'),('93f43617-88ac-11e7-beae-408d5ce8eb96','195501cf-00b1-11e7-829b-00ac2794c53f','aad0fa11-2eda-11e7-aa3d-00ac9c2c0afa'),('93f94568-88ac-11e7-beae-408d5ce8eb96','195501cf-00b1-11e7-829b-00ac2794c53f','c778d2c1-49d2-11e7-9cf7-00ac9c2c0afa'),('93fd1c10-88ac-11e7-beae-408d5ce8eb96','195501cf-00b1-11e7-829b-00ac2794c53f','e595e9e7-3954-11e7-bff0-00ac9c2c0afa'),('94022938-88ac-11e7-beae-408d5ce8eb96','195501cf-00b1-11e7-829b-00ac2794c53f','f2180ccb-3947-11e7-bff0-00ac9c2c0afa'),('940608d0-88ac-11e7-beae-408d5ce8eb96','195501cf-00b1-11e7-829b-00ac2794c53f','fe978d99-2ae3-11e7-ab2a-00ac9c2c0afa'),('940b0ed7-88ac-11e7-beae-408d5ce8eb96','195501cf-00b1-11e7-829b-00ac2794c53f','bd76566d-09f0-11e7-982e-00ac2794c53f'),('940eeb39-88ac-11e7-beae-408d5ce8eb96','195501cf-00b1-11e7-829b-00ac2794c53f','06ca551f-4676-11e7-b8a5-00ac9c2c0afa'),('9413f818-88ac-11e7-beae-408d5ce8eb96','195501cf-00b1-11e7-829b-00ac2794c53f','07bbb434-87ca-11e7-85a7-408d5ce8eb96'),('9417cf43-88ac-11e7-beae-408d5ce8eb96','195501cf-00b1-11e7-829b-00ac2794c53f','11aca6a1-09f6-11e7-982e-00ac2794c53f'),('941cdf0a-88ac-11e7-beae-408d5ce8eb96','195501cf-00b1-11e7-829b-00ac2794c53f','1fdc4a83-23fc-11e7-bf03-00ac9c2c0afa'),('9420b7bd-88ac-11e7-beae-408d5ce8eb96','195501cf-00b1-11e7-829b-00ac2794c53f','566a5883-0ae2-11e7-8a10-00ac2794c53f'),('9425c50c-88ac-11e7-beae-408d5ce8eb96','195501cf-00b1-11e7-829b-00ac2794c53f','79c8520f-24db-11e7-942b-00ac9c2c0afa'),('94299f74-88ac-11e7-beae-408d5ce8eb96','195501cf-00b1-11e7-829b-00ac2794c53f','8b78ae53-0b80-11e7-b367-00ac2794c53f'),('942eb11c-88ac-11e7-beae-408d5ce8eb96','195501cf-00b1-11e7-829b-00ac2794c53f','bd2408db-42aa-11e7-a8c0-00ac9c2c0afa'),('94328ecc-88ac-11e7-beae-408d5ce8eb96','195501cf-00b1-11e7-829b-00ac2794c53f','d55f6f94-0ae2-11e7-8a10-00ac2794c53f'),('9437972e-88ac-11e7-beae-408d5ce8eb96','195501cf-00b1-11e7-829b-00ac2794c53f','e8fc44ff-09f0-11e7-982e-00ac2794c53f'),('943b6c48-88ac-11e7-beae-408d5ce8eb96','195501cf-00b1-11e7-829b-00ac2794c53f','ec822044-23fe-11e7-bf03-00ac9c2c0afa'),('94407e34-88ac-11e7-beae-408d5ce8eb96','195501cf-00b1-11e7-829b-00ac2794c53f','ee76566d-09f0-11e7-982e-00ac2794c53f'),('944453b5-88ac-11e7-beae-408d5ce8eb96','195501cf-00b1-11e7-829b-00ac2794c53f','06b86200-2a4e-11e7-8f54-00ac9c2c0afa'),('944964b6-88ac-11e7-beae-408d5ce8eb96','195501cf-00b1-11e7-829b-00ac2794c53f','10ff52cc-4050-11e7-b642-00ac9c2c0afa'),('944d3a8e-88ac-11e7-beae-408d5ce8eb96','195501cf-00b1-11e7-829b-00ac2794c53f','3096730f-36f4-11e7-b12e-00ac9c2c0afa'),('94524b02-88ac-11e7-beae-408d5ce8eb96','195501cf-00b1-11e7-829b-00ac2794c53f','33b7b6fc-3b62-11e7-89b7-00ac9c2c0afa'),('94562100-88ac-11e7-beae-408d5ce8eb96','195501cf-00b1-11e7-829b-00ac2794c53f','3f6d9aed-24d1-11e7-942b-00ac9c2c0afa'),('945f1efe-88ac-11e7-beae-408d5ce8eb96','195501cf-00b1-11e7-829b-00ac2794c53f','580c5e75-498c-11e7-9f6f-00ac9c2c0afa'),('94655145-88ac-11e7-beae-408d5ce8eb96','195501cf-00b1-11e7-829b-00ac2794c53f','8afaff33-3932-11e7-9e12-00ac9c2c0afa'),('946935d7-88ac-11e7-beae-408d5ce8eb96','195501cf-00b1-11e7-829b-00ac2794c53f','9ce5cead-3923-11e7-9e12-00ac9c2c0afa'),('946e33d8-88ac-11e7-beae-408d5ce8eb96','195501cf-00b1-11e7-829b-00ac2794c53f','9eb89f46-3559-11e7-86a1-00ac9c2c0afa'),('94721859-88ac-11e7-beae-408d5ce8eb96','195501cf-00b1-11e7-829b-00ac2794c53f','c28b0c84-2b20-11e7-ab2a-00ac9c2c0afa'),('94772864-88ac-11e7-beae-408d5ce8eb96','195501cf-00b1-11e7-829b-00ac2794c53f','eb2491ef-3c81-11e7-8a3d-00ac9c2c0afa'),('947aff42-88ac-11e7-beae-408d5ce8eb96','195501cf-00b1-11e7-829b-00ac2794c53f','f9350738-49b8-11e7-9cf7-00ac9c2c0afa'),('94800104-88ac-11e7-beae-408d5ce8eb96','195501cf-00b1-11e7-829b-00ac2794c53f','ff76566d-09f0-11e7-982e-00ac2794c53f'),('9483e779-88ac-11e7-beae-408d5ce8eb96','195501cf-00b1-11e7-829b-00ac2794c53f','14cdd369-4ab5-11e7-b97b-00ac9c2c0afa'),('9488ebbc-88ac-11e7-beae-408d5ce8eb96','195501cf-00b1-11e7-829b-00ac2794c53f','19d5e34c-4769-11e7-9460-00ac9c2c0afa'),('948ccceb-88ac-11e7-beae-408d5ce8eb96','195501cf-00b1-11e7-829b-00ac2794c53f','52830b24-49d2-11e7-9cf7-00ac9c2c0afa'),('9491d027-88ac-11e7-beae-408d5ce8eb96','195501cf-00b1-11e7-829b-00ac2794c53f','68fbb6d9-4126-11e7-90dc-00ac9c2c0afa'),('9495b686-88ac-11e7-beae-408d5ce8eb96','195501cf-00b1-11e7-829b-00ac2794c53f','7af00e31-4820-11e7-9a8f-00ac9c2c0afa'),('949ab8e1-88ac-11e7-beae-408d5ce8eb96','195501cf-00b1-11e7-829b-00ac2794c53f','eed05f9d-46be-11e7-b8a5-00ac9c2c0afa'),('949e9d72-88ac-11e7-beae-408d5ce8eb96','195501cf-00b1-11e7-829b-00ac2794c53f','f8563ff1-4801-11e7-9a8f-00ac9c2c0afa'),('94a39d4b-88ac-11e7-beae-408d5ce8eb96','195501cf-00b1-11e7-829b-00ac2794c53f','fecdc9a6-482f-11e7-9a8f-00ac9c2c0afa'),('94a781e9-88ac-11e7-beae-408d5ce8eb96','195501cf-00b1-11e7-829b-00ac2794c53f','gg76566d-09f0-11e7-982e-00ac2794c53f'),('94ac840e-88ac-11e7-beae-408d5ce8eb96','195501cf-00b1-11e7-829b-00ac2794c53f','2a89d88e-3f81-11e7-a6e6-00ac9c2c0afa'),('94b069fc-88ac-11e7-beae-408d5ce8eb96','195501cf-00b1-11e7-829b-00ac2794c53f','39f012d4-46a3-11e7-b8a5-00ac9c2c0afa'),('94b574b3-88ac-11e7-beae-408d5ce8eb96','195501cf-00b1-11e7-829b-00ac2794c53f','56f521fa-41e1-11e7-97a8-00ac9c2c0afa'),('94b95a98-88ac-11e7-beae-408d5ce8eb96','195501cf-00b1-11e7-829b-00ac2794c53f','94c6451d-3ac3-11e7-9360-00ac9c2c0afa'),('94be5d77-88ac-11e7-beae-408d5ce8eb96','195501cf-00b1-11e7-829b-00ac2794c53f','acb04bd9-473c-11e7-9460-00ac9c2c0afa'),('94c24547-88ac-11e7-beae-408d5ce8eb96','195501cf-00b1-11e7-829b-00ac2794c53f','f821583d-266d-11e7-8e99-00ac9c2c0afa'),('94c744a0-88ac-11e7-beae-408d5ce8eb96','195501cf-00b1-11e7-829b-00ac2794c53f','faca716f-39fc-11e7-b0f2-00ac9c2c0afa'),('aswer','ebf0cc00-2335-11e7-a910-00ac9c2c0afa','68fbb6d9-4126-11e7-90dc-00ac9c2c0afa'),('c8a419a6-4c2a-11e7-95d7-00ac9c2c0afa','721e54c8-45af-11e7-a0c0-00ac9c2c0afa','144400d1-092d-11e7-8be9-00ac2794c53f'),('c8a940f5-4c2a-11e7-95d7-00ac9c2c0afa','721e54c8-45af-11e7-a0c0-00ac9c2c0afa','20cf66e5-092d-11e7-8be9-00ac2794c53f'),('c8ae4a6a-4c2a-11e7-95d7-00ac9c2c0afa','721e54c8-45af-11e7-a0c0-00ac9c2c0afa','34c5b0b8-092d-11e7-8be9-00ac2794c53f'),('c8b365f1-4c2a-11e7-95d7-00ac9c2c0afa','721e54c8-45af-11e7-a0c0-00ac9c2c0afa','46f85b9c-1f4d-11e7-9c14-00ac9c2c0afa'),('c8b879a9-4c2a-11e7-95d7-00ac9c2c0afa','721e54c8-45af-11e7-a0c0-00ac9c2c0afa','4ec3c8ff-0ad8-11e7-8a10-00ac2794c53f'),('c8bda162-4c2a-11e7-95d7-00ac9c2c0afa','721e54c8-45af-11e7-a0c0-00ac9c2c0afa','4f0fa4c6-0930-11e7-8be9-00ac2794c53f'),('c8c29c31-4c2a-11e7-95d7-00ac9c2c0afa','721e54c8-45af-11e7-a0c0-00ac9c2c0afa','97775966-0932-11e7-8be9-00ac2794c53f'),('c8c7c2c2-4c2a-11e7-95d7-00ac9c2c0afa','721e54c8-45af-11e7-a0c0-00ac9c2c0afa','585552f9-0aba-11e7-ab6a-00ac2794c53f'),('c8ccce4f-4c2a-11e7-95d7-00ac9c2c0afa','721e54c8-45af-11e7-a0c0-00ac9c2c0afa','452b8746-0abc-11e7-ab6a-00ac2794c53f'),('c8d1df8d-4c2a-11e7-95d7-00ac9c2c0afa','721e54c8-45af-11e7-a0c0-00ac9c2c0afa','a9a52431-0aba-11e7-ab6a-00ac2794c53f'),('c8d6eabc-4c2a-11e7-95d7-00ac9c2c0afa','721e54c8-45af-11e7-a0c0-00ac9c2c0afa','aaf6d6e1-0ae0-11e7-8a10-00ac279dc53f'),('c8dc15c7-4c2a-11e7-95d7-00ac9c2c0afa','721e54c8-45af-11e7-a0c0-00ac9c2c0afa','0f7bfad7-3d26-11e7-8a3d-00ac9c2c0afa'),('c8e1630b-4c2a-11e7-95d7-00ac9c2c0afa','721e54c8-45af-11e7-a0c0-00ac9c2c0afa','27e418f1-24e2-11e7-942b-00ac9c2c0afa'),('c8e67d57-4c2a-11e7-95d7-00ac9c2c0afa','721e54c8-45af-11e7-a0c0-00ac9c2c0afa','2b7c7ef0-3c6b-11e7-8a3d-00ac9c2c0afa'),('c8eb8bd9-4c2a-11e7-95d7-00ac9c2c0afa','721e54c8-45af-11e7-a0c0-00ac9c2c0afa','7c219fea-3bad-11e7-89b7-00ac9c2c0afa'),('c8f09fe9-4c2a-11e7-95d7-00ac9c2c0afa','721e54c8-45af-11e7-a0c0-00ac9c2c0afa','869949c9-3fac-11e7-a6e6-00ac9c2c0afa'),('c8f5b199-4c2a-11e7-95d7-00ac9c2c0afa','721e54c8-45af-11e7-a0c0-00ac9c2c0afa','97015277-3a0b-11e7-b0f2-00ac9c2c0afa'),('c8fae3e9-4c2a-11e7-95d7-00ac9c2c0afa','721e54c8-45af-11e7-a0c0-00ac9c2c0afa','9f47f1cc-3fac-11e7-a6e6-00ac9c2c0afa'),('c8ffece1-4c2a-11e7-95d7-00ac9c2c0afa','721e54c8-45af-11e7-a0c0-00ac9c2c0afa','bde05dca-4c18-11e7-95d7-00ac9c2c0afa'),('c904d390-4c2a-11e7-95d7-00ac9c2c0afa','721e54c8-45af-11e7-a0c0-00ac9c2c0afa','adf6d6e1-0ae0-11e7-8a10-00ac2794c53f'),('c909e53a-4c2a-11e7-95d7-00ac9c2c0afa','721e54c8-45af-11e7-a0c0-00ac9c2c0afa','042796b8-25a3-11e7-954a-00ac9c2c0afa'),('c90ef6c4-4c2a-11e7-95d7-00ac9c2c0afa','721e54c8-45af-11e7-a0c0-00ac9c2c0afa','3a00f3a8-2f98-11e7-9817-00ac9c2c0afa'),('c9147ae5-4c2a-11e7-95d7-00ac9c2c0afa','721e54c8-45af-11e7-a0c0-00ac9c2c0afa','488b98a1-2f98-11e7-9817-00ac9c2c0afa'),('c91b0368-4c2a-11e7-95d7-00ac9c2c0afa','721e54c8-45af-11e7-a0c0-00ac9c2c0afa','48ebd497-2706-11e7-a449-00ac9c2c0afa'),('c9213e81-4c2a-11e7-95d7-00ac9c2c0afa','721e54c8-45af-11e7-a0c0-00ac9c2c0afa','4c960990-3955-11e7-bff0-00ac9c2c0afa'),('c927abd0-4c2a-11e7-95d7-00ac9c2c0afa','721e54c8-45af-11e7-a0c0-00ac9c2c0afa','69a1476f-3952-11e7-bff0-00ac9c2c0afa'),('c92df686-4c2a-11e7-95d7-00ac9c2c0afa','721e54c8-45af-11e7-a0c0-00ac9c2c0afa','aad0fa11-2eda-11e7-aa3d-00ac9c2c0afa'),('c93577cf-4c2a-11e7-95d7-00ac9c2c0afa','721e54c8-45af-11e7-a0c0-00ac9c2c0afa','c778d2c1-49d2-11e7-9cf7-00ac9c2c0afa'),('c93ab4f5-4c2a-11e7-95d7-00ac9c2c0afa','721e54c8-45af-11e7-a0c0-00ac9c2c0afa','e595e9e7-3954-11e7-bff0-00ac9c2c0afa'),('c9410be9-4c2a-11e7-95d7-00ac9c2c0afa','721e54c8-45af-11e7-a0c0-00ac9c2c0afa','f2180ccb-3947-11e7-bff0-00ac9c2c0afa'),('c9475e57-4c2a-11e7-95d7-00ac9c2c0afa','721e54c8-45af-11e7-a0c0-00ac9c2c0afa','fe978d99-2ae3-11e7-ab2a-00ac9c2c0afa'),('c94dcfcf-4c2a-11e7-95d7-00ac9c2c0afa','721e54c8-45af-11e7-a0c0-00ac9c2c0afa','bd76566d-09f0-11e7-982e-00ac2794c53f'),('c954222a-4c2a-11e7-95d7-00ac9c2c0afa','721e54c8-45af-11e7-a0c0-00ac9c2c0afa','06ca551f-4676-11e7-b8a5-00ac9c2c0afa'),('c95a749e-4c2a-11e7-95d7-00ac9c2c0afa','721e54c8-45af-11e7-a0c0-00ac9c2c0afa','11aca6a1-09f6-11e7-982e-00ac2794c53f'),('c960be03-4c2a-11e7-95d7-00ac9c2c0afa','721e54c8-45af-11e7-a0c0-00ac9c2c0afa','1fdc4a83-23fc-11e7-bf03-00ac9c2c0afa'),('c9674042-4c2a-11e7-95d7-00ac9c2c0afa','721e54c8-45af-11e7-a0c0-00ac9c2c0afa','566a5883-0ae2-11e7-8a10-00ac2794c53f'),('c96d8b3f-4c2a-11e7-95d7-00ac9c2c0afa','721e54c8-45af-11e7-a0c0-00ac9c2c0afa','79c8520f-24db-11e7-942b-00ac9c2c0afa'),('c973d8c6-4c2a-11e7-95d7-00ac9c2c0afa','721e54c8-45af-11e7-a0c0-00ac9c2c0afa','8b78ae53-0b80-11e7-b367-00ac2794c53f'),('c979ef01-4c2a-11e7-95d7-00ac9c2c0afa','721e54c8-45af-11e7-a0c0-00ac9c2c0afa','bd2408db-42aa-11e7-a8c0-00ac9c2c0afa'),('c97db725-4c2a-11e7-95d7-00ac9c2c0afa','721e54c8-45af-11e7-a0c0-00ac9c2c0afa','d55f6f94-0ae2-11e7-8a10-00ac2794c53f'),('c986cdf8-4c2a-11e7-95d7-00ac9c2c0afa','721e54c8-45af-11e7-a0c0-00ac9c2c0afa','e8fc44ff-09f0-11e7-982e-00ac2794c53f'),('c98d788e-4c2a-11e7-95d7-00ac9c2c0afa','721e54c8-45af-11e7-a0c0-00ac9c2c0afa','ec822044-23fe-11e7-bf03-00ac9c2c0afa'),('c9927927-4c2a-11e7-95d7-00ac9c2c0afa','721e54c8-45af-11e7-a0c0-00ac9c2c0afa','ee76566d-09f0-11e7-982e-00ac2794c53f'),('c998d709-4c2a-11e7-95d7-00ac9c2c0afa','721e54c8-45af-11e7-a0c0-00ac9c2c0afa','06b86200-2a4e-11e7-8f54-00ac9c2c0afa'),('c99dcac1-4c2a-11e7-95d7-00ac9c2c0afa','721e54c8-45af-11e7-a0c0-00ac9c2c0afa','10ff52cc-4050-11e7-b642-00ac9c2c0afa'),('c9a441f0-4c2a-11e7-95d7-00ac9c2c0afa','721e54c8-45af-11e7-a0c0-00ac9c2c0afa','3096730f-36f4-11e7-b12e-00ac9c2c0afa'),('c9a96be3-4c2a-11e7-95d7-00ac9c2c0afa','721e54c8-45af-11e7-a0c0-00ac9c2c0afa','33b7b6fc-3b62-11e7-89b7-00ac9c2c0afa'),('c9af8c51-4c2a-11e7-95d7-00ac9c2c0afa','721e54c8-45af-11e7-a0c0-00ac9c2c0afa','3f6d9aed-24d1-11e7-942b-00ac9c2c0afa'),('c9b320ae-4c2a-11e7-95d7-00ac9c2c0afa','721e54c8-45af-11e7-a0c0-00ac9c2c0afa','580c5e75-498c-11e7-9f6f-00ac9c2c0afa'),('c9b839b7-4c2a-11e7-95d7-00ac9c2c0afa','721e54c8-45af-11e7-a0c0-00ac9c2c0afa','8afaff33-3932-11e7-9e12-00ac9c2c0afa'),('c9bc583f-4c2a-11e7-95d7-00ac9c2c0afa','721e54c8-45af-11e7-a0c0-00ac9c2c0afa','9ce5cead-3923-11e7-9e12-00ac9c2c0afa'),('c9c2d7b7-4c2a-11e7-95d7-00ac9c2c0afa','721e54c8-45af-11e7-a0c0-00ac9c2c0afa','9eb89f46-3559-11e7-86a1-00ac9c2c0afa'),('c9c787d9-4c2a-11e7-95d7-00ac9c2c0afa','721e54c8-45af-11e7-a0c0-00ac9c2c0afa','c28b0c84-2b20-11e7-ab2a-00ac9c2c0afa'),('c9ccd43c-4c2a-11e7-95d7-00ac9c2c0afa','721e54c8-45af-11e7-a0c0-00ac9c2c0afa','eb2491ef-3c81-11e7-8a3d-00ac9c2c0afa'),('c9d1bae5-4c2a-11e7-95d7-00ac9c2c0afa','721e54c8-45af-11e7-a0c0-00ac9c2c0afa','19d5e34c-4769-11e7-9460-00ac9c2c0afa'),('c9d6e794-4c2a-11e7-95d7-00ac9c2c0afa','721e54c8-45af-11e7-a0c0-00ac9c2c0afa','68fbb6d9-4126-11e7-90dc-00ac9c2c0afa'),('c9dad715-4c2a-11e7-95d7-00ac9c2c0afa','721e54c8-45af-11e7-a0c0-00ac9c2c0afa','7af00e31-4820-11e7-9a8f-00ac9c2c0afa'),('c9e1371b-4c2a-11e7-95d7-00ac9c2c0afa','721e54c8-45af-11e7-a0c0-00ac9c2c0afa','eed05f9d-46be-11e7-b8a5-00ac9c2c0afa'),('c9e65081-4c2a-11e7-95d7-00ac9c2c0afa','721e54c8-45af-11e7-a0c0-00ac9c2c0afa','f8563ff1-4801-11e7-9a8f-00ac9c2c0afa'),('c9ecdf69-4c2a-11e7-95d7-00ac9c2c0afa','721e54c8-45af-11e7-a0c0-00ac9c2c0afa','gg76566d-09f0-11e7-982e-00ac2794c53f'),('c9f1b0ed-4c2a-11e7-95d7-00ac9c2c0afa','721e54c8-45af-11e7-a0c0-00ac9c2c0afa','2a89d88e-3f81-11e7-a6e6-00ac9c2c0afa'),('c9f82d49-4c2a-11e7-95d7-00ac9c2c0afa','721e54c8-45af-11e7-a0c0-00ac9c2c0afa','39f012d4-46a3-11e7-b8a5-00ac9c2c0afa'),('c9fd36f2-4c2a-11e7-95d7-00ac9c2c0afa','721e54c8-45af-11e7-a0c0-00ac9c2c0afa','56f521fa-41e1-11e7-97a8-00ac9c2c0afa'),('ca04e60e-4c2a-11e7-95d7-00ac9c2c0afa','721e54c8-45af-11e7-a0c0-00ac9c2c0afa','94c6451d-3ac3-11e7-9360-00ac9c2c0afa'),('ca0b2026-4c2a-11e7-95d7-00ac9c2c0afa','721e54c8-45af-11e7-a0c0-00ac9c2c0afa','acb04bd9-473c-11e7-9460-00ac9c2c0afa'),('ca117f80-4c2a-11e7-95d7-00ac9c2c0afa','721e54c8-45af-11e7-a0c0-00ac9c2c0afa','f821583d-266d-11e7-8e99-00ac9c2c0afa'),('ca17ede3-4c2a-11e7-95d7-00ac9c2c0afa','721e54c8-45af-11e7-a0c0-00ac9c2c0afa','faca716f-39fc-11e7-b0f2-00ac9c2c0afa'),('cced9019-4c2a-11e7-95d7-00ac9c2c0afa','65326f2c-45af-11e7-a0c0-00ac9c2c0afa','144400d1-092d-11e7-8be9-00ac2794c53f'),('ccf29f7f-4c2a-11e7-95d7-00ac9c2c0afa','65326f2c-45af-11e7-a0c0-00ac9c2c0afa','20cf66e5-092d-11e7-8be9-00ac2794c53f'),('ccf654cb-4c2a-11e7-95d7-00ac9c2c0afa','65326f2c-45af-11e7-a0c0-00ac9c2c0afa','34c5b0b8-092d-11e7-8be9-00ac2794c53f'),('ccfb7921-4c2a-11e7-95d7-00ac9c2c0afa','65326f2c-45af-11e7-a0c0-00ac9c2c0afa','46f85b9c-1f4d-11e7-9c14-00ac9c2c0afa'),('ccff61aa-4c2a-11e7-95d7-00ac9c2c0afa','65326f2c-45af-11e7-a0c0-00ac9c2c0afa','4ec3c8ff-0ad8-11e7-8a10-00ac2794c53f'),('cd049584-4c2a-11e7-95d7-00ac9c2c0afa','65326f2c-45af-11e7-a0c0-00ac9c2c0afa','4f0fa4c6-0930-11e7-8be9-00ac2794c53f'),('cd085868-4c2a-11e7-95d7-00ac9c2c0afa','65326f2c-45af-11e7-a0c0-00ac9c2c0afa','97775966-0932-11e7-8be9-00ac2794c53f'),('cd0d753a-4c2a-11e7-95d7-00ac9c2c0afa','65326f2c-45af-11e7-a0c0-00ac9c2c0afa','aaf6d6e1-0ae0-11e7-8a10-00ac279dc53f'),('cd114560-4c2a-11e7-95d7-00ac9c2c0afa','65326f2c-45af-11e7-a0c0-00ac9c2c0afa','0f7bfad7-3d26-11e7-8a3d-00ac9c2c0afa'),('cd16600d-4c2a-11e7-95d7-00ac9c2c0afa','65326f2c-45af-11e7-a0c0-00ac9c2c0afa','27e418f1-24e2-11e7-942b-00ac9c2c0afa'),('cd1a2647-4c2a-11e7-95d7-00ac9c2c0afa','65326f2c-45af-11e7-a0c0-00ac9c2c0afa','2b7c7ef0-3c6b-11e7-8a3d-00ac9c2c0afa'),('cd1f4218-4c2a-11e7-95d7-00ac9c2c0afa','65326f2c-45af-11e7-a0c0-00ac9c2c0afa','7c219fea-3bad-11e7-89b7-00ac9c2c0afa'),('cd2332e0-4c2a-11e7-95d7-00ac9c2c0afa','65326f2c-45af-11e7-a0c0-00ac9c2c0afa','869949c9-3fac-11e7-a6e6-00ac9c2c0afa'),('cd283bff-4c2a-11e7-95d7-00ac9c2c0afa','65326f2c-45af-11e7-a0c0-00ac9c2c0afa','97015277-3a0b-11e7-b0f2-00ac9c2c0afa'),('cd2c02f2-4c2a-11e7-95d7-00ac9c2c0afa','65326f2c-45af-11e7-a0c0-00ac9c2c0afa','9f47f1cc-3fac-11e7-a6e6-00ac9c2c0afa'),('cd30f116-4c2a-11e7-95d7-00ac9c2c0afa','65326f2c-45af-11e7-a0c0-00ac9c2c0afa','bde05dca-4c18-11e7-95d7-00ac9c2c0afa'),('cd34b625-4c2a-11e7-95d7-00ac9c2c0afa','65326f2c-45af-11e7-a0c0-00ac9c2c0afa','adf6d6e1-0ae0-11e7-8a10-00ac2794c53f'),('cd39ef43-4c2a-11e7-95d7-00ac9c2c0afa','65326f2c-45af-11e7-a0c0-00ac9c2c0afa','042796b8-25a3-11e7-954a-00ac9c2c0afa'),('cd3dae7e-4c2a-11e7-95d7-00ac9c2c0afa','65326f2c-45af-11e7-a0c0-00ac9c2c0afa','3a00f3a8-2f98-11e7-9817-00ac9c2c0afa'),('cd42c9af-4c2a-11e7-95d7-00ac9c2c0afa','65326f2c-45af-11e7-a0c0-00ac9c2c0afa','488b98a1-2f98-11e7-9817-00ac9c2c0afa'),('cd469720-4c2a-11e7-95d7-00ac9c2c0afa','65326f2c-45af-11e7-a0c0-00ac9c2c0afa','48ebd497-2706-11e7-a449-00ac9c2c0afa'),('cd4ba505-4c2a-11e7-95d7-00ac9c2c0afa','65326f2c-45af-11e7-a0c0-00ac9c2c0afa','4c960990-3955-11e7-bff0-00ac9c2c0afa'),('cd4fd7ce-4c2a-11e7-95d7-00ac9c2c0afa','65326f2c-45af-11e7-a0c0-00ac9c2c0afa','69a1476f-3952-11e7-bff0-00ac9c2c0afa'),('cd563455-4c2a-11e7-95d7-00ac9c2c0afa','65326f2c-45af-11e7-a0c0-00ac9c2c0afa','aad0fa11-2eda-11e7-aa3d-00ac9c2c0afa'),('cd5b06c7-4c2a-11e7-95d7-00ac9c2c0afa','65326f2c-45af-11e7-a0c0-00ac9c2c0afa','c778d2c1-49d2-11e7-9cf7-00ac9c2c0afa'),('cd603a01-4c2a-11e7-95d7-00ac9c2c0afa','65326f2c-45af-11e7-a0c0-00ac9c2c0afa','f2180ccb-3947-11e7-bff0-00ac9c2c0afa'),('cd6401cf-4c2a-11e7-95d7-00ac9c2c0afa','65326f2c-45af-11e7-a0c0-00ac9c2c0afa','fe978d99-2ae3-11e7-ab2a-00ac9c2c0afa'),('cd692c49-4c2a-11e7-95d7-00ac9c2c0afa','65326f2c-45af-11e7-a0c0-00ac9c2c0afa','bd76566d-09f0-11e7-982e-00ac2794c53f'),('cd6ce859-4c2a-11e7-95d7-00ac9c2c0afa','65326f2c-45af-11e7-a0c0-00ac9c2c0afa','06ca551f-4676-11e7-b8a5-00ac9c2c0afa'),('cd71fffe-4c2a-11e7-95d7-00ac9c2c0afa','65326f2c-45af-11e7-a0c0-00ac9c2c0afa','11aca6a1-09f6-11e7-982e-00ac2794c53f'),('cd75bfc0-4c2a-11e7-95d7-00ac9c2c0afa','65326f2c-45af-11e7-a0c0-00ac9c2c0afa','1fdc4a83-23fc-11e7-bf03-00ac9c2c0afa'),('cd7aed83-4c2a-11e7-95d7-00ac9c2c0afa','65326f2c-45af-11e7-a0c0-00ac9c2c0afa','566a5883-0ae2-11e7-8a10-00ac2794c53f'),('cd7e9a79-4c2a-11e7-95d7-00ac9c2c0afa','65326f2c-45af-11e7-a0c0-00ac9c2c0afa','79c8520f-24db-11e7-942b-00ac9c2c0afa'),('cd83c51a-4c2a-11e7-95d7-00ac9c2c0afa','65326f2c-45af-11e7-a0c0-00ac9c2c0afa','8b78ae53-0b80-11e7-b367-00ac2794c53f'),('cd879f90-4c2a-11e7-95d7-00ac9c2c0afa','65326f2c-45af-11e7-a0c0-00ac9c2c0afa','bd2408db-42aa-11e7-a8c0-00ac9c2c0afa'),('cd8cb306-4c2a-11e7-95d7-00ac9c2c0afa','65326f2c-45af-11e7-a0c0-00ac9c2c0afa','d55f6f94-0ae2-11e7-8a10-00ac2794c53f'),('cd9081bb-4c2a-11e7-95d7-00ac9c2c0afa','65326f2c-45af-11e7-a0c0-00ac9c2c0afa','e8fc44ff-09f0-11e7-982e-00ac2794c53f'),('cd958563-4c2a-11e7-95d7-00ac9c2c0afa','65326f2c-45af-11e7-a0c0-00ac9c2c0afa','ec822044-23fe-11e7-bf03-00ac9c2c0afa'),('cd9995f3-4c2a-11e7-95d7-00ac9c2c0afa','65326f2c-45af-11e7-a0c0-00ac9c2c0afa','ee76566d-09f0-11e7-982e-00ac2794c53f'),('cda00707-4c2a-11e7-95d7-00ac9c2c0afa','65326f2c-45af-11e7-a0c0-00ac9c2c0afa','10ff52cc-4050-11e7-b642-00ac9c2c0afa'),('cda5171a-4c2a-11e7-95d7-00ac9c2c0afa','65326f2c-45af-11e7-a0c0-00ac9c2c0afa','580c5e75-498c-11e7-9f6f-00ac9c2c0afa'),('cdab7828-4c2a-11e7-95d7-00ac9c2c0afa','65326f2c-45af-11e7-a0c0-00ac9c2c0afa','ff76566d-09f0-11e7-982e-00ac2794c53f'),('cdb062d3-4c2a-11e7-95d7-00ac9c2c0afa','65326f2c-45af-11e7-a0c0-00ac9c2c0afa','19d5e34c-4769-11e7-9460-00ac9c2c0afa'),('cdb5ba64-4c2a-11e7-95d7-00ac9c2c0afa','65326f2c-45af-11e7-a0c0-00ac9c2c0afa','68fbb6d9-4126-11e7-90dc-00ac9c2c0afa'),('cdbab6dd-4c2a-11e7-95d7-00ac9c2c0afa','65326f2c-45af-11e7-a0c0-00ac9c2c0afa','fecdc9a6-482f-11e7-9a8f-00ac9c2c0afa'),('cdc10d2e-4c2a-11e7-95d7-00ac9c2c0afa','65326f2c-45af-11e7-a0c0-00ac9c2c0afa','2a89d88e-3f81-11e7-a6e6-00ac9c2c0afa'),('cdc61811-4c2a-11e7-95d7-00ac9c2c0afa','65326f2c-45af-11e7-a0c0-00ac9c2c0afa','39f012d4-46a3-11e7-b8a5-00ac9c2c0afa'),('cdcc7cfa-4c2a-11e7-95d7-00ac9c2c0afa','65326f2c-45af-11e7-a0c0-00ac9c2c0afa','56f521fa-41e1-11e7-97a8-00ac9c2c0afa'),('cdd194d5-4c2a-11e7-95d7-00ac9c2c0afa','65326f2c-45af-11e7-a0c0-00ac9c2c0afa','94c6451d-3ac3-11e7-9360-00ac9c2c0afa'),('cdd7f29e-4c2a-11e7-95d7-00ac9c2c0afa','65326f2c-45af-11e7-a0c0-00ac9c2c0afa','acb04bd9-473c-11e7-9460-00ac9c2c0afa'),('cddcc7ce-4c2a-11e7-95d7-00ac9c2c0afa','65326f2c-45af-11e7-a0c0-00ac9c2c0afa','f821583d-266d-11e7-8e99-00ac9c2c0afa'),('cde5c26c-4c2a-11e7-95d7-00ac9c2c0afa','65326f2c-45af-11e7-a0c0-00ac9c2c0afa','faca716f-39fc-11e7-b0f2-00ac9c2c0afa'),('d54708be-4c2a-11e7-95d7-00ac9c2c0afa','6c960904-45af-11e7-a0c0-00ac9c2c0afa','144400d1-092d-11e7-8be9-00ac2794c53f'),('d54c4137-4c2a-11e7-95d7-00ac9c2c0afa','6c960904-45af-11e7-a0c0-00ac9c2c0afa','20cf66e5-092d-11e7-8be9-00ac2794c53f'),('d557e0ff-4c2a-11e7-95d7-00ac9c2c0afa','6c960904-45af-11e7-a0c0-00ac9c2c0afa','34c5b0b8-092d-11e7-8be9-00ac2794c53f'),('d55ceefe-4c2a-11e7-95d7-00ac9c2c0afa','6c960904-45af-11e7-a0c0-00ac9c2c0afa','46f85b9c-1f4d-11e7-9c14-00ac9c2c0afa'),('d561cd0e-4c2a-11e7-95d7-00ac9c2c0afa','6c960904-45af-11e7-a0c0-00ac9c2c0afa','4ec3c8ff-0ad8-11e7-8a10-00ac2794c53f'),('d565954f-4c2a-11e7-95d7-00ac9c2c0afa','6c960904-45af-11e7-a0c0-00ac9c2c0afa','4f0fa4c6-0930-11e7-8be9-00ac2794c53f'),('d56aa95b-4c2a-11e7-95d7-00ac9c2c0afa','6c960904-45af-11e7-a0c0-00ac9c2c0afa','97775966-0932-11e7-8be9-00ac2794c53f'),('d56e8a1c-4c2a-11e7-95d7-00ac9c2c0afa','6c960904-45af-11e7-a0c0-00ac9c2c0afa','585552f9-0aba-11e7-ab6a-00ac2794c53f'),('d573a784-4c2a-11e7-95d7-00ac9c2c0afa','6c960904-45af-11e7-a0c0-00ac9c2c0afa','452b8746-0abc-11e7-ab6a-00ac2794c53f'),('d577ab5f-4c2a-11e7-95d7-00ac9c2c0afa','6c960904-45af-11e7-a0c0-00ac9c2c0afa','a9a52431-0aba-11e7-ab6a-00ac2794c53f'),('d57ca4e7-4c2a-11e7-95d7-00ac9c2c0afa','6c960904-45af-11e7-a0c0-00ac9c2c0afa','aaf6d6e1-0ae0-11e7-8a10-00ac279dc53f'),('d581b819-4c2a-11e7-95d7-00ac9c2c0afa','6c960904-45af-11e7-a0c0-00ac9c2c0afa','0f7bfad7-3d26-11e7-8a3d-00ac9c2c0afa'),('d586ce86-4c2a-11e7-95d7-00ac9c2c0afa','6c960904-45af-11e7-a0c0-00ac9c2c0afa','27e418f1-24e2-11e7-942b-00ac9c2c0afa'),('d58ac257-4c2a-11e7-95d7-00ac9c2c0afa','6c960904-45af-11e7-a0c0-00ac9c2c0afa','2b7c7ef0-3c6b-11e7-8a3d-00ac9c2c0afa'),('d5910ce9-4c2a-11e7-95d7-00ac9c2c0afa','6c960904-45af-11e7-a0c0-00ac9c2c0afa','7c219fea-3bad-11e7-89b7-00ac9c2c0afa'),('d5964f09-4c2a-11e7-95d7-00ac9c2c0afa','6c960904-45af-11e7-a0c0-00ac9c2c0afa','869949c9-3fac-11e7-a6e6-00ac9c2c0afa'),('d59c854e-4c2a-11e7-95d7-00ac9c2c0afa','6c960904-45af-11e7-a0c0-00ac9c2c0afa','9f47f1cc-3fac-11e7-a6e6-00ac9c2c0afa'),('d5a1da5a-4c2a-11e7-95d7-00ac9c2c0afa','6c960904-45af-11e7-a0c0-00ac9c2c0afa','adf6d6e1-0ae0-11e7-8a10-00ac2794c53f'),('d5a81724-4c2a-11e7-95d7-00ac9c2c0afa','6c960904-45af-11e7-a0c0-00ac9c2c0afa','042796b8-25a3-11e7-954a-00ac9c2c0afa'),('d5ad3c2b-4c2a-11e7-95d7-00ac9c2c0afa','6c960904-45af-11e7-a0c0-00ac9c2c0afa','3a00f3a8-2f98-11e7-9817-00ac9c2c0afa'),('d5b363ca-4c2a-11e7-95d7-00ac9c2c0afa','6c960904-45af-11e7-a0c0-00ac9c2c0afa','488b98a1-2f98-11e7-9817-00ac9c2c0afa'),('d5b8bb6b-4c2a-11e7-95d7-00ac9c2c0afa','6c960904-45af-11e7-a0c0-00ac9c2c0afa','48ebd497-2706-11e7-a449-00ac9c2c0afa'),('d5bedf68-4c2a-11e7-95d7-00ac9c2c0afa','6c960904-45af-11e7-a0c0-00ac9c2c0afa','4c960990-3955-11e7-bff0-00ac9c2c0afa'),('d5c40659-4c2a-11e7-95d7-00ac9c2c0afa','6c960904-45af-11e7-a0c0-00ac9c2c0afa','69a1476f-3952-11e7-bff0-00ac9c2c0afa'),('d5ca6891-4c2a-11e7-95d7-00ac9c2c0afa','6c960904-45af-11e7-a0c0-00ac9c2c0afa','aad0fa11-2eda-11e7-aa3d-00ac9c2c0afa'),('d5cf9077-4c2a-11e7-95d7-00ac9c2c0afa','6c960904-45af-11e7-a0c0-00ac9c2c0afa','c778d2c1-49d2-11e7-9cf7-00ac9c2c0afa'),('d5d5d24a-4c2a-11e7-95d7-00ac9c2c0afa','6c960904-45af-11e7-a0c0-00ac9c2c0afa','e595e9e7-3954-11e7-bff0-00ac9c2c0afa'),('d5db1d29-4c2a-11e7-95d7-00ac9c2c0afa','6c960904-45af-11e7-a0c0-00ac9c2c0afa','f2180ccb-3947-11e7-bff0-00ac9c2c0afa'),('d5e15fc9-4c2a-11e7-95d7-00ac9c2c0afa','6c960904-45af-11e7-a0c0-00ac9c2c0afa','fe978d99-2ae3-11e7-ab2a-00ac9c2c0afa'),('d5e66663-4c2a-11e7-95d7-00ac9c2c0afa','6c960904-45af-11e7-a0c0-00ac9c2c0afa','bd76566d-09f0-11e7-982e-00ac2794c53f'),('d5ecc542-4c2a-11e7-95d7-00ac9c2c0afa','6c960904-45af-11e7-a0c0-00ac9c2c0afa','06ca551f-4676-11e7-b8a5-00ac9c2c0afa'),('d5f2fe70-4c2a-11e7-95d7-00ac9c2c0afa','6c960904-45af-11e7-a0c0-00ac9c2c0afa','11aca6a1-09f6-11e7-982e-00ac2794c53f'),('d5f826a6-4c2a-11e7-95d7-00ac9c2c0afa','6c960904-45af-11e7-a0c0-00ac9c2c0afa','1fdc4a83-23fc-11e7-bf03-00ac9c2c0afa'),('d5fe832a-4c2a-11e7-95d7-00ac9c2c0afa','6c960904-45af-11e7-a0c0-00ac9c2c0afa','566a5883-0ae2-11e7-8a10-00ac2794c53f'),('d603be4f-4c2a-11e7-95d7-00ac9c2c0afa','6c960904-45af-11e7-a0c0-00ac9c2c0afa','79c8520f-24db-11e7-942b-00ac9c2c0afa'),('d609aa82-4c2a-11e7-95d7-00ac9c2c0afa','6c960904-45af-11e7-a0c0-00ac9c2c0afa','8b78ae53-0b80-11e7-b367-00ac2794c53f'),('d60de395-4c2a-11e7-95d7-00ac9c2c0afa','6c960904-45af-11e7-a0c0-00ac9c2c0afa','bd2408db-42aa-11e7-a8c0-00ac9c2c0afa'),('d61442cb-4c2a-11e7-95d7-00ac9c2c0afa','6c960904-45af-11e7-a0c0-00ac9c2c0afa','d55f6f94-0ae2-11e7-8a10-00ac2794c53f'),('d6194b4c-4c2a-11e7-95d7-00ac9c2c0afa','6c960904-45af-11e7-a0c0-00ac9c2c0afa','e8fc44ff-09f0-11e7-982e-00ac2794c53f'),('d61fa7a1-4c2a-11e7-95d7-00ac9c2c0afa','6c960904-45af-11e7-a0c0-00ac9c2c0afa','ec822044-23fe-11e7-bf03-00ac9c2c0afa'),('d624b7aa-4c2a-11e7-95d7-00ac9c2c0afa','6c960904-45af-11e7-a0c0-00ac9c2c0afa','ee76566d-09f0-11e7-982e-00ac2794c53f'),('d62b030a-4c2a-11e7-95d7-00ac9c2c0afa','6c960904-45af-11e7-a0c0-00ac9c2c0afa','06b86200-2a4e-11e7-8f54-00ac9c2c0afa'),('d631624d-4c2a-11e7-95d7-00ac9c2c0afa','6c960904-45af-11e7-a0c0-00ac9c2c0afa','10ff52cc-4050-11e7-b642-00ac9c2c0afa'),('d637d4a2-4c2a-11e7-95d7-00ac9c2c0afa','6c960904-45af-11e7-a0c0-00ac9c2c0afa','3096730f-36f4-11e7-b12e-00ac9c2c0afa'),('d63cd978-4c2a-11e7-95d7-00ac9c2c0afa','6c960904-45af-11e7-a0c0-00ac9c2c0afa','33b7b6fc-3b62-11e7-89b7-00ac9c2c0afa'),('d64322e0-4c2a-11e7-95d7-00ac9c2c0afa','6c960904-45af-11e7-a0c0-00ac9c2c0afa','3f6d9aed-24d1-11e7-942b-00ac9c2c0afa'),('d6484b9c-4c2a-11e7-95d7-00ac9c2c0afa','6c960904-45af-11e7-a0c0-00ac9c2c0afa','580c5e75-498c-11e7-9f6f-00ac9c2c0afa'),('d64e8a5a-4c2a-11e7-95d7-00ac9c2c0afa','6c960904-45af-11e7-a0c0-00ac9c2c0afa','8afaff33-3932-11e7-9e12-00ac9c2c0afa'),('d653b665-4c2a-11e7-95d7-00ac9c2c0afa','6c960904-45af-11e7-a0c0-00ac9c2c0afa','9ce5cead-3923-11e7-9e12-00ac9c2c0afa'),('d6588733-4c2a-11e7-95d7-00ac9c2c0afa','6c960904-45af-11e7-a0c0-00ac9c2c0afa','9eb89f46-3559-11e7-86a1-00ac9c2c0afa'),('d65c3379-4c2a-11e7-95d7-00ac9c2c0afa','6c960904-45af-11e7-a0c0-00ac9c2c0afa','c28b0c84-2b20-11e7-ab2a-00ac9c2c0afa'),('d6615d2c-4c2a-11e7-95d7-00ac9c2c0afa','6c960904-45af-11e7-a0c0-00ac9c2c0afa','eb2491ef-3c81-11e7-8a3d-00ac9c2c0afa'),('d6652f24-4c2a-11e7-95d7-00ac9c2c0afa','6c960904-45af-11e7-a0c0-00ac9c2c0afa','f9350738-49b8-11e7-9cf7-00ac9c2c0afa'),('d66a9813-4c2a-11e7-95d7-00ac9c2c0afa','6c960904-45af-11e7-a0c0-00ac9c2c0afa','ff76566d-09f0-11e7-982e-00ac2794c53f'),('d66fbb7c-4c2a-11e7-95d7-00ac9c2c0afa','6c960904-45af-11e7-a0c0-00ac9c2c0afa','19d5e34c-4769-11e7-9460-00ac9c2c0afa'),('d675f50a-4c2a-11e7-95d7-00ac9c2c0afa','6c960904-45af-11e7-a0c0-00ac9c2c0afa','68fbb6d9-4126-11e7-90dc-00ac9c2c0afa'),('d67b1480-4c2a-11e7-95d7-00ac9c2c0afa','6c960904-45af-11e7-a0c0-00ac9c2c0afa','7af00e31-4820-11e7-9a8f-00ac9c2c0afa'),('d6801a60-4c2a-11e7-95d7-00ac9c2c0afa','6c960904-45af-11e7-a0c0-00ac9c2c0afa','eed05f9d-46be-11e7-b8a5-00ac9c2c0afa'),('d6854903-4c2a-11e7-95d7-00ac9c2c0afa','6c960904-45af-11e7-a0c0-00ac9c2c0afa','f8563ff1-4801-11e7-9a8f-00ac9c2c0afa'),('d68f85a8-4c2a-11e7-95d7-00ac9c2c0afa','6c960904-45af-11e7-a0c0-00ac9c2c0afa','fecdc9a6-482f-11e7-9a8f-00ac9c2c0afa'),('d695cf57-4c2a-11e7-95d7-00ac9c2c0afa','6c960904-45af-11e7-a0c0-00ac9c2c0afa','gg76566d-09f0-11e7-982e-00ac2794c53f'),('d69aca19-4c2a-11e7-95d7-00ac9c2c0afa','6c960904-45af-11e7-a0c0-00ac9c2c0afa','2a89d88e-3f81-11e7-a6e6-00ac9c2c0afa'),('d69ea741-4c2a-11e7-95d7-00ac9c2c0afa','6c960904-45af-11e7-a0c0-00ac9c2c0afa','39f012d4-46a3-11e7-b8a5-00ac9c2c0afa'),('d6a3bc98-4c2a-11e7-95d7-00ac9c2c0afa','6c960904-45af-11e7-a0c0-00ac9c2c0afa','56f521fa-41e1-11e7-97a8-00ac9c2c0afa'),('d6a8c378-4c2a-11e7-95d7-00ac9c2c0afa','6c960904-45af-11e7-a0c0-00ac9c2c0afa','94c6451d-3ac3-11e7-9360-00ac9c2c0afa'),('d6adc230-4c2a-11e7-95d7-00ac9c2c0afa','6c960904-45af-11e7-a0c0-00ac9c2c0afa','acb04bd9-473c-11e7-9460-00ac9c2c0afa'),('d6b18fab-4c2a-11e7-95d7-00ac9c2c0afa','6c960904-45af-11e7-a0c0-00ac9c2c0afa','f821583d-266d-11e7-8e99-00ac9c2c0afa'),('d6b6afbf-4c2a-11e7-95d7-00ac9c2c0afa','6c960904-45af-11e7-a0c0-00ac9c2c0afa','faca716f-39fc-11e7-b0f2-00ac9c2c0afa');

/*Table structure for table `spareclassroom` */

DROP TABLE IF EXISTS `spareclassroom`;

CREATE TABLE `spareclassroom` (
  `scId` varchar(45) NOT NULL COMMENT '空教室设置',
  `week` varchar(10) DEFAULT NULL COMMENT '第几周',
  `weekday` varchar(45) DEFAULT NULL COMMENT '星期数',
  `classes` varchar(10) DEFAULT NULL COMMENT '第几节课',
  `classtype` varchar(45) DEFAULT NULL COMMENT '教室类型',
  `num` varchar(45) DEFAULT NULL COMMENT '教室数量',
  PRIMARY KEY (`scId`)
) ENGINE=InnoDB DEFAULT CHARSET=utf8mb4;

/*Data for the table `spareclassroom` */

insert  into `spareclassroom`(`scId`,`week`,`weekday`,`classes`,`classtype`,`num`) values ('0f61b5df-b07d-11e7-a0cf-408d5ce8eb96','2','星期一','1','多媒体','100'),('1ed91099-b07d-11e7-a0cf-408d5ce8eb96','2','星期二','2','语音室','100');

/*Table structure for table `stuchoosecourse` */

DROP TABLE IF EXISTS `stuchoosecourse`;

CREATE TABLE `stuchoosecourse` (
  `scc` varchar(45) NOT NULL,
  `studentId` varchar(45) DEFAULT NULL COMMENT '学生id',
  `majorId` varchar(45) DEFAULT NULL COMMENT '課程对应专业id',
  `courseId` varchar(45) DEFAULT NULL COMMENT '课程id',
  `tc_id` varchar(45) DEFAULT NULL COMMENT 'teachtask',
  `terraceId` varchar(45) DEFAULT NULL COMMENT '平台id',
  `class` varchar(45) DEFAULT NULL COMMENT '所在班级',
  `studentNum` varchar(45) DEFAULT NULL COMMENT '学号',
  `teacherName` varchar(45) DEFAULT NULL COMMENT '班级教师',
  `courseCode` varchar(45) DEFAULT NULL COMMENT '课程代码',
  `chineseName` varchar(45) DEFAULT NULL COMMENT '课程中文名称',
  `term` varchar(45) DEFAULT NULL COMMENT '当前学期',
  `iscomfirm` varchar(10) DEFAULT NULL COMMENT '1确认选择 0调剂 2调剂选课',
  `istiaojicomfirm` varchar(45) DEFAULT NULL COMMENT '1调剂确认 2可以进入调剂平台',
  `isautotiaoji` int(10) DEFAULT NULL COMMENT '1是0否',
  `scc_status` varchar(45) DEFAULT NULL COMMENT '退课申请、退课通过、退课拒绝',
  `Areason` varchar(45) DEFAULT NULL COMMENT '申请理由',
  `Rreason` varchar(45) DEFAULT NULL COMMENT '拒绝理由',
  `pass` varchar(45) DEFAULT NULL COMMENT '已通过 未通过 选修中',
  PRIMARY KEY (`scc`)
) ENGINE=InnoDB DEFAULT CHARSET=utf8mb4;

/*Data for the table `stuchoosecourse` */

insert  into `stuchoosecourse`(`scc`,`studentId`,`majorId`,`courseId`,`tc_id`,`terraceId`,`class`,`studentNum`,`teacherName`,`courseCode`,`chineseName`,`term`,`iscomfirm`,`istiaojicomfirm`,`isautotiaoji`,`scc_status`,`Areason`,`Rreason`,`pass`) values ('23d6ae67-992f-11e7-bfa0-408d5ce8eb96','4bba2967-ec4d-4397-874f-dacb24d979a6','046a8a1e-f83c-46f1-ab48-186b4b58b572','1ffd41aa-9916-11e7-bfa0-408d5ce8eb96','c0b59e3c-376f-47b7-9139-ffe701b4adea','e2845cff-4aa8-11e7-8629-d8cb8ab8c894','1111','000001','热武器','0001','输入法','2018/2019第一学期','0','1',0,NULL,NULL,NULL,'已通过'),('2ecdda98-ba1c-11e7-8c74-00acc501c3ab','ba0fad8a-afd1-4bde-8fe8-edb16bba3956','bae0a6c7-031c-4f36-b904-cb11e1ce4945','a6f0e253-b880-11e7-8c74-00acc501c3ab','2a55c7fc-b42f-4973-9f20-241134be5324','e2845cff-4aa8-11e7-8629-d8cb8ab8c894','2353','110','张老师','222222','龙湖地产','2018/2019第一学期','1','0',1,NULL,NULL,NULL,'已通过'),('3b56bb0f-b898-11e7-8c74-00acc501c3ab','3c01dbf3-b6b6-4f0b-b095-639d1f45fa0a','bae0a6c7-031c-4f36-b904-cb11e1ce4945','a83ebb73-a3e9-11e7-b16f-408d5ce8eb96','3fda205d-2e0d-4b73-9014-a84d430f22af','e2845cff-4aa8-11e7-8629-d8cb8ab8c894','23','1011174','张老师','23141','研发经理','2018/2019第一学期','1','0',NULL,NULL,NULL,NULL,NULL),('53192834-ba1c-11e7-8c74-00acc501c3ab','ba0fad8a-afd1-4bde-8fe8-edb16bba3956','bae0a6c7-031c-4f36-b904-cb11e1ce4945','fa4da86d-a42a-11e7-b16f-408d5ce8eb96','8689fea4-270a-4cf3-988b-ffdf2ff5d9ea','e2845cff-4aa8-11e7-8629-d8cb8ab8c894','呵呵1班','110','张老师','21421·','大学日语','2018/2019第一学期','1','0',1,NULL,NULL,NULL,'选修中'),('60ece88c-847b-11e7-8102-408d5ce8eb96','b69d5e95-3a1d-11e7-b0f2-00ac9c2c0afa','046a8a1e-f83c-46f1-ab48-186b4b58b572','f81b53d7-1a80-4fe5-94d0-20805c902c19','245ab98f-72b7-4847-8ade-dea2247c2ab7','e2845cff-4aa8-11e7-8629-d8cb8ab8c894','数据结构2班','1670122','热武器','1101111','数据结构','2016/2017第二学期','1','1',1,NULL,NULL,NULL,NULL),('6cfded73-ba1b-11e7-8c74-00acc501c3ab','ba0fad8a-afd1-4bde-8fe8-edb16bba3956','bae0a6c7-031c-4f36-b904-cb11e1ce4945','e86e4a54-a3e8-11e7-b16f-408d5ce8eb96','590a2726-a36b-4b3c-9542-f4fcd8c573aa','e2845cff-4aa8-11e7-8629-d8cb8ab8c894','1234','110','张老师','123124','测试经理','2018/2019第一学期','1','0',1,NULL,NULL,NULL,'选修中'),('7e592f57-b882-11e7-8c74-00acc501c3ab','3c01dbf3-b6b6-4f0b-b095-639d1f45fa0a','bae0a6c7-031c-4f36-b904-cb11e1ce4945','a6f0e253-b880-11e7-8c74-00acc501c3ab','2a55c7fc-b42f-4973-9f20-241134be5324','e2845cff-4aa8-11e7-8629-d8cb8ab8c894','2353','1011174','张老师','222222','龙湖地产','2018/2019第一学期','1','0',1,NULL,NULL,NULL,'已通过'),('88f8c50a-b882-11e7-8c74-00acc501c3ab','3c01dbf3-b6b6-4f0b-b095-639d1f45fa0a','046a8a1e-f83c-46f1-ab48-186b4b58b572','6db09320-9d1b-11e7-a67a-408d5ce8eb96','d67fd978-4b6b-416c-bfc7-0ad7897b7520','e2845cff-4aa8-11e7-8629-d8cb8ab8c894','143','1011174','张老师','12321','邮箱礼仪','2018/2019第一学期','1','0',1,NULL,NULL,NULL,'已通过'),('8d7e9cd3-affe-11e7-ba56-408d5ce8eb96','123','046a8a1e-f83c-46f1-ab48-186b4b58b572','4cd49ba0-9e6a-11e7-bfbd-408d5ce8eb96','9cde52cd-87e2-4935-8b01-e2a461fe6f2b','e2845cff-4aa8-11e7-8629-d8cb8ab8c894','阿达','1011189','张老师','134','电脑维修','2018/2019第一学期','0','0',1,NULL,NULL,NULL,'选修中'),('8f9136ed-affe-11e7-ba56-408d5ce8eb96','123','046a8a1e-f83c-46f1-ab48-186b4b58b572','ee2f510f-99d8-11e7-bd45-408d5ce8eb96','c8d64852-dbec-48d7-b54c-a1d5073f891c','e2845cff-4aa8-11e7-8629-d8cb8ab8c894','5858','1011189','张老师','215','商务外语','2018/2019第一学期','0','0',1,NULL,NULL,NULL,'选修中'),('99127359-b882-11e7-8c74-00acc501c3ab','3c01dbf3-b6b6-4f0b-b095-639d1f45fa0a','046a8a1e-f83c-46f1-ab48-186b4b58b572','7ab0b0c2-98f2-11e7-bfa0-408d5ce8eb96','b0c7bb0e-89d6-4bc8-9752-3c942f0fc424','e2845cff-4aa8-11e7-8629-d8cb8ab8c894','东深科技','1011174','张老师','0zsh','测试计划','2018/2019第一学期','1','0',1,NULL,NULL,NULL,'选修中'),('9dff5f89-ba1b-11e7-8c74-00acc501c3ab','ba0fad8a-afd1-4bde-8fe8-edb16bba3956','bae0a6c7-031c-4f36-b904-cb11e1ce4945','f64e6c9a-affc-11e7-ba56-408d5ce8eb96','acc3dd4e-0050-4aa7-baa4-3677f742f1f4','e2845cff-4aa8-11e7-8629-d8cb8ab8c894','56','110','张老师','634','账号','2018/2019第一学期','1','0',1,NULL,NULL,NULL,'选修中'),('dbf03316-9db5-11e7-8ad7-408d5ce8eb96','2f4959bb-e2c4-4a24-bbb1-5ab654e4085b','046a8a1e-f83c-46f1-ab48-186b4b58b572','85895a4a-9913-11e7-bfa0-408d5ce8eb96','d0571931-ce1e-4163-8d0a-44bd5e3fa8ac','e2845cff-4aa8-11e7-8629-d8cb8ab8c894','9999','001001','张老师','0000','水动乐','2018/2019第一学期',NULL,'0',NULL,NULL,NULL,NULL,'选修中'),('e3e437c0-5e11-11e7-bdf5-00ac9c2c0afa','b4b7890a-390b-4d76-b269-ee1529fbc1ef','046a8a1e-f83c-46f1-ab48-186b4b58b572','6a23b5e6-5db8-441b-8569-f7e39272a4f0','1','e2845cff-4aa8-11e7-8629-d8cb8ab8c894','MVC1班','1670122','热武器','000003','SpringMVC','2016/2017第二学期','0','0',1,NULL,NULL,NULL,'选修中'),('e7a743ae-5e11-11e7-bdf5-00ac9c2c0afa','b4b7890a-390b-4d76-b269-ee1529fbc1ef','422a4839-eb1d-4da2-876f-6234f50092db','9cb35f76-60cd-4c81-8420-47cb8718a49f','9','e2845cff-4aa8-11e7-8629-d8cb8ab8c894','英语1班','1670122','WalterWhite','1101113','英语','2016/2017第二学期','0','0',1,NULL,NULL,NULL,'选修中'),('e815292d-5e11-11e7-bdf5-00ac9c2c0afa','b4b7890a-390b-4d76-b269-ee1529fbc1ef','046a8a1e-f83c-46f1-ab48-186b4b58b572','f81b53d7-1a80-4fe5-94d0-20805c902c19','2','e2845cff-4aa8-11e7-8629-d8cb8ab8c894','数据结构2班','1670122','热武器','1101111','数据结构','2016/2017第二学期','0','0',1,NULL,NULL,NULL,'选修中');

/*Table structure for table `student` */

DROP TABLE IF EXISTS `student`;

CREATE TABLE `student` (
  `studentId` varchar(45) NOT NULL,
  `studentNum` varchar(45) DEFAULT NULL COMMENT '学号',
  `studentName` varchar(45) DEFAULT NULL COMMENT '姓名',
  `namePinYin` varchar(45) DEFAULT NULL COMMENT '姓名全拼',
  `usedName` varchar(45) DEFAULT NULL COMMENT '曾用名',
  `studentIcon` varchar(45) DEFAULT NULL COMMENT '照片',
  `studentIDCard` varchar(45) DEFAULT NULL COMMENT '身份证号码',
  `studentGender` varchar(5) DEFAULT NULL COMMENT '性别:男/女',
  `studentBirthday` date DEFAULT NULL COMMENT '出生日期',
  `studentNation` varchar(45) DEFAULT NULL COMMENT '民族',
  `studentPolitics` varchar(45) DEFAULT NULL COMMENT '政治面貌',
  `studentPhone` varchar(15) DEFAULT NULL COMMENT '手机',
  `studentEmail` varchar(45) DEFAULT NULL COMMENT '邮箱',
  `linkMan` varchar(45) DEFAULT NULL COMMENT '其他联系人',
  `linkManPhone` varchar(45) DEFAULT NULL COMMENT '联系人电话',
  `linkManaddress` varchar(45) DEFAULT NULL COMMENT '联系地址',
  `linkManPostcode` varchar(45) DEFAULT NULL COMMENT '联系人邮编',
  `examNumber` varchar(45) DEFAULT NULL COMMENT '考号',
  `province` varchar(45) DEFAULT NULL COMMENT '高考所在省',
  `highSchool` varchar(45) DEFAULT NULL COMMENT '毕业中学',
  `entranceDate` date DEFAULT NULL COMMENT '入学日期',
  `studentGrade` varchar(45) DEFAULT NULL COMMENT '年级',
  `studentCollege` varchar(45) DEFAULT NULL COMMENT '学院',
  `studentMajor` varchar(45) DEFAULT NULL COMMENT '专业',
  `otherMajor` varchar(45) DEFAULT NULL COMMENT '辅修',
  `studentClass` varchar(45) DEFAULT NULL COMMENT '班级',
  `studentLevel` varchar(45) DEFAULT NULL COMMENT '培养层次:专科/本科',
  `studentLength` varchar(11) DEFAULT NULL COMMENT '学制:3/4',
  `studentForm` varchar(45) DEFAULT NULL COMMENT '学习形式:普通全日制',
  `studentSchoolAddress` varchar(45) DEFAULT NULL COMMENT '校区',
  `isDelete` varchar(5) DEFAULT NULL COMMENT '是否删除:是/否',
  `cantiaoji` varchar(45) DEFAULT NULL COMMENT '可以调剂',
  `tiaojiterm` varchar(45) DEFAULT NULL COMMENT '调剂学期',
  PRIMARY KEY (`studentId`),
  UNIQUE KEY `studentnum_unique` (`studentNum`)
) ENGINE=InnoDB DEFAULT CHARSET=utf8 COMMENT='学生表';

/*Data for the table `student` */

insert  into `student`(`studentId`,`studentNum`,`studentName`,`namePinYin`,`usedName`,`studentIcon`,`studentIDCard`,`studentGender`,`studentBirthday`,`studentNation`,`studentPolitics`,`studentPhone`,`studentEmail`,`linkMan`,`linkManPhone`,`linkManaddress`,`linkManPostcode`,`examNumber`,`province`,`highSchool`,`entranceDate`,`studentGrade`,`studentCollege`,`studentMajor`,`otherMajor`,`studentClass`,`studentLevel`,`studentLength`,`studentForm`,`studentSchoolAddress`,`isDelete`,`cantiaoji`,`tiaojiterm`) values ('123','1011189','陆小军','sad','asd','4ab7c5e6-f552-424f-9476-732924d0eea2','371002199403175525','男','2017-05-16','asd','中共党员','17640253028','11@qq.com','asd','024-83769398','sad','sd','sad','sad','asd','2017-05-16','2017','计算机学院','计算机科学技术','java基础','16通信二班','专科','3','普通全日制','宁夏理工北校区','否','1','2018/2019第一学期'),('12345','1011122','井柏然','sad','asd',NULL,'sad','男','2017-05-16','asd','中共党员','15764226405','neunb@neunb.com','asd','024-83769398','sad','sd','sad','sad','asd','2017-05-16','2017','计算机学院','计算机科学技术','软件工程','16测控一班','专科','3','普通全日制','宁夏理工北校区','否',NULL,NULL),('1234567','1011134','郑爽','sad','asd',NULL,'sad','男','2017-05-16','asd','中共党员','15764226405','neunb@neunb.com','asd','024-83769398','sad','sd','sad','sad','asd','2017-05-16','2017','计算机学院','计算机科学技术','软件工程','16测控一班','专科','3','普通全日制','宁夏理工北校区','否',NULL,NULL),('123478','1011145','杨洋','sad','asd',NULL,'sad','男','2017-05-16','asd','中共党员','15764226405','neunb@neunb.com','asd','024-83769398','sad','sd','sad','sad','asd','2017-05-16','2017','计算机学院','计算机科学技术','软件工程','16测控一班','专科','3','普通全日制','宁夏理工北校区','否',NULL,NULL),('29f71fd1-7ba4-453b-be21-bb26f73c11b3','1011137','陆小军','luxiaojun','小军',NULL,'211224199402146612','男','1994-02-14','汉','中共党员','15241102236','neunb@neunb.com','02456542354','024-83769398','辽宁沈阳','110010','789456','辽宁省','116','2016-08-27','2016','计算机学院','应用日语','','16测控一班','本科','4','普通全日制','北校区','否',NULL,NULL),('2f4959bb-e2c4-4a24-bbb1-5ab654e4085b','001001','么么哒','mmm','',NULL,'231121199611102365','男','1996-09-11','汉','共青团员','13846529118','4365725120@qq.com','11','13846529817','沈阳','101001','12345674','辽宁','实验','2017-09-20','2017','计算机学院','计算机科学技术','','16通信二班','本科','4','普通全日制','宁夏理工校区','否',NULL,NULL),('3013ae3b-4b4f-11e7-a96a-00ac9c2c0afa','1670862','王五','zhangxiaosan','无','','413026199301216000','男','2014-09-09','汉','中共党员','13998765421','neunb@neunb.com','张','024-83769398','无','121000','12134566','河南','三中','2014-09-09','2017','计算机学院','计算机科学技术','','15建筑学院一班','本科','4','普通全日制','北校区','否',NULL,NULL),('3c01dbf3-b6b6-4f0b-b095-639d1f45fa0a','1011174','原木','yuanmu','',NULL,'211224199402146612','男','1994-02-14','汉','中共党员','15241107447','neunb@neunb.com','张三','024-83769398','射阳','10023','3156','辽宁','实验','2017-09-01','2017','计算机学院','计算机科学技术','英语','17计算机一班','本科','4','普通全日制','宁夏理工北校区','否',NULL,NULL),('45840833-4cd7-11e7-8357-00ac9c2c0afa','11111','张小三','zhangxiaosan','张三','','413026199301216000','男','1996-09-09','汉','中共党员','13998765421','neunb@neunb.com','张明','024-83769398','无','121000','12134565','河南','三中','2016-09-09','2016','计算机学院','计算机科学技术','','17计算机一班','本科','4','普通全日制','北校区','否',NULL,NULL),('4bba2967-ec4d-4397-874f-dacb24d979a6','1011111','胖宋健','PSJ','','91fad62f-844c-4a62-916f-812db63b7b45','231121199301035687','男','1993-01-03','维吾尔族','共青团员','13846529818','neunb@neunb.com','SJ','024-83769398','沈阳','10086','0245984103225','辽宁','实验','2017-09-01','2017','计算机学院','计算机科学技术','大学语文','法语基础1班','本科','4','普通全日制','宁夏理工北校区','否',NULL,NULL),('4bcb6571-ae14-458b-bddd-75ae80cffa98','1105100','彤彤','tongtong','童童',NULL,'411041199805022365','女','1998-05-02','汉族','共青团员','15841663300','neunb@neunb.com','闺蜜','024-83769398','沈阳市浑南区','111000','110510032001','辽宁省','第一初中','2017-09-01','2017','外语学院','高级英语','法语基础','法语基础1班','本科','4','普通全日制','宁夏理工校区','否',NULL,NULL),('4f4ef905-693b-49e3-92de-e2be492e6ebd','1011123','张三','zhangsan','无',NULL,'256457199205165892','男','1992-05-16','汉','共青团员','15802446789','neunb@neunb.com','李四','024-83769398','辽宁省沈阳市东北大学','5363460','1231564689696','辽宁','黄冈中学','2016-04-22','2015','计算机学院','软件工程',NULL,'16测控一班','本科','4','普通全日制','宁夏理工北校区','否',NULL,NULL),('513a7afa-2354-11e7-a910-00ac9c2c0afa','1670814','张小三','zhangxiaosan','张三',NULL,'413026199301216000','男','2014-09-10','汉','党员','13998765421','neunb@neunb.com','张','024-83769398','无','121001','12134566','河南','三中','2014-09-10','2017','计算机学院','软件工程',NULL,'16测控一班','本科','5','全日制','浑南','否',NULL,NULL),('665ca4d5-233b-11e7-a910-00ac9c2c0afa','1670111','马思纯','zhangxiaosan','张三',NULL,'413026199301216000','男','1998-07-01','汉','? string:? string:? string:党员 ? ? ?','13998765421','neunb@neunb.com','张','024-83769398','无','121000','12134565','河南','三中','2014-09-09','2016','计算机学院','软件工程','计算机科学技术','16通信二班','本科','4','? string:? string:? string:全日制 ? ? ?','? string:? string:? string:浑南 ? ? ?','否',NULL,NULL),('78e43495-0b79-11e7-b367-00ac2794c53f','1561456','马云','mayun','',NULL,'412708199807096580','男','2017-03-14','汉','中共党员','13245625820','neunb@neunb.com','路','024-83769398','动身G','','534654','第三个','胜多负少','2017-03-27','2016','计算机学院','软件工程',NULL,'计算机1608班','专科','4','普通全日制','北校区','否',NULL,NULL),('907efead-f175-4280-a50a-f4d0bd530c12','2013005','周冬雨','haha','呵呵',NULL,'210623200001221234','男','2017-06-13','汉','共青团员','15802446789','neunb@neunb.com','sdf','024-83769398','东北大学','','261846','辽宁省','东北大学','2017-06-27','2017','计算机学院','计算机科学技术','','16自动化一班','专科','4','普通全日制','宁夏理工北校区','否',NULL,NULL),('924e9467-2ac1-43ac-9ca6-8cdf1bf16173','1011121','王大陆','sad','asd',NULL,'sad','男','2017-05-16','asd','中共党员','15764226405','neunb@neunb.com','asd','024-83769398','sad','sd','sad','sad','asd','2017-05-16','2017','计算机学院','计算机科学技术','软件工程','16测控一班','专科','3','普通全日制','宁夏理工北校区','否',NULL,NULL),('b3b179b6-e7f9-471a-a537-51f8e8f1113d','1011120','王晓明','wangxiaoming','王明','','210623199002304561','男','1996-05-09','汉','中共党员','18654214135','neunb@neunb.com','王大明','024-83769398','东北大学','561321321@qq.com','261846','辽宁省','实验中学','2016-09-01','2016','计算机学院','软件工程',NULL,'16通信一班','本科','4','普通全日制','南校区','否',NULL,NULL),('b4b7890a-390b-4d76-b269-ee1529fbc1ef','1670122','test1','test1','test1',NULL,'test1','女','2017-05-22','test1','共青团员','15698841009','neunb@neunb.com','test1','024-83769398','2','2','test1','test1','2','2017-05-23','2017','计算机学院','软件工程','计算机科学技术','16测控一班','专科','3','普通全日制','宁夏理工北校区','否',NULL,NULL),('ba0fad8a-afd1-4bde-8fe8-edb16bba3956','110','阿庆','aqing','',NULL,'211224199402146612','男','2017-10-04','汉','中共党员','15241107447','108584756@qq.com','请','15245687895','辽宁','10023','123','辽宁','实验','2017-10-25','2017','计算机学院','计算机科学技术','','16通信二班','本科','4','普通全日制','宁夏理工学院','否',NULL,NULL),('cd0b17fc-a968-4669-9365-b712310e7e80','2654','张庆宇','zhangqingyu','',NULL,'211224199402146612','男','2011-09-15','汉','共青团员','15245564125','108547@qq.com','张三','15244554785','沈阳','110556','56465','辽宁','实验','2017-09-15','2017','计算机学院','计算机科学技术','java','17计算机一班','本科','4','普通全日制','宁夏理工北校区','否',NULL,NULL),('e6f16e3c-4b4a-11e7-a96a-00ac9c2c0afa','1670860','张小三','zhangxiaosan','张三',NULL,'413026199301216000','男','2014-09-09','汉','党员','13998765421','neunb@neunb.com','张','024-83769398','无','121000','12134565','河南','三中','2014-09-09','2017','计算机学院','软件工程',NULL,'16测控一班','本科','4','全日制','浑南','否',NULL,NULL),('e6f1743d-4b4a-11e7-a96a-00ac9c2c0afa','1670861','李四','zhangxiaosan','无','','413026199301216000','男','2014-09-09','汉','? string:党员 ?','13998765421','neunb@neunb.com','张','024-83769398','无','121000','12134566','河南','三中','2014-09-09','2017','文法学院','英语专业','','15计算机一班','本科','4','? string:全日制 ?','? string:浑南 ?','否',NULL,NULL),('f0a86fd7-3d38-11e7-8a3d-00ac9c2c0afa','1670865','xiaoxiao','zhangxiaosan','张三','','413026199301216000','男','2014-09-09','汉','共青团员','13998765421','neunb@neunb.com','张','15241152214','无','121000','12134565','河南','三中','2014-09-09','2016','计算机学院','计算机科学技术','','16计算机二班','本科','4','普通全日制','宁夏理工北校区','否',NULL,NULL),('fda18747-0bbc-11e7-9a3a-085700e51ea8','3300000','luyu','mayun','','','412708199807096580','女','2017-03-06','汉','中共党员','13245625820','neunb@neunb.com','路','024-83769398','动身G','','534654','第三个','胜多负少','2017-03-28','2016','文法学院','英语专业','','16测控二班','本科','4','普通全日制','宁夏理工校区','否',NULL,NULL);

/*Table structure for table `stumajorrecord` */

DROP TABLE IF EXISTS `stumajorrecord`;

CREATE TABLE `stumajorrecord` (
  `id` varchar(45) NOT NULL COMMENT 'id',
  `studentId` varchar(45) DEFAULT NULL COMMENT '学生id',
  `type` varchar(45) DEFAULT NULL COMMENT '操作类型：选修/辅修',
  `beforeMajor` varchar(45) DEFAULT NULL COMMENT '更换前专业',
  `afterMajor` varchar(45) DEFAULT NULL COMMENT '更换后专业',
  `otherMajor` varchar(45) DEFAULT NULL COMMENT '辅修',
  `time` datetime DEFAULT NULL COMMENT '操作时间',
  PRIMARY KEY (`id`)
) ENGINE=InnoDB DEFAULT CHARSET=utf8mb4;

/*Data for the table `stumajorrecord` */

insert  into `stumajorrecord`(`id`,`studentId`,`type`,`beforeMajor`,`afterMajor`,`otherMajor`,`time`) values ('00d09691-ad6a-11e7-be1f-408d5ce8eb96','123','选修','计算机科学技术','9876',NULL,'2017-10-10 11:20:44'),('036fdb47-8616-11e7-89db-408d5ce8eb96','123','选修','网络通信','平面设计',NULL,'2017-08-21 10:11:16'),('057ed3de-8621-11e7-89db-408d5ce8eb96','123','选修','体育啊啊啊','测量与控制',NULL,'2017-08-21 11:30:04'),('0ec370ce-a3fc-11e7-b16f-408d5ce8eb96','123','辅修',NULL,NULL,'计算机','2017-09-28 11:21:03'),('112c1379-a3fc-11e7-b16f-408d5ce8eb96','123','选修','123','计算机',NULL,'2017-09-28 11:21:07'),('20d0bda8-9787-11e7-8989-408d5ce8eb96','123','辅修',NULL,NULL,'666','2017-09-12 14:53:48'),('22d50dc1-83e0-11e7-b662-408d5ce8eb96','123','选修','软件工程','计算机技术',NULL,'2017-08-18 14:40:33'),('2371ddb1-9823-11e7-a287-408d5ce8eb96','123','选修','打宋健','日语商学院',NULL,'2017-09-13 09:30:34'),('240b3203-83dc-11e7-b662-408d5ce8eb96','123','选修','软件工程','软件工程',NULL,'2017-08-18 14:11:57'),('24ff1423-83e0-11e7-b662-408d5ce8eb96','123','辅修',NULL,NULL,'计算机技术','2017-08-18 14:40:37'),('2a03eeef-a4c5-11e7-91b3-408d5ce8eb96','123','选修','计算机科学技术','123',NULL,'2017-09-29 11:20:37'),('2ab58950-83dc-11e7-b662-408d5ce8eb96','123','选修','软件工程','软件工程',NULL,'2017-08-18 14:12:09'),('2ae2e42c-992a-11e7-bfa0-408d5ce8eb96','123','辅修',NULL,NULL,'打宋健','2017-09-14 16:53:24'),('2d42fcaa-4209-11e7-97a8-00ac9c2c0afa','1858608c-2137-4b47-8525-f437e2d3e89d','选修','体育1','20000',NULL,'2017-05-26 19:48:03'),('2f91e0af-8616-11e7-89db-408d5ce8eb96','123','辅修',NULL,NULL,'平面设计','2017-08-21 10:12:30'),('2fcb0e38-a4c5-11e7-91b3-408d5ce8eb96','123','辅修',NULL,NULL,'计算机科学技术','2017-09-29 11:20:47'),('35b67055-5490-11e7-ade1-00ac9c2c0afa','b4b7890a-390b-4d76-b269-ee1529fbc1ef','选修','体育1','20000',NULL,'2017-06-19 09:40:07'),('35e93ad7-86ea-11e7-98c2-408d5ce8eb96','123','选修','打宋健','大学物理',NULL,'2017-08-22 11:30:14'),('3721caaa-a4c5-11e7-91b3-408d5ce8eb96','123','辅修',NULL,NULL,'235','2017-09-29 11:20:59'),('398b1824-86dc-11e7-98c2-408d5ce8eb96','123','选修','计算机科学技术','打宋健',NULL,'2017-08-22 09:50:07'),('426e4364-a4c5-11e7-91b3-408d5ce8eb96','123','选修','123','计算机科学技术',NULL,'2017-09-29 11:21:18'),('437312a1-8617-11e7-89db-408d5ce8eb96','123','选修','网络通信','计算机科学技术',NULL,'2017-08-21 10:20:13'),('4ff6eaa0-83dc-11e7-b662-408d5ce8eb96','123','选修','软件工程','软件工程',NULL,'2017-08-18 14:13:11'),('54fd141c-8615-11e7-89db-408d5ce8eb96','123','选修','计算机科学技术','计算机技术',NULL,'2017-08-21 10:06:23'),('56386b8b-83dc-11e7-b662-408d5ce8eb96','123','选修','软件工程','软件工程',NULL,'2017-08-18 14:13:22'),('56e0655c-86ea-11e7-98c2-408d5ce8eb96','123','选修','大学物理','计算机科学',NULL,'2017-08-22 11:31:09'),('57a3c3c2-8615-11e7-89db-408d5ce8eb96','123','辅修',NULL,NULL,'计算机技术','2017-08-21 10:06:28'),('5ab505a6-86ff-11e7-98c2-408d5ce8eb96','123','选修','计算机科学','计算机科学技术',NULL,'2017-08-22 14:01:35'),('5b07d7ce-86ee-11e7-98c2-408d5ce8eb96','123','选修','高级英语','计算机科学',NULL,'2017-08-22 11:59:54'),('5c3e1030-87a8-11e7-85a7-408d5ce8eb96','123','选修','计算机','打宋健',NULL,'2017-08-23 10:11:22'),('61864d27-a4af-11e7-91b3-408d5ce8eb96','123','选修','235','计算机科学技术',NULL,'2017-09-29 08:44:42'),('656b634c-879a-11e7-85a7-408d5ce8eb96','123','选修','计算机科学技术','打宋健',NULL,'2017-08-23 08:31:25'),('65d1448a-8609-11e7-89db-408d5ce8eb96','123','选修','计算机科学技术','计算机科学技术',NULL,'2017-08-21 08:40:57'),('667eddf9-8609-11e7-89db-408d5ce8eb96','123','选修','计算机科学技术','计算机科学技术',NULL,'2017-08-21 08:40:59'),('6916d4bf-8615-11e7-89db-408d5ce8eb96','123','选修','计算机技术','图形学',NULL,'2017-08-21 10:06:57'),('6ba2dd07-8615-11e7-89db-408d5ce8eb96','123','辅修',NULL,NULL,'图形学','2017-08-21 10:07:01'),('6e7c489f-863c-11e7-89db-408d5ce8eb96','123','选修','测量与控制','计算机科学技术',NULL,'2017-08-21 14:46:16'),('705ad466-9c37-11e7-9f4f-408d5ce8eb96','3c01dbf3-b6b6-4f0b-b095-639d1f45fa0a','选修','计算机科学技术','日语商学院',NULL,'2017-09-18 14:05:58'),('738271be-4f43-11e7-a1c4-00ac9c2c0afa','123','选修','1101111','计算机技术',NULL,'2017-06-12 15:47:57'),('772b856a-8617-11e7-89db-408d5ce8eb96','123','选修','计算机科学技术','计算机技术',NULL,'2017-08-21 10:21:39'),('792644b0-83f6-11e7-b662-408d5ce8eb96','123','选修','计算机技术','计算机科学技术',NULL,'2017-08-18 17:20:27'),('7a567773-83f6-11e7-b662-408d5ce8eb96','123','选修','计算机科学技术','计算机科学技术',NULL,'2017-08-18 17:20:29'),('7b38ba07-83f6-11e7-b662-408d5ce8eb96','123','选修','计算机科学技术','计算机科学技术',NULL,'2017-08-18 17:20:31'),('7c2c369f-83f6-11e7-b662-408d5ce8eb96','123','选修','计算机科学技术','计算机科学技术',NULL,'2017-08-18 17:20:32'),('7d6a8d99-ad6a-11e7-be1f-408d5ce8eb96','123','辅修',NULL,NULL,'java基础','2017-10-10 11:24:14'),('7e723355-ad6a-11e7-be1f-408d5ce8eb96','123','选修','9876','java基础',NULL,'2017-10-10 11:24:15'),('7ef028b3-8617-11e7-89db-408d5ce8eb96','123','选修','计算机技术','计算机科学技术',NULL,'2017-08-21 10:21:53'),('80084dcd-879f-11e7-85a7-408d5ce8eb96','123','选修','打宋健','计算机',NULL,'2017-08-23 09:07:57'),('8598548a-879f-11e7-85a7-408d5ce8eb96','123','辅修',NULL,NULL,'图形学','2017-08-23 09:08:06'),('860bdd03-8614-11e7-89db-408d5ce8eb96','123','选修','计算机技术','计算机科学技术',NULL,'2017-08-21 10:00:36'),('87342512-8614-11e7-89db-408d5ce8eb96','123','选修','计算机科学技术','计算机科学技术',NULL,'2017-08-21 10:00:38'),('891b0ed0-8614-11e7-89db-408d5ce8eb96','123','选修','计算机科学技术','计算机科学技术',NULL,'2017-08-21 10:00:41'),('89d3ea4c-8614-11e7-89db-408d5ce8eb96','123','选修','计算机科学技术','计算机科学技术',NULL,'2017-08-21 10:00:42'),('8a5b4441-8614-11e7-89db-408d5ce8eb96','123','选修','计算机科学技术','计算机科学技术',NULL,'2017-08-21 10:00:43'),('8ae3550f-8614-11e7-89db-408d5ce8eb96','123','选修','计算机科学技术','计算机科学技术',NULL,'2017-08-21 10:00:44'),('8baa2d05-8614-11e7-89db-408d5ce8eb96','123','选修','计算机科学技术','计算机科学技术',NULL,'2017-08-21 10:00:45'),('8d1f3bab-8614-11e7-89db-408d5ce8eb96','123','辅修',NULL,NULL,'计算机科学技术','2017-08-21 10:00:48'),('8d675ce8-8616-11e7-89db-408d5ce8eb96','123','选修','平面设计','计算机科学技术',NULL,'2017-08-21 10:15:07'),('8de1910b-8614-11e7-89db-408d5ce8eb96','123','辅修',NULL,NULL,'计算机科学技术','2017-08-21 10:00:49'),('8e51b657-8614-11e7-89db-408d5ce8eb96','123','辅修',NULL,NULL,'计算机科学技术','2017-08-21 10:00:50'),('8ff7f4b4-86e7-11e7-98c2-408d5ce8eb96','123','选修','计算机科学技术','打宋健',NULL,'2017-08-22 11:11:16'),('915d6b2f-2656-11e7-8e99-00ac9c2c0afa','c2060d12-2dcd-41e2-9d8c-83c5f0a0c93d','选修','2','0000000',NULL,'2017-04-21 13:51:30'),('91c09f44-861c-11e7-89db-408d5ce8eb96','123','辅修',NULL,NULL,'体育啊啊啊','2017-08-21 10:58:12'),('9636e44a-861c-11e7-89db-408d5ce8eb96','123','选修','计算机科学技术','体育啊啊啊',NULL,'2017-08-21 10:58:19'),('9762273a-864d-11e7-89db-408d5ce8eb96','123','辅修',NULL,NULL,'测量与控制','2017-08-21 16:49:06'),('9abdfd95-860a-11e7-89db-408d5ce8eb96','123','选修','计算机科学技术','计算机科学技术',NULL,'2017-08-21 08:49:36'),('9ae98758-4f43-11e7-a1c4-00ac9c2c0afa','123','选修','计算机技术','1101111',NULL,'2017-06-12 15:49:03'),('9f282296-99c2-11e7-bd45-408d5ce8eb96','123','辅修',NULL,NULL,'计算机','2017-09-15 11:04:43'),('9f4795ab-8613-11e7-89db-408d5ce8eb96','123','选修','软件工程','计算机科学技术',NULL,'2017-08-21 09:54:09'),('9f910a4e-5490-11e7-ade1-00ac9c2c0afa','b4b7890a-390b-4d76-b269-ee1529fbc1ef','选修','20000','20000',NULL,'2017-06-19 09:43:04'),('a0c6f5ab-860f-11e7-89db-408d5ce8eb96','123','选修','计算机科学技术','图形学',NULL,'2017-08-21 09:25:33'),('aaf85e73-83db-11e7-b662-408d5ce8eb96','123','选修','测量与控制','软件工程',NULL,'2017-08-18 14:08:34'),('b1f4c151-8614-11e7-89db-408d5ce8eb96','123','选修','计算机科学技术','计算机科学技术',NULL,'2017-08-21 10:01:50'),('b2dacd0b-86eb-11e7-98c2-408d5ce8eb96','123','选修','图形学','高级英语',NULL,'2017-08-22 11:40:53'),('b4881b0d-8876-11e7-beae-408d5ce8eb96','4bcb6571-ae14-458b-bddd-75ae80cffa98','选修','法语基础','计算机科学技术',NULL,'2017-08-24 10:48:27'),('b495e6f4-86e0-11e7-98c2-408d5ce8eb96','123','选修','打宋健','计算机科学技术',NULL,'2017-08-22 10:22:11'),('b497d285-a400-11e7-b16f-408d5ce8eb96','123','选修','计算机','235',NULL,'2017-09-28 11:54:19'),('b66df8c1-9c3d-11e7-b471-408d5ce8eb96','3c01dbf3-b6b6-4f0b-b095-639d1f45fa0a','选修','日语商学院','计算机科学技术',NULL,'2017-09-18 14:50:52'),('b786be86-8615-11e7-89db-408d5ce8eb96','123','选修','图形学','建筑系',NULL,'2017-08-21 10:09:08'),('b9f2c993-86ea-11e7-98c2-408d5ce8eb96','123','选修','计算机科学','计算机科学技术',NULL,'2017-08-22 11:33:55'),('bba2370f-8615-11e7-89db-408d5ce8eb96','123','辅修',NULL,NULL,'建筑系','2017-08-21 10:09:15'),('bdd232ce-a3fa-11e7-b16f-408d5ce8eb96','123','选修','计算机科学技术','软件工程',NULL,'2017-09-28 11:11:37'),('bfbb3387-8609-11e7-89db-408d5ce8eb96','123','辅修',NULL,NULL,'计算机科学技术','2017-08-21 08:43:28'),('c33032ae-4b48-11e7-a96a-00ac9c2c0afa','b4b7890a-390b-4d76-b269-ee1529fbc1ef','辅修',NULL,NULL,'自动化','2017-06-07 14:15:54'),('c4d7ea7e-8608-11e7-89db-408d5ce8eb96','123','选修','计算机科学技术','计算机科学技术',NULL,'2017-08-21 08:36:27'),('c7301a9c-860f-11e7-89db-408d5ce8eb96','123','选修','图形学','计算机科学技术',NULL,'2017-08-21 09:26:38'),('c758c8c2-8608-11e7-89db-408d5ce8eb96','123','选修','计算机科学技术','计算机科学技术',NULL,'2017-08-21 08:36:32'),('c80497ba-5e24-11e7-bdf5-00ac9c2c0afa','123','选修','计算机科学技术','测量与控制',NULL,'2017-07-01 14:16:16'),('cde06dff-936f-11e7-99b0-408d5ce8eb96','4bcb6571-ae14-458b-bddd-75ae80cffa98','辅修',NULL,NULL,'法语基础','2017-09-07 09:56:46'),('cf273f66-84bf-11e7-8102-408d5ce8eb96','123','选修','计算机科学技术','计算机科学技术',NULL,'2017-08-19 17:21:40'),('d1744241-84bf-11e7-8102-408d5ce8eb96','123','辅修',NULL,NULL,'计算机科学技术','2017-08-19 17:21:44'),('d3c586c6-8610-11e7-89db-408d5ce8eb96','123','选修','计算机科学技术','软件工程',NULL,'2017-08-21 09:34:08'),('d522eadb-8610-11e7-89db-408d5ce8eb96','123','辅修',NULL,NULL,'软件工程','2017-08-21 09:34:11'),('d87282e8-8616-11e7-89db-408d5ce8eb96','123','选修','计算机科学技术','网络通信',NULL,'2017-08-21 10:17:13'),('dad9bfea-5490-11e7-ade1-00ac9c2c0afa','b4b7890a-390b-4d76-b269-ee1529fbc1ef','选修','20000','20000',NULL,'2017-06-19 09:44:44'),('dd461c9c-2591-11e7-954a-00ac9c2c0afa','c2060d12-2dcd-41e2-9d8c-83c5f0a0c93d','辅修',NULL,NULL,'2','2017-04-20 14:23:27'),('df649b29-84bf-11e7-8102-408d5ce8eb96','123','选修','计算机科学技术','计算机科学技术',NULL,'2017-08-19 17:22:07'),('e1bb7014-84bf-11e7-8102-408d5ce8eb96','123','辅修',NULL,NULL,'计算机科学技术','2017-08-19 17:22:11'),('e26d6d67-a3fb-11e7-b16f-408d5ce8eb96','123','辅修',NULL,NULL,'123','2017-09-28 11:19:48'),('e35f9138-a3fb-11e7-b16f-408d5ce8eb96','123','选修','软件工程','123',NULL,'2017-09-28 11:19:50'),('e379e78a-41f9-11e7-97a8-00ac9c2c0afa','1858608c-2137-4b47-8525-f437e2d3e89d','选修','体育1','体育1',NULL,'2017-05-26 17:58:37'),('e58d758a-8613-11e7-89db-408d5ce8eb96','123','辅修',NULL,NULL,'计算机科学技术','2017-08-21 09:56:07'),('e9f54017-41ae-11e7-97a8-00ac9c2c0afa','b4b7890a-390b-4d76-b269-ee1529fbc1ef','选修','体育1','体育1',NULL,'2017-05-26 09:01:56'),('e9f64583-8615-11e7-89db-408d5ce8eb96','123','选修','建筑系','网络通信',NULL,'2017-08-21 10:10:33'),('eb082cfb-83dd-11e7-b662-408d5ce8eb96','123','辅修',NULL,NULL,'大学物理','2017-08-18 14:24:41'),('ecd9f63c-2591-11e7-954a-00ac9c2c0afa','c2060d12-2dcd-41e2-9d8c-83c5f0a0c93d','选修','test1','2',NULL,'2017-04-20 14:23:53'),('ed1b5fdc-860a-11e7-89db-408d5ce8eb96','123','选修','计算机科学技术','计算机科学技术',NULL,'2017-08-21 08:51:54'),('ed58bfd3-affd-11e7-ba56-408d5ce8eb96','123','选修','java基础','计算机科学技术',NULL,'2017-10-13 18:04:40'),('f0707bef-86ea-11e7-98c2-408d5ce8eb96','123','选修','计算机科学技术','图形学',NULL,'2017-08-22 11:35:27'),('f62b5bf4-984f-11e7-a287-408d5ce8eb96','123','选修','日语商学院','计算机技术',NULL,'2017-09-13 14:51:25'),('fc63cb06-8613-11e7-89db-408d5ce8eb96','123','选修','计算机科学技术','计算机技术',NULL,'2017-08-21 09:56:45'),('fce6bc30-9822-11e7-a287-408d5ce8eb96','123','辅修',NULL,NULL,'日语商学院','2017-09-13 09:29:29'),('ff07ff96-8613-11e7-89db-408d5ce8eb96','123','辅修',NULL,NULL,'计算机技术','2017-08-21 09:56:49');

/*Table structure for table `tcmajor` */

DROP TABLE IF EXISTS `tcmajor`;

CREATE TABLE `tcmajor` (
  `tcm_id` varchar(45) NOT NULL COMMENT '开课专业表',
  `tcm_tc_id` varchar(45) DEFAULT NULL COMMENT '开课班级id',
  `tcm_majorid` varchar(45) DEFAULT NULL COMMENT '所属专业',
  `tcm_grade` varchar(45) DEFAULT NULL COMMENT '对应年级',
  PRIMARY KEY (`tcm_id`)
) ENGINE=InnoDB DEFAULT CHARSET=utf8mb4;

/*Data for the table `tcmajor` */

insert  into `tcmajor`(`tcm_id`,`tcm_tc_id`,`tcm_majorid`,`tcm_grade`) values ('01f1fef4-a28d-11e7-9ac9-408d5ce8eb96','3f524a37-df67-49ed-972a-c1da89454dc8','046a8a1e-f83c-46f1-ab48-186b4b58b572',NULL),('0476cbc4-5e3e-11e7-bdf5-00ac9c2c0afa','245ab98f-72b7-4847-8ade-dea2247c2ab7','046a8a1e-f83c-46f1-ab48-186b4b58b572','2018'),('07e6cd65-9eae-11e7-b557-408d5ce8eb96','2','046a8a1e-f83c-46f1-ab48-186b4b58b572','2018'),('07e9e4e6-9eae-11e7-b557-408d5ce8eb96','2','046a8a1e-f83c-46f1-ab48-186b4b58b572','2017'),('07ea345f-9eae-11e7-b557-408d5ce8eb96','2','046a8a1e-f83c-46f1-ab48-186b4b58b572','2017'),('07ea889b-9eae-11e7-b557-408d5ce8eb96','2','046a8a1e-f83c-46f1-ab48-186b4b58b572','2017'),('0d767fbc-9e96-11e7-b557-408d5ce8eb96','a6b8b40f-ccab-4e57-bb75-1bec44985a4b','046a8a1e-f83c-46f1-ab48-186b4b58b572','2017'),('0f42b13e-a002-11e7-ab7f-408d5ce8eb96','a87aadd1-980b-413b-83c3-97059385e399','046a8a1e-f83c-46f1-ab48-186b4b58b572','2017'),('10','4','046a8a1e-f83c-46f1-ab48-186b4b58b572','2016'),('11','5','422a4839-eb1d-4da2-876f-6234f50092db','2017'),('12','5','046a8a1e-f83c-46f1-ab48-186b4b58b572','2017'),('13','6','046a8a1e-f83c-46f1-ab48-186b4b58b572','2016'),('1380cbea-a260-11e7-9ac9-408d5ce8eb96','b0c7bb0e-89d6-4bc8-9752-3c942f0fc424','046a8a1e-f83c-46f1-ab48-186b4b58b572','2017'),('14','6','046a8a1e-f83c-46f1-ab48-186b4b58b572','2017'),('15','7','046a8a1e-f83c-46f1-ab48-186b4b58b572','2017'),('16','8','046a8a1e-f83c-46f1-ab48-186b4b58b572','2017'),('17','9','422a4839-eb1d-4da2-876f-6234f50092db','2017'),('18','13','046a8a1e-f83c-46f1-ab48-186b4b58b572','2017'),('1d9abfe9-a425-11e7-b16f-408d5ce8eb96','3fda205d-2e0d-4b73-9014-a84d430f22af','bae0a6c7-031c-4f36-b904-cb11e1ce4945','2017'),('1df153f4-5d6c-11e7-9094-d8cb8ab8c894','99','98af6c99-5670-474e-b212-86fcc42ab814','2016'),('1e16531e-a002-11e7-ab7f-408d5ce8eb96','a99be69d-c5d9-4f6c-8d8d-b988fc5b5ad7','046a8a1e-f83c-46f1-ab48-186b4b58b572','2017'),('26c66862-9c0b-11e7-95ae-408d5ce8eb96','c9caca5c-641a-4619-80ff-6f9b4e7f71e0','046a8a1e-f83c-46f1-ab48-186b4b58b572','2017'),('2fa54832-a32e-11e7-993c-408d5ce8eb96','b1df3d46-a514-483a-b5df-25143027c9d3','046a8a1e-f83c-46f1-ab48-186b4b58b572','2017'),('35192c13-9d1c-11e7-a67a-408d5ce8eb96','d67fd978-4b6b-416c-bfc7-0ad7897b7520','046a8a1e-f83c-46f1-ab48-186b4b58b572','2017'),('35c77b6b-84a3-11e7-8102-408d5ce8eb96','b363e05c-a7be-4666-9238-8e52f91ec1f9','046a8a1e-f83c-46f1-ab48-186b4b58b572','2017'),('38056b7a-a31e-11e7-993c-408d5ce8eb96','2f322995-15bb-48d3-bc26-ce6706e89784','046a8a1e-f83c-46f1-ab48-186b4b58b572','2017'),('3ce6983d-9915-11e7-bfa0-408d5ce8eb96','d0571931-ce1e-4163-8d0a-44bd5e3fa8ac','046a8a1e-f83c-46f1-ab48-186b4b58b572','2017'),('486bb0b0-a31c-11e7-993c-408d5ce8eb96','119d883d-3a58-4f4a-87f9-516b8eb381d1','046a8a1e-f83c-46f1-ab48-186b4b58b572',NULL),('4bb240b3-98f3-11e7-bfa0-408d5ce8eb96','c11cf2cd-16f6-413d-bc7c-1bee2edd7d11','046a8a1e-f83c-46f1-ab48-186b4b58b572','2017'),('4de06a1f-affd-11e7-ba56-408d5ce8eb96','acc3dd4e-0050-4aa7-baa4-3677f742f1f4','bae0a6c7-031c-4f36-b904-cb11e1ce4945','2017'),('5a20073b-978f-11e7-8989-408d5ce8eb96','0c6c5689-ae09-43d0-8d89-e6ccb0d0c45d','046a8a1e-f83c-46f1-ab48-186b4b58b572','2017'),('5af55b5e-a28c-11e7-9ac9-408d5ce8eb96','9a31eddc-f61c-4bac-bd25-885f2ff36cea','046a8a1e-f83c-46f1-ab48-186b4b58b572',NULL),('5c5c17dd-ae65-11e7-a596-408d5ce8eb96','53364f6c-6693-4adc-a37a-9940f99141bf','bae0a6c7-031c-4f36-b904-cb11e1ce4945','2017'),('5e88ab4a-aff6-11e7-ba56-408d5ce8eb96','05f7a84b-1111-4d8d-91e1-33ce3864f080','bae0a6c7-031c-4f36-b904-cb11e1ce4945','2017'),('5ead021e-98f1-11e7-bfa0-408d5ce8eb96','99527d8e-1302-4f54-a97a-cefe4f89d273','046a8a1e-f83c-46f1-ab48-186b4b58b572','2017'),('61ba813c-99e5-11e7-bd45-408d5ce8eb96','c8d64852-dbec-48d7-b54c-a1d5073f891c','046a8a1e-f83c-46f1-ab48-186b4b58b572','2017'),('62619895-a009-11e7-ab7f-408d5ce8eb96','7f73be44-01e3-4efe-9991-bb46ce0bc2b1','046a8a1e-f83c-46f1-ab48-186b4b58b572','2017'),('69960b13-a31a-11e7-993c-408d5ce8eb96','179e1a96-3eed-4c4f-a3d3-00efb046142b','046a8a1e-f83c-46f1-ab48-186b4b58b572','2017'),('69c4b161-a28b-11e7-9ac9-408d5ce8eb96','da0a9657-d91d-4b8f-b9d4-af2847e0a973','046a8a1e-f83c-46f1-ab48-186b4b58b572',NULL),('70f2eff9-9f63-11e7-9cf4-408d5ce8eb96','74aa5e9d-4f86-4db3-8c86-2783d717cc8e','046a8a1e-f83c-46f1-ab48-186b4b58b572','2017'),('71fd55a9-a32e-11e7-993c-408d5ce8eb96','0ce598ec-6d5f-4b39-b429-6853cdb54c1b','046a8a1e-f83c-46f1-ab48-186b4b58b572',''),('78e914ec-acbb-11e7-9cd4-408d5ce8eb96','8689fea4-270a-4cf3-988b-ffdf2ff5d9ea','bae0a6c7-031c-4f36-b904-cb11e1ce4945','2017'),('7d3d67da-bb85-11e7-a338-00acc501c3ab','572e898f-03ae-4dfb-8b9d-5eba4e4ee671','bae0a6c7-031c-4f36-b904-cb11e1ce4945','2017'),('7f1922fe-a31b-11e7-993c-408d5ce8eb96','15653ce3-fc88-4211-8853-db59c7290af0','046a8a1e-f83c-46f1-ab48-186b4b58b572',NULL),('7feeafb3-b881-11e7-8c74-00acc501c3ab','2a55c7fc-b42f-4973-9f20-241134be5324','bae0a6c7-031c-4f36-b904-cb11e1ce4945','2017'),('9','3','046a8a1e-f83c-46f1-ab48-186b4b58b572','2016'),('9b746dce-ac8e-11e7-8b5c-408d5ce8eb96','590a2726-a36b-4b3c-9542-f4fcd8c573aa','bae0a6c7-031c-4f36-b904-cb11e1ce4945','2017'),('aaa09187-a255-11e7-9ac9-408d5ce8eb96','32056e6e-3360-4fbe-bdcb-4ba00fef1826','046a8a1e-f83c-46f1-ab48-186b4b58b572','2017'),('bfb39ceb-9916-11e7-bfa0-408d5ce8eb96','c0b59e3c-376f-47b7-9139-ffe701b4adea','046a8a1e-f83c-46f1-ab48-186b4b58b572','2017'),('c3808a0f-a002-11e7-ab7f-408d5ce8eb96','90050248-c6fb-4f89-99da-28ffd8237864','046a8a1e-f83c-46f1-ab48-186b4b58b572','2017'),('c3d9abee-9f60-11e7-9cf4-408d5ce8eb96','9cde52cd-87e2-4935-8b01-e2a461fe6f2b','046a8a1e-f83c-46f1-ab48-186b4b58b572','2017'),('c5683094-a425-11e7-b16f-408d5ce8eb96','be8dd5d8-d5f7-43c6-8d74-43fd51dc2e07','bae0a6c7-031c-4f36-b904-cb11e1ce4945','2017'),('c6bb3860-a25f-11e7-9ac9-408d5ce8eb96','f92ff9cb-5f6d-434d-90d3-ba9a58868380','046a8a1e-f83c-46f1-ab48-186b4b58b572','2017'),('caf04383-606b-11e7-9f37-00acb5915098','f7deb980-bfec-4c1d-b8ec-c20df872947e','046a8a1e-f83c-46f1-ab48-186b4b58b572','2017'),('d6b38b84-a001-11e7-ab7f-408d5ce8eb96','c8949ce5-a2b9-4a7b-ad89-c40a7cc10fd9','046a8a1e-f83c-46f1-ab48-186b4b58b572','2017'),('deb003ad-606b-11e7-9f37-00acb5915098','7c678aef-2473-42fb-bb5c-c57840fd89e2','046a8a1e-f83c-46f1-ab48-186b4b58b572','2017'),('deb9025b-606b-11e7-9f37-00acb5915098','7c678aef-2473-42fb-bb5c-c57840fd89e2','422a4839-eb1d-4da2-876f-6234f50092db','2016'),('e26aeb5e-a31c-11e7-993c-408d5ce8eb96','d51bfc41-6cbc-484f-b250-f0f89c24290d','046a8a1e-f83c-46f1-ab48-186b4b58b572','2017'),('e4ccda90-b922-11e7-8c74-00acc501c3ab','71712663-1d2a-4b07-9a74-2f6a59f84768','bae0a6c7-031c-4f36-b904-cb11e1ce4945','2017'),('e57848da-a32f-11e7-993c-408d5ce8eb96','17fb5036-116f-4bd2-84c9-7a17b8b61e6a','046a8a1e-f83c-46f1-ab48-186b4b58b572','2017'),('f52f7b3c-a001-11e7-ab7f-408d5ce8eb96','8e4040e1-8e6f-4eba-93ed-c12284095777','046a8a1e-f83c-46f1-ab48-186b4b58b572','2017'),('f708e71a-9f62-11e7-9cf4-408d5ce8eb96','5bca9b86-7909-493a-b781-ff8be2845ee8','046a8a1e-f83c-46f1-ab48-186b4b58b572','2017');

/*Table structure for table `teacher` */

DROP TABLE IF EXISTS `teacher`;

CREATE TABLE `teacher` (
  `teacherId` varchar(45) NOT NULL,
  `teacherNumber` varchar(45) DEFAULT NULL COMMENT '工号',
  `teacherName` varchar(45) DEFAULT NULL COMMENT '教师姓名',
  `teacherIcon` varchar(45) DEFAULT NULL COMMENT '照片',
  `teacherGender` varchar(5) DEFAULT NULL COMMENT '性别:下拉框:男/女',
  `nation` varchar(45) DEFAULT NULL COMMENT '民族',
  `politics` varchar(45) DEFAULT NULL COMMENT '政治面貌,下拉框:群众,共青团员,中共党员,其他',
  `politicsDate` date DEFAULT NULL COMMENT '加入时间',
  `IDCard` varchar(45) DEFAULT NULL COMMENT '身份证',
  `birthday` date DEFAULT NULL COMMENT '出生日期',
  `schoolDate` date DEFAULT NULL COMMENT '来校日期',
  `department` varchar(45) DEFAULT NULL COMMENT '所属部门',
  `administrative` varchar(45) DEFAULT NULL COMMENT '行政职务',
  `teachUnit` varchar(45) DEFAULT NULL COMMENT '任教单位',
  `duty` varchar(45) DEFAULT NULL COMMENT '专业技术职务',
  `dutyDate` date DEFAULT NULL COMMENT '专业技术职务任职资格时间',
  `dutyLevel` varchar(45) DEFAULT NULL COMMENT '专业技术职务等级,下拉框:高级/中级/低级',
  `education` varchar(45) DEFAULT NULL COMMENT '学历',
  `educationDate` varchar(45) DEFAULT NULL COMMENT '学历学习时间:yyyy/MM-yyyy/MM',
  `educationMajor` varchar(45) DEFAULT NULL COMMENT '学历专业',
  `educationSchool` varchar(45) DEFAULT NULL COMMENT '学历获取机构',
  `educationStructure` varchar(45) DEFAULT NULL COMMENT '学缘结构',
  `degree` varchar(45) DEFAULT NULL COMMENT '学位',
  `degreeDate` date DEFAULT NULL COMMENT '学位学习时间：yyyy/MM-yyyy/MM',
  `degreeMajor` varchar(45) DEFAULT NULL COMMENT '学位所学专业',
  `degreeSchool` varchar(45) DEFAULT NULL COMMENT '学位获取机构',
  `certificate` varchar(45) DEFAULT NULL COMMENT '高等教育资格证 ',
  `certificateDate` date DEFAULT NULL COMMENT '高等教育资格证获得时间',
  `teachDate` date DEFAULT NULL COMMENT '从教时间',
  `teachCollege` varchar(45) DEFAULT NULL COMMENT '任教学院',
  `teachMajor` varchar(45) DEFAULT NULL COMMENT '任教专业',
  `teachSection` varchar(45) DEFAULT NULL COMMENT '任教学段',
  `teachStatus` varchar(45) DEFAULT NULL COMMENT '任课状况',
  `teachArea` varchar(45) DEFAULT NULL COMMENT '从事领域',
  `isCompile` varchar(45) DEFAULT NULL COMMENT '是否事业编制',
  `contract` varchar(45) DEFAULT NULL COMMENT '签订合同情况',
  `fiveOne` varchar(45) DEFAULT NULL COMMENT '五险一金',
  `doubleTeacher` varchar(45) DEFAULT NULL COMMENT '是否双师',
  `certificateLevel` varchar(45) DEFAULT NULL COMMENT '职业资格证书等级',
  `bBackground` varchar(45) DEFAULT NULL COMMENT '是否有行业背景',
  `pBackground` varchar(45) DEFAULT NULL COMMENT '是否有工程背景',
  `employ` varchar(45) DEFAULT NULL COMMENT '是否外聘',
  `employUnit` varchar(45) DEFAULT NULL COMMENT '外聘工作单位',
  `employDate` date DEFAULT NULL COMMENT '外聘日期',
  `employSource` varchar(45) DEFAULT NULL COMMENT '外聘来源',
  `native` varchar(45) DEFAULT NULL COMMENT '户籍所在地',
  `address` varchar(45) DEFAULT NULL COMMENT '家庭地址',
  `phone` varchar(45) DEFAULT NULL COMMENT '联系电话',
  `email` varchar(45) DEFAULT NULL COMMENT '邮箱',
  `onGuard` varchar(45) DEFAULT NULL COMMENT '是否在岗',
  `status` varchar(45) DEFAULT NULL COMMENT '状态:在职/离职',
  `isDelete` varchar(45) DEFAULT NULL COMMENT '是否删除',
  `spareTime` varchar(45) DEFAULT NULL COMMENT '每天空余时间/课时',
  `mostClasses` varchar(45) DEFAULT NULL COMMENT '每天最多课程/节',
  `scheduleTime` varchar(300) DEFAULT NULL COMMENT '排课节次时间',
  `nonscheduleTime` varchar(300) DEFAULT NULL COMMENT '不排课节次时间',
  PRIMARY KEY (`teacherId`)
) ENGINE=InnoDB DEFAULT CHARSET=utf8 COMMENT='教师表';

/*Data for the table `teacher` */

insert  into `teacher`(`teacherId`,`teacherNumber`,`teacherName`,`teacherIcon`,`teacherGender`,`nation`,`politics`,`politicsDate`,`IDCard`,`birthday`,`schoolDate`,`department`,`administrative`,`teachUnit`,`duty`,`dutyDate`,`dutyLevel`,`education`,`educationDate`,`educationMajor`,`educationSchool`,`educationStructure`,`degree`,`degreeDate`,`degreeMajor`,`degreeSchool`,`certificate`,`certificateDate`,`teachDate`,`teachCollege`,`teachMajor`,`teachSection`,`teachStatus`,`teachArea`,`isCompile`,`contract`,`fiveOne`,`doubleTeacher`,`certificateLevel`,`bBackground`,`pBackground`,`employ`,`employUnit`,`employDate`,`employSource`,`native`,`address`,`phone`,`email`,`onGuard`,`status`,`isDelete`,`spareTime`,`mostClasses`,`scheduleTime`,`nonscheduleTime`) values ('1234','1234','张老师','33ec33d3-3b19-43b1-a836-8c8328caed0a','男','汉','中共党员','2017-04-12','','2017-04-12','2017-04-12','','','计算机学院','test2','2017-04-12','','','test2','','','','test2','2017-04-12','','','test2','2017-04-12','2017-04-12','计算机学院','计算机科学技术','test2','','','是','test2','','','高级','','','是','',NULL,'','','','18640306828','710140038@qq.com','是','在职','否','2','3','周一1|周一4|周一5|周二1|周二3|周二4|周三1|周三2','周六1|周六2|周六3|周六4|周六5|周日1|周日2|周日3|周日4|周日5'),('1ae1dd7d-a458-40bd-b61f-4c1968bbbca6','1212102','yuan_2','','','','','2017-05-27','','2017-05-27','2017-05-27','','','计算机学院','','2017-05-27','','','2017-05-27','','','','','2017-05-27','','','','2017-05-27','2017-05-27','计算机学院','计算机科学技术','','','','','','','','','','','否','',NULL,'','','','','','是','在职','否','2','4','周一1|周二1|周二2','周一3|周一4|周一5|周二5'),('5cf22248-6d22-4375-8cfe-26a6506071b5','20121209021076','互联网',NULL,'男','汉','中共党员','2017-05-29','130789199406302589','2004-06-01','2017-06-12','科技部','校长','计算机学院','管理','2017-06-12','高级','博士后','2009-09-09','计算机技术','东北大学','不知道','博士后','2009-09-09','管理学','河北金融学院','会计事务所','2017-06-12','2017-06-12','计算机学院','计算机科学技术','九段','在职','航天','是','1个亿','全包','是','高级','是','是','是','无','2017-06-12','清华同方','保定','保定','13080873157','yao211x@qq.com','是','在职','否','','','周一2|周一3|周二1|周二3',''),('778edf0c-a239-4624-abd6-532aea8c4a65','1212101','yuan_1',NULL,'女','汉','中共党员','2017-05-27','','2017-05-27','2017-05-27','','','计算机学院','','2017-05-27','','','2017-05-27','','','','','2017-05-27','','','','2017-05-27','2017-05-27','计算机学院','计算机科学技术','','','','','','','','','','','否','',NULL,'','','','','','是','在职','否','2','3','周一1|周二1|周二2','周一3|周一4|周一5|周二5'),('93a82b24-0b35-43f6-84b1-22a803a84784','12314237890','张三','','男','汉','中共党员','2017-07-01','412584199605163284','2017-07-01','2017-07-01','1','1','1','1','2017-07-01','高级','1','2017-07-01','1','1','1','1','2017-07-01','1','1','1','2017-07-01','2017-07-01','计算机学院','网络通信','1','1','1','是','1','1','是','高级','是','是','是','1','2017-07-01','1','1','1','15692582478','yao211x@qq.com','是','在职','否',NULL,NULL,NULL,NULL),('c31347a8-96f3-43df-9c69-2372b7978dce','156456','路玉',NULL,'男','汉','共青团员','2017-06-02','412752199204051684','2017-06-02','2017-06-02','数理部','教授','计算机学院','无','2017-06-02','高级','硕士研究生','2017-06-02','计算机技术','东北大学','12','工学','2017-06-02','工程硕士','东北大学','无','2017-06-02','2017-06-02','计算机学院','软件工程','123','223','234234','是','三年','有','是','高级','是','是','否','','2017-06-02','','河南省','123号','15695562547','1258463@qq.com','是','在职','否','4','6','周一1|周一2|周一3|周一4|周一5|周一6|周一7|周一8|周二1|周二2|周二3|周二4|周二5|周二6|周二7|周二8','周三1|周三2|周三3|周三4|周三5|周三6|周三7|周三8|周三9|周三10|周六1|周六2|周六3|周六4|周六5|周六6|周六7|周六8|周六9|周六10|周日1|周日2|周日3|周日4|周日5|周日6|周日7|周日8|周日9|周日10'),('c4f50eb5-9a66-4e51-9d88-f44275e90b0c','1670801-t','lisy_teacher','22ec4f1e-775f-4b5f-aba8-3cc5bddfa764','男','汉','中共党员','2017-05-15','1','2017-05-15','2017-05-15','实习','实习','计算机学院','教授','2017-05-15','高级','实习','20090909','实习','实习','实习','实习','2009-09-09','实习','实习','实习','2017-05-15','2017-05-15','计算机学院','软件工程','实习','实习','实习','是','实习','实习','是','高级','是','是','是','实习','2017-05-15','实习','实习','实习','13731650211','yao211x@qq.com','是','在职','否','4','6','周一1|周一2|周一3|周一4|周一5|周一6|周一7|周一8|周二1|周二2|周二3|周二4|周二5|周二6|周二7|周二8','周六1|周六2|周六3|周六4|周六5|周六6|周六7|周六8|周六9|周六10|周日1|周日2|周日3|周日4|周日5|周日6|周日7|周日8|周日9|周日10'),('d90d112e-32c0-43f2-9633-3b7ab5f14a53','220520032','菲菲',NULL,'女','汉族','中共党员','2017-08-21','411041199802035698','2017-08-01','2017-08-02','职教部','教师','宁夏理工','高级法语','2017-08-04','高级','博士','2017-08-21','博士','xx大学','111','学士','2017-08-21','外语','无','无','2017-08-21','2017-08-21','外语学院','高级英语','2017-2019','良好','教育','是','是','无','是','高级','是','是','否','无','2017-08-21','','无','无','15841676655','1111@163.com','是','在职','否','','','周一3|周二3',''),('e8962d1a-11b7-4785-b3c4-043b0b14770c','0001','樱木',NULL,'男','汉','中共党员','2017-08-30','211224199402146612','1975-10-02','2017-08-31','教务部','教师','宁夏理工','教师','2017-08-30','高级','本科','2017-08-30','大学语文','大连理工大学','大连理工大学','大学英语','2017-09-02','大学英语','大连理工大学','无','2017-09-01','2016-09-29','计算机学院','计算机科学技术','2','好','教育','是','3年','有','是','高级','是','是','是','大连理工','2017-08-10','招聘网','辽宁','沈阳','15245563545','108514747@qq.com','是','在职','否','3','3','周一1','周一2');

/*Table structure for table `teachingmaterials` */

DROP TABLE IF EXISTS `teachingmaterials`;

CREATE TABLE `teachingmaterials` (
  `tmId` varchar(45) NOT NULL,
  `name` varchar(45) DEFAULT NULL COMMENT '教材名称',
  `press` varchar(45) DEFAULT NULL COMMENT '出版社',
  `edition` varchar(45) DEFAULT NULL COMMENT '版次',
  `booknumber` varchar(45) DEFAULT NULL COMMENT '书号',
  `price` varchar(45) DEFAULT NULL COMMENT '价格',
  `isdelete` varchar(45) DEFAULT NULL COMMENT '1是/0否删除',
  PRIMARY KEY (`tmId`)
) ENGINE=InnoDB DEFAULT CHARSET=utf8mb4;

/*Data for the table `teachingmaterials` */

insert  into `teachingmaterials`(`tmId`,`name`,`press`,`edition`,`booknumber`,`price`,`isdelete`) values ('00f6169f-4b75-11e7-8629-d8cb8ab8c894','fd通验教程','广州中山大学出版社有限公司','1-1','ISBN 978-7-5064-2595-7','25','1'),('00f61aec-4b75-11e7-8629-d8cb8ab8c894','大学语文','北京师范大学出版社','1-1','ISBN 978-7-5064-2595-7','38.26','1'),('086f823c-86e4-11e7-98c2-408d5ce8eb96','基础法语教材第一册','宁夏理工','3-4','978-7-5064-2595-7','199.9','0'),('0886ab11-84c3-11e7-8102-408d5ce8eb96','法语基础教程','宁夏理工学院','3','978-7-5064-2525-7','99.9','0'),('0a42ce52-6512-11e7-af32-00acb5915098','大学语文','北京师范大学出版社','1-1','978-7-5064-2595-8','38.26','0'),('10defbeb-a357-11e7-ae44-408d5ce8eb96','12','123','1234','123456','1','1'),('1436ff38-4a5c-11e7-b97b-00ac9c2c0afa','通信原理实验教程','广州中山大学出版社有限公司','1-1','ISBN 978-7-5064-2595-7','35.00','0'),('1f4553ac-a357-11e7-ae44-408d5ce8eb96',' 12','123','1234','123456','1','1'),('211e2a9b-a354-11e7-993c-408d5ce8eb96',' 大数据时代数据仓库技术研究','武汉大学出版社 ','1-1','978-7-307-18873-0','13','0'),('2af6bf2d-4aa8-11e7-8629-d8cb8ab8c894','java','东北大学出版社','第四版','ISBN 978-7-5064-2595-7','50','1'),('2b874dfb-9e78-11e7-bfbd-408d5ce8eb96','电脑维修手册','人民大学','32.0','02556','32','0'),('31e13518-8639-11e7-89db-408d5ce8eb96','高级英语','北京师范大学出版社','v2.0','978-7-5064-2595-7','199.99','0'),('32f6627b-6511-11e7-af32-00acb5915098','大学语文','北京师范大学出版社','1-1		','ISBN 978-7-5064-2595-7','38.26','1'),('338df1aa-a355-11e7-993c-408d5ce8eb96','大数据时代数据仓是库技术研究','武汉大学出版社','1-1','978-7-307-18873-0',NULL,'0'),('33c7b720-a367-11e7-ae44-408d5ce8eb96','1.1','1','1','1','1','1'),('34eab110-86e4-11e7-98c2-408d5ce8eb96','基础法语通用教材','宁夏理工学院','v10.1.2','ISBN 978-7-5064-2595-7','12','0'),('3c1aab7b-2674-11e7-8e99-00ac9c2c0afa','管理会计(附练习册)高等院校应用型本科会计创新人才培养规划教材','上海财经大学出版社','1-1','978-7-5064-2595-7','46.55','0'),('426615da-4aa8-11e7-8629-d8cb8ab8c894','c语言','东北大学出版','第五版','ISBN 978-7-5064-2595-7','50','1'),('52fb5d25-9e7c-11e7-bfbd-408d5ce8eb96','数学实验','人民大学','1-3','978-7-306-05829-6','36.00','0'),('542f7f67-a367-11e7-ae44-408d5ce8eb96','1','1','               2-0','1','10','0'),('56388c0e-a327-11e7-993c-408d5ce8eb96',' 电脑维修手册','人民大学','32.0','02556','32','1'),('58c78d0f-84b0-11e7-8102-408d5ce8eb96','遁地术','机械工业出版社','1-2','978-7-5064-2595-7','50.00','0'),('5ac99d6e-5e2c-11e7-bdf5-00ac9c2c0afa','1','1','1','ISBN 978-7-5064-2595-7','1','1'),('66ff7883-6512-11e7-af32-00acb5915098','1','2','3','978-7-303-21923-0','41','1'),('6a4be92a-650f-11e7-af32-00acb5915098','1','2','3','978-7-303-21923-0','4','1'),('749f20b5-6053-11e7-9f37-00acb5915098','通信原理实验教程1','广州中山大学出版社有限公司','1-1','978-7-306-05829-4','35.01','0'),('749f2548-6053-11e7-9f37-00acb5915098','通信原理实验教程2','广州中山大学出版社有限公司','1-1','978-7-306-05829-4','35.01','0'),('75deb1d6-a358-11e7-ae44-408d5ce8eb96','1','1','1','1',NULL,'1'),('7ae42777-a358-11e7-ae44-408d5ce8eb96','1','1','1','1',NULL,'1'),('80bb188f-6512-11e7-af32-00acb5915098','1','2','3','978-7-303-21923-0','41','1'),('850ffb08-a358-11e7-ae44-408d5ce8eb96','1','1','1','1','1','1'),('85687e20-2674-11e7-8e99-00ac9c2c0afa','大数据时代数据仓库技术研究','武汉大学出版社','1-1','978-7-307-18873-0','13','0'),('871d1ed3-5631-11e7-9094-d8cb8ab8c894','数据挖掘','东北大学日报出版社','1-2','999-887-98-96-986','1000','1'),('871d7baf-5631-11e7-9094-d8cb8ab8c894','机器学习','机械工业出版社','2-3','987-955-6312-254-6','45','0'),('87c6a271-a361-11e7-ae44-408d5ce8eb96','2123','123','123','213',NULL,'0'),('990f9ce2-a358-11e7-ae44-408d5ce8eb96','1','11','1','1',NULL,'1'),('9edb4dc6-a366-11e7-ae44-408d5ce8eb96','1','1','1','1','1','1'),('9f39dbda-a358-11e7-ae44-408d5ce8eb96','1','1','1','1',NULL,'1'),('a779eddc-a354-11e7-993c-408d5ce8eb96','大数据时代数据仓库技术研究','武汉大学出版社 ','1-1','978-7-307-18873-0','13','1'),('a7e94109-2674-11e7-8e99-00ac9c2c0afa','通信原理实验教程','广州中山大学出版社有限公司','1-1','978-7-306-05829-4','35.00','0'),('aa579cf4-bba2-11e7-a338-00acc501c3ab','数据结构','清华大学','1','20170905','100.00','0'),('b13cb9ce-a354-11e7-993c-408d5ce8eb96','大数据时代数据仓库技术研究','武汉大学出版社','1-1','978-7-307-18873-0','13','1'),('b92f682a-a358-11e7-ae44-408d5ce8eb96','语文','人民大学','0.2','200','1','0'),('bbe43cb3-6052-11e7-9f37-00acb5915098','通信原理实验教程1','广州中山大学出版社有限公司','1-1','978-7-306-05829-4','35.00','0'),('bbe44022-6052-11e7-9f37-00acb5915098','通信原理实验教程2','广州中山大学出版社有限公司','1-1','978-7-306-05829-4','35.00','0'),('c265ca07-6549-11e7-af32-00acb5915098','1','2','3','978-7-303-21923-0','4','1'),('c851a871-5632-11e7-9094-d8cb8ab8c894','高等数学','东北大学出版社','2-1','ISBN 978-7-5064-2595-7','12','1'),('cc762bcc-86dc-11e7-98c2-408d5ce8eb96','高级英语第一册','20170101','v3.2','978-7-5064-2595-7','99.99','0'),('d366772f-6549-11e7-af32-00acb5915098','1','2','3','978-7-303-21923-0','4','1'),('d5881643-a366-11e7-ae44-408d5ce8eb96','1.5','1.5','1.5','1.5','1.5','1'),('d7f43632-a358-11e7-ae44-408d5ce8eb96','语文','人民大学','0.2','200',NULL,'0'),('e19f14d1-a358-11e7-ae44-408d5ce8eb96','2','2','             4','2','123','0'),('e2bc6188-accf-11e7-9cd4-408d5ce8eb96','大数据时代数据仓库 技术研究','武汉大学出版社','1-1','978-7-307-18873-0','13','1'),('e61165d8-a356-11e7-ae44-408d5ce8eb96','电脑维修手册',' 人民大学','32.0','02556','32','0'),('e94da5cd-4b6d-11e7-8629-d8cb8ab8c894','软件工程','北京大学出版社','1-1','978-7-303-21923-3','36.26','1'),('efd0a14b-a353-11e7-993c-408d5ce8eb96','大数据时代数据仓库技术研究','2','as','as','1','0'),('f0d2b94c-a358-11e7-ae44-408d5ce8eb96','2','2','4','2',NULL,'0'),('f179f30a-4b72-11e7-8629-d8cb8ab8c894','高等数学','东北大学出版色','12','978-7-5064-2595-7','20','0'),('f563154a-4aa7-11e7-8629-d8cb8ab8c894','数据库','人民','第五版','ISBN 978-7-5064-2595-7','20','1'),('f9dad027-a354-11e7-993c-408d5ce8eb96','大数据时代数据仓库技术研究','武汉大学出版社','1-1','978-7-307-18873-0',NULL,'0');

/*Table structure for table `teachtask` */

DROP TABLE IF EXISTS `teachtask`;

CREATE TABLE `teachtask` (
  `tc_id` varchar(45) NOT NULL,
  `tc_courseid` varchar(45) DEFAULT NULL COMMENT '课程号id',
  `tc_mainteacherid` varchar(45) DEFAULT NULL COMMENT '负责教师id',
  `tc_class` varchar(45) DEFAULT NULL COMMENT '所分班级',
  `tc_classteacherid` varchar(45) DEFAULT NULL COMMENT '班级教师id',
  `tc_studentnum` varchar(45) DEFAULT NULL COMMENT '开课人数',
  `tc_numrange` varchar(45) DEFAULT NULL COMMENT '人数范围',
  `tc_teachway` varchar(45) DEFAULT NULL COMMENT '授课方式，对应教室类型',
  `tc_weekhours` int(45) DEFAULT NULL COMMENT '周学时',
  `tc_thweek_start` int(45) DEFAULT NULL COMMENT '设置开始周时（1,代表第一周）',
  `tc_thweek_end` int(45) DEFAULT NULL COMMENT '设置结束周时（10，代表第10周）',
  `tc_teachodd` varchar(45) DEFAULT NULL COMMENT '单双周3个（无、单周、双周）',
  `tc_teachmore` varchar(45) DEFAULT NULL COMMENT '是否有先修课程',
  `tc_checkType` varchar(45) DEFAULT NULL COMMENT '审核类型3个（新增、删除、修改）',
  `tc_checkStatus` varchar(45) DEFAULT NULL COMMENT '审核状态3个（待审核、已通过、未通过）',
  `tc_refuseReason` varchar(45) DEFAULT NULL COMMENT '拒绝理由',
  `tc_relationId` varchar(45) DEFAULT NULL COMMENT '关联ID',
  `tc_isDelete` varchar(45) DEFAULT NULL COMMENT '是否删除',
  `tc_setman` varchar(45) DEFAULT NULL COMMENT '设置人',
  `tc_settime` datetime DEFAULT NULL COMMENT '设置时间',
  `tc_chooseway` varchar(45) DEFAULT NULL COMMENT '(专业专属、不分专业)tcmajor表',
  `tc_semester` varchar(45) DEFAULT NULL COMMENT '学期',
  `tc_grade` varchar(45) DEFAULT NULL COMMENT '(删)年级',
  `tc_majorId` varchar(45) DEFAULT NULL COMMENT '(删)专业id(id,null)',
  `tc_teachweek` varchar(45) DEFAULT NULL COMMENT '(删)授课周时（几至几）',
  PRIMARY KEY (`tc_id`)
) ENGINE=InnoDB DEFAULT CHARSET=utf8mb4;

/*Data for the table `teachtask` */

insert  into `teachtask`(`tc_id`,`tc_courseid`,`tc_mainteacherid`,`tc_class`,`tc_classteacherid`,`tc_studentnum`,`tc_numrange`,`tc_teachway`,`tc_weekhours`,`tc_thweek_start`,`tc_thweek_end`,`tc_teachodd`,`tc_teachmore`,`tc_checkType`,`tc_checkStatus`,`tc_refuseReason`,`tc_relationId`,`tc_isDelete`,`tc_setman`,`tc_settime`,`tc_chooseway`,`tc_semester`,`tc_grade`,`tc_majorId`,`tc_teachweek`) values ('','4cd49ba0-9e6a-11e7-bfbd-408d5ce8eb96','1234','一班','1234','50','2','多媒体',NULL,5,10,'单周','计算机导论','删除','未通过','是 ','4a886a0a-81c1-49ba-bbaa-d9e620cdfdcc',NULL,'admin','2017-10-09 10:30:35',NULL,NULL,NULL,NULL,NULL),('024eff81-caec-4ce8-bebb-62858244f3a8','7ab0b0c2-98f2-11e7-bfa0-408d5ce8eb96','1234','东深科技一班','1234','1','12','多媒体',NULL,1,2,'无','马克思','修改','未通过','','',NULL,'admin','2017-09-26 10:14:54',NULL,'2018/2019第一学期',NULL,NULL,NULL),('04913d6c-a31f-11e7-993c-408d5ce8eb96','085c8107-98f4-11e7-bfa0-408d5ce8eb96','1234','2班','1234','23','50','多媒体',NULL,1,10,'无','测试','删除','未通过','  收到','2f322995-15bb-48d3-bc26-ce6706e89784',NULL,'admin','2017-09-27 08:58:47',NULL,NULL,NULL,NULL,NULL),('05f7a84b-1111-4d8d-91e1-33ce3864f080','e86e4a54-a3e8-11e7-b16f-408d5ce8eb96','1234','2134','1234','1','4','多媒体',NULL,1,5,'无','马克思','新增','已通过','',NULL,NULL,'admin','2017-10-13 17:10:34',NULL,'2018/2019第一学期',NULL,NULL,NULL),('0c6c5689-ae09-43d0-8d89-e6ccb0d0c45d','6a23b5e6-5db8-441b-8569-f7e39272a4f0','1234','2','1ae1dd7d-a458-40bd-b61f-4c1968bbbca6','23','26','多媒体',NULL,1,10,'无','计算机导论','新增','已通过','',NULL,NULL,'1234','2017-09-12 15:52:40',NULL,'fb910ec9-985f-11e7-a287-408d5ce8eb96',NULL,NULL,NULL),('0ce598ec-6d5f-4b39-b429-6853cdb54c1b','7ab0b0c2-98f2-11e7-bfa0-408d5ce8eb96','1234','AAAAA','1234','1','12','多媒体',NULL,1,2,'无','马克思','修改','已通过','','','是','admin','2017-09-27 10:49:13',NULL,'2018/2019第一学期',NULL,NULL,NULL),('1','6a23b5e6-5db8-441b-8569-f7e39272a4f0','1234','MVC1班','1234','3','50','多媒体',NULL,1,5,'单周','','删除','未通过',' 就','1',NULL,'admin','2017-10-10 17:59:03',NULL,NULL,NULL,NULL,NULL),('10','6a23b5e6-5db8-441b-8569-f7e39272a4f0','1234','MVC2','1234','2','5','多媒体',NULL,1,7,'双周','','修改','已通过','','',NULL,'admin','2017-10-11 17:19:39',NULL,'2018/2019第一学期',NULL,NULL,NULL),('11','6a23b5e6-5db8-441b-8569-f7e39272a4f0','1234','mvc3','1234','3','5','多媒体',NULL,1,4,'无','计算机导论','修改','未通过','','',NULL,'admin','2017-09-26 10:11:08',NULL,'2018/2019第一学期',NULL,NULL,NULL),('119d883d-3a58-4f4a-87f9-516b8eb381d1','e352b49b-9ffa-11e7-ab7f-408d5ce8eb96','1234','57','1234','1','20','多媒体',NULL,1,6,'无','马克思','修改','已通过','','',NULL,'admin','2017-09-27 08:39:12',NULL,'2018/2019第一学期',NULL,NULL,NULL),('12','f81b53d7-1a80-4fe5-94d0-20805c902c19','1234','数据结构1班','1234','3','5','多媒体',NULL,3,12,'单周','','修改','已通过','','','是','admin','2017-09-22 16:51:16',NULL,'2018/2019第一学期',NULL,NULL,NULL),('13','9cb35f76-60cd-4c81-8420-47cb8718a49f','1234','英语2班','1234','2','6','多媒体',NULL,4,10,'无',NULL,'新建','已通过',NULL,NULL,NULL,NULL,NULL,'不分专业','2016/2017第二学期',NULL,NULL,NULL),('14','e64bd713-7529-4387-bc72-ef587edeb8f2','1234','电子1班','1234','2','5','多媒体',NULL,1,8,'无','','修改','已通过','','',NULL,'1234','2017-09-22 16:54:07',NULL,'2018/2019第一学期',NULL,NULL,NULL),('15653ce3-fc88-4211-8853-db59c7290af0','85895a4a-9913-11e7-bfa0-408d5ce8eb96','1234','999','1234','2','56','体育',NULL,1,5,'单周','测试','修改','已通过','','','是','admin','2017-09-27 08:33:34',NULL,'2018/2019第一学期',NULL,NULL,NULL),('1606b267-a31e-11e7-993c-408d5ce8eb96','85895a4a-9913-11e7-bfa0-408d5ce8eb96',NULL,'9999','1234','20','30','多媒体',NULL,1,2,'单周','测试','删除','未通过',' 是','d0571931-ce1e-4163-8d0a-44bd5e3fa8ac',NULL,'admin','2017-09-27 08:52:07',NULL,NULL,NULL,NULL,NULL),('179e1a96-3eed-4c4f-a3d3-00efb046142b','7ab0b0c2-98f2-11e7-bfa0-408d5ce8eb96','1234','宋-测试','1234','10','12','多媒体',NULL,1,2,'单周','马克思','修改','已通过','','','是','admin','2017-09-27 08:25:49',NULL,'2018/2019第一学期',NULL,NULL,NULL),('17fb5036-116f-4bd2-84c9-7a17b8b61e6a','7ab0b0c2-98f2-11e7-bfa0-408d5ce8eb96','1234','自行车','1234','10','12','多媒体',NULL,1,2,'无','马克思','新增','已通过','',NULL,'是','admin','2017-09-27 10:59:36',NULL,'2018/2019第一学期',NULL,NULL,NULL),('2','f81b53d7-1a80-4fe5-94d0-20805c902c19','1234','数据结构2班','1234','5','0','多媒体',NULL,4,12,'单周','','修改','已通过','','',NULL,'admin','2017-09-21 17:19:55',NULL,'2018/2019第一学期',NULL,NULL,NULL),('21e402d9-313b-4340-bfc1-f5cc87b03cf4','e352b49b-9ffa-11e7-ab7f-408d5ce8eb96','1234','57','1234','1','20','多媒体',NULL,1,6,'无','马克思','修改','未通过',' 阿萨德','119d883d-3a58-4f4a-87f9-516b8eb381d1',NULL,'admin','2017-10-09 10:48:35',NULL,'2018/2019第一学期',NULL,NULL,NULL),('2263ee79-5ff6-4133-9348-037b92b576d8','ee2f510f-99d8-11e7-bd45-408d5ce8eb96','1234','励志班','1234','20','50','多媒体',NULL,1,5,'单周','马克思','修改','未通过','','',NULL,'admin','2017-09-25 16:41:18',NULL,'2018/2019第一学期',NULL,NULL,NULL),('245ab98f-72b7-4847-8ade-dea2247c2ab7','6a23b5e6-5db8-441b-8569-f7e39272a4f0','1234','1','1234','1','11','多媒体',NULL,1,12,'无','计算机导论','新增','已通过','',NULL,'是','1234','2017-07-01 17:16:55','专业专属','2016/2017第二学期',NULL,NULL,NULL),('2a55c7fc-b42f-4973-9f20-241134be5324','a6f0e253-b880-11e7-8c74-00acc501c3ab','1234','2353','1234','1','5','多媒体',NULL,1,4,'单周','马克思','新增','已通过','',NULL,NULL,'1234','2017-10-24 14:06:35',NULL,'2018/2019第一学期',NULL,NULL,NULL),('2bb05b39-ac99-11e7-8b5c-408d5ce8eb96','4cd49ba0-9e6a-11e7-bfbd-408d5ce8eb96','1234','一班','1234','50','2','多媒体',NULL,5,10,'单周','计算机导论','删除','未通过',' 收到','4a886a0a-81c1-49ba-bbaa-d9e620cdfdcc',NULL,'admin','2017-10-09 10:25:52',NULL,NULL,NULL,NULL,NULL),('2bef009a-8d5a-4495-9bb8-9ee2ee6bd43d','f81b53d7-1a80-4fe5-94d0-20805c902c19','1234','数据结构1班','1234','3','50','多媒体',NULL,3,12,'单周','','修改','未通过',' \n\n5','12',NULL,'admin','2017-09-25 16:39:47',NULL,'2018/2019第一学期',NULL,NULL,NULL),('2f30cf6a-a327-11e7-993c-408d5ce8eb96','085c8107-98f4-11e7-bfa0-408d5ce8eb96','1234','2班','1234','23','50','多媒体',NULL,1,10,'无','测试','删除','未通过',' 是','2f322995-15bb-48d3-bc26-ce6706e89784',NULL,'admin','2017-09-27 09:57:14',NULL,NULL,NULL,NULL,NULL),('2f322995-15bb-48d3-bc26-ce6706e89784','085c8107-98f4-11e7-bfa0-408d5ce8eb96','1234','2班','1234','23','50','多媒体',NULL,1,10,'无','测试','修改','已通过','','','是','admin','2017-09-27 08:53:04',NULL,'2018/2019第一学期',NULL,NULL,NULL),('3','64cabfac-647c-48d2-b4ca-1e79dd15353a','1234','接口1班','81fdf5c6-c728-45a8-a725-053493f55ea8','3','5','多媒体',NULL,3,11,'单周',NULL,'新建','已通过',NULL,NULL,NULL,NULL,NULL,'不分专业','2016/2017第二学期',NULL,NULL,NULL),('301cba93-aa8d-4fd4-bbef-3a846ea9884b','e64bd713-7529-4387-bc72-ef587edeb8f2','1234','电子1班','1234','2','5','多媒体',NULL,1,8,'无','','修改','未通过',' 阿萨德','14',NULL,'admin','2017-10-09 10:36:02',NULL,'2018/2019第一学期',NULL,NULL,NULL),('3188c420-30d7-4510-a495-0469640d6e36','085c8107-98f4-11e7-bfa0-408d5ce8eb96','1234','2班','5cf22248-6d22-4375-8cfe-26a6506071b5','23','50','多媒体',NULL,1,10,'无','测试','修改','未通过',' 是','2f322995-15bb-48d3-bc26-ce6706e89784',NULL,'admin','2017-09-27 09:29:15',NULL,'2018/2019第一学期',NULL,NULL,NULL),('32056e6e-3360-4fbe-bdcb-4ba00fef1826','8faa6c80-9d9f-11e7-8ad7-408d5ce8eb96','1234','213','1234','1','5','多媒体',NULL,1,5,'单周','好好学习','新增','已通过','',NULL,'是','admin','2017-09-26 08:57:27',NULL,'2018/2019第一学期',NULL,NULL,NULL),('3d791668-288c-40d5-a438-63da7bb3d893','7ab0b0c2-98f2-11e7-bfa0-408d5ce8eb96','1234','123','1234','123','213','多媒体',NULL,1,2,'无','马克思','新增','未通过',' \n砍价EHF我问佛科技活动企鹅 UI电话 \n维护费 好地方 ',NULL,NULL,'admin','2017-09-27 10:46:06',NULL,'2018/2019第一学期',NULL,NULL,NULL),('3f524a37-df67-49ed-972a-c1da89454dc8','7ab0b0c2-98f2-11e7-bfa0-408d5ce8eb96','1234','A测试','1234','1','12','多媒体',NULL,1,2,'无','马克思','修改','已通过','','','是','admin','2017-09-26 15:33:36',NULL,'2018/2019第一学期',NULL,NULL,NULL),('3fda205d-2e0d-4b73-9014-a84d430f22af','a83ebb73-a3e9-11e7-b16f-408d5ce8eb96','1234','23','1234','1','5','讲授',NULL,1,5,'单周','马克思','新增','已通过','',NULL,NULL,'admin','2017-09-28 16:14:57',NULL,'2018/2019第一学期',NULL,NULL,NULL),('4','64cabfac-647c-48d2-b4ca-1e79dd15353a','1234','接口2班','81fdf5c6-c728-45a8-a725-053493f55ea8','2','5','多媒体',NULL,5,11,'单周',NULL,'新建','已通过',NULL,NULL,NULL,NULL,NULL,'不分专业','2016/2017第二学期',NULL,NULL,NULL),('4628641b-2e57-427f-9f4d-93dbd98d1033','27171da0-a3e9-11e7-b16f-408d5ce8eb96','1234','2134','1234','1','5','多媒体',NULL,1,5,'单周','马克思','删除','未通过',' 好','4628641b-2e57-427f-9f4d-93dbd98d1033',NULL,'admin','2017-10-10 17:59:42',NULL,NULL,NULL,NULL,NULL),('4920a7d2-8ce7-4620-a8a8-ddfa9a3dae63','769a99aa-98f0-11e7-bfa0-408d5ce8eb96','1234','32','1234','20','2','多媒体',NULL,1,2,'无','恍恍惚惚好','修改','已通过','','',NULL,'1234','2017-09-22 16:56:47',NULL,'2018/2019第一学期',NULL,NULL,NULL),('4f3c6f9e-a330-11e7-993c-408d5ce8eb96','7ab0b0c2-98f2-11e7-bfa0-408d5ce8eb96','1234','自行车','1234','10','12','多媒体',NULL,1,2,'无','马克思','删除','未通过',' 是','17fb5036-116f-4bd2-84c9-7a17b8b61e6a',NULL,'admin','2017-09-27 11:02:34',NULL,NULL,NULL,NULL,NULL),('5','1c012ef5-cedd-4a4d-83f5-3961f1c39093','1234','心里学1班','81fdf5c6-c728-45a8-a725-053493f55ea8','3','6','多媒体',NULL,5,14,'单周',NULL,'新建','已通过',NULL,NULL,NULL,NULL,NULL,'不分专业','2016/2017第二学期',NULL,NULL,NULL),('53364f6c-6693-4adc-a37a-9940f99141bf','e86e4a54-a3e8-11e7-b16f-408d5ce8eb96','1234','sj测试计划123','1234','10','12','多媒体',NULL,1,2,'无','马克思','修改','已通过','','',NULL,'admin','2017-10-11 17:20:02',NULL,'2018/2019第一学期',NULL,NULL,NULL),('53b22919-4f1f-4e08-ad5f-1ad9fa195372','8faa6c80-9d9f-11e7-8ad7-408d5ce8eb96','1234','红木1班','1234','1','1','多媒体',NULL,1,16,'无','好好学习','修改','已通过','','','是','1234','2017-09-22 16:58:53',NULL,'2018/2019第一学期',NULL,NULL,NULL),('572e898f-03ae-4dfb-8b9d-5eba4e4ee671','e86e4a54-a3e8-11e7-b16f-408d5ce8eb96','1234','2134','1ae1dd7d-a458-40bd-b61f-4c1968bbbca6','1','4','多媒体',NULL,1,5,'无','马克思','修改','待审核',NULL,'05f7a84b-1111-4d8d-91e1-33ce3864f080',NULL,'admin','2017-10-28 10:12:46',NULL,'2018/2019第一学期',NULL,NULL,NULL),('588c5c50-a322-11e7-993c-408d5ce8eb96','7ab0b0c2-98f2-11e7-bfa0-408d5ce8eb96','1234','AAAAA','1234','1','12','多媒体',NULL,1,2,'无','马克思','删除','未通过',' 发','0ce598ec-6d5f-4b39-b429-6853cdb54c1b',NULL,'admin','2017-09-27 09:22:36',NULL,NULL,NULL,NULL,NULL),('590a2726-a36b-4b3c-9542-f4fcd8c573aa','e86e4a54-a3e8-11e7-b16f-408d5ce8eb96','1234','1234','1234','1','12','多媒体',NULL,1,2,'无','马克思','新增','已通过','',NULL,NULL,'admin','2017-10-09 09:10:15',NULL,'2018/2019第一学期',NULL,NULL,NULL),('5bca9b86-7909-493a-b781-ff8be2845ee8','4cd49ba0-9e6a-11e7-bfbd-408d5ce8eb96','1234','123','1234','0','1','多媒体',NULL,1,2,'无','马克思','新增','已通过','',NULL,NULL,'admin','2017-09-22 14:55:05',NULL,'2018/2019第一学期',NULL,NULL,NULL),('5fd68d0f-a321-11e7-993c-408d5ce8eb96','085c8107-98f4-11e7-bfa0-408d5ce8eb96','1234','2班','1234','23','50','多媒体',NULL,1,10,'无','测试','删除','未通过','地方 ','2f322995-15bb-48d3-bc26-ce6706e89784',NULL,'admin','2017-09-27 09:15:39',NULL,NULL,NULL,NULL,NULL),('6','1c012ef5-cedd-4a4d-83f5-3961f1c39093','1234','心里学2班','81fdf5c6-c728-45a8-a725-053493f55ea8','4','5','多媒体',NULL,6,13,'单周',NULL,'新建','已通过',NULL,NULL,NULL,NULL,NULL,'不分专业','2016/2017第二学期',NULL,NULL,NULL),('61b43eab-ac9d-11e7-8b5c-408d5ce8eb96','4cd49ba0-9e6a-11e7-bfbd-408d5ce8eb96','1234','一班','1234','50','2','多媒体',NULL,5,10,'单周','计算机导论','删除','未通过',' 收到','4a886a0a-81c1-49ba-bbaa-d9e620cdfdcc',NULL,'admin','2017-10-09 10:56:00',NULL,NULL,NULL,NULL,NULL),('7','5c28949b-68d8-4881-b89d-466e5fe7083d','1234','测试1班','81fdf5c6-c728-45a8-a725-053493f55ea8','3','5','多媒体',NULL,6,14,'双周',NULL,'新建','已通过',NULL,NULL,NULL,NULL,NULL,'不分专业','2016/2017第二学期',NULL,NULL,NULL),('71578f39-a323-11e7-993c-408d5ce8eb96','85895a4a-9913-11e7-bfa0-408d5ce8eb96','1234','999','1234','2','56','体育',NULL,1,5,'单周','测试','删除','未通过',' 的','15653ce3-fc88-4211-8853-db59c7290af0',NULL,'admin','2017-09-27 09:30:27',NULL,NULL,NULL,NULL,NULL),('74aa5e9d-4f86-4db3-8c86-2783d717cc8e','badd2562-9f60-11e7-9cf4-408d5ce8eb96','1234','制作1班','1234','1','1','多媒体',NULL,1,10,'单周','马克思','新增','已通过','',NULL,NULL,'1234','2017-09-22 14:58:30',NULL,'2018/2019第一学期',NULL,NULL,NULL),('7536b471-bfca-41e6-a981-702cae3112eb','a83ebb73-a3e9-11e7-b16f-408d5ce8eb96','1234','23','1234','1','5','讲授',NULL,1,5,'单周','马克思','修改','未通过',' 阿萨德','3fda205d-2e0d-4b73-9014-a84d430f22af',NULL,'admin','2017-10-09 10:14:15',NULL,'2018/2019第一学期',NULL,NULL,NULL),('76743ecd-ac9d-11e7-8b5c-408d5ce8eb96','4cd49ba0-9e6a-11e7-bfbd-408d5ce8eb96','1234','一班','1234','50','2','多媒体',NULL,5,10,'单周','计算机导论','删除','未通过',' 阿萨德','4a886a0a-81c1-49ba-bbaa-d9e620cdfdcc',NULL,'admin','2017-10-09 10:56:35',NULL,NULL,NULL,NULL,NULL),('7c678aef-2473-42fb-bb5c-c57840fd89e2','6a23b5e6-5db8-441b-8569-f7e39272a4f0','1234','1','1ae1dd7d-a458-40bd-b61f-4c1968bbbca6','1','12','多媒体',NULL,12,13,'单周','消费心理学','新增','已通过','',NULL,NULL,'1234','2017-07-04 11:50:07',NULL,'2016/2017第二学期',NULL,NULL,NULL),('7ce913ed-a330-11e7-993c-408d5ce8eb96','7ab0b0c2-98f2-11e7-bfa0-408d5ce8eb96','1234','自行车','1234','10','12','多媒体',NULL,1,2,'无','马克思','删除','未通过',' 是','17fb5036-116f-4bd2-84c9-7a17b8b61e6a',NULL,'admin','2017-09-27 11:03:50',NULL,NULL,NULL,NULL,NULL),('7f73be44-01e3-4efe-9991-bb46ce0bc2b1','14f0142a-a009-11e7-ab7f-408d5ce8eb96','1234','327','1234','1','5','多媒体',NULL,1,5,'单周','马克思','新增','已通过','',NULL,NULL,'1234','2017-09-23 10:46:22',NULL,'2018/2019第一学期',NULL,NULL,NULL),('8','5c28949b-68d8-4881-b89d-466e5fe7083d','1234','测试2班','81fdf5c6-c728-45a8-a725-053493f55ea8','3','5','多媒体',NULL,8,11,'双周',NULL,'新建','已通过',NULL,NULL,NULL,NULL,NULL,'不分专业','2016/2017第二学期',NULL,NULL,NULL),('8689fea4-270a-4cf3-988b-ffdf2ff5d9ea','fa4da86d-a42a-11e7-b16f-408d5ce8eb96','1234','呵呵1班','1234','1','100','多媒体',NULL,1,5,'无','马克思','新增','已通过','',NULL,NULL,'1234','2017-10-09 14:31:24',NULL,'2018/2019第一学期',NULL,NULL,NULL),('8e4040e1-8e6f-4eba-93ed-c12284095777','e352b49b-9ffa-11e7-ab7f-408d5ce8eb96','1234','002','1234','1','10','多媒体',NULL,1,5,'无','马克思','新增','已通过','',NULL,NULL,'1234','2017-09-23 09:53:12',NULL,'2018/2019第一学期',NULL,NULL,NULL),('9','9cb35f76-60cd-4c81-8420-47cb8718a49f','1234','英语1班','81fdf5c6-c728-45a8-a725-053493f55ea8','3','5','多媒体',NULL,4,13,'双周',NULL,'新建','已通过',NULL,NULL,NULL,NULL,NULL,'不分专业','2016/2017第二学期',NULL,NULL,NULL),('90050248-c6fb-4f89-99da-28ffd8237864','ef882aef-9ffa-11e7-ab7f-408d5ce8eb96','1234','52','1234','1','20','多媒体',NULL,1,5,'单周','马克思','新增','已通过','',NULL,NULL,'1234','2017-09-23 09:58:58',NULL,'2018/2019第一学期',NULL,NULL,NULL),('944ad91b-ac9d-11e7-8b5c-408d5ce8eb96','4cd49ba0-9e6a-11e7-bfbd-408d5ce8eb96','1234','一班','1234','50','2','多媒体',NULL,5,10,'单周','计算机导论','删除','未通过',' 阿萨德','4a886a0a-81c1-49ba-bbaa-d9e620cdfdcc',NULL,'admin','2017-10-09 10:57:25',NULL,NULL,NULL,NULL,NULL),('99','1c012ef5-cedd-4a4d-83f5-3961f1c39093','1234','zy','1234','2','3','多媒体',NULL,3,4,'无','计算机导论','修改','已通过','','',NULL,'t123456','2017-06-30 16:13:56','专业专属','2016/2017第二学期','',NULL,NULL),('99527d8e-1302-4f54-a97a-cefe4f89d273','769a99aa-98f0-11e7-bfa0-408d5ce8eb96','1234','软件1班','1234','2','5','多媒体',NULL,1,5,'无','计算机导论','新增','已通过','',NULL,NULL,'1234','2017-09-14 10:06:50',NULL,'2018/2019第一学期',NULL,NULL,NULL),('9a31eddc-f61c-4bac-bd25-885f2ff36cea','7ab0b0c2-98f2-11e7-bfa0-408d5ce8eb96','1234','ACVBN','1234','10','21','多媒体',NULL,1,2,'无','马克思','修改','已通过','','','是','admin','2017-09-26 15:28:56',NULL,'2018/2019第一学期',NULL,NULL,NULL),('9cde52cd-87e2-4935-8b01-e2a461fe6f2b','4cd49ba0-9e6a-11e7-bfbd-408d5ce8eb96','1234','阿达','1234','50','5','多媒体',NULL,9,10,'无','计算机导论','新增','已通过','',NULL,NULL,'admin','2017-09-22 14:39:20',NULL,'2018/2019第一学期',NULL,NULL,NULL),('9db4cc05-ac98-11e7-8b5c-408d5ce8eb96','27171da0-a3e9-11e7-b16f-408d5ce8eb96','1234','2134','1234','1','5','多媒体',NULL,1,5,'单周','马克思','删除','未通过',' as的','4628641b-2e57-427f-9f4d-93dbd98d1033',NULL,'admin','2017-10-09 10:21:53',NULL,NULL,NULL,NULL,NULL),('9e476ba1-ac9d-11e7-8b5c-408d5ce8eb96','4cd49ba0-9e6a-11e7-bfbd-408d5ce8eb96','1234','一班','1234','50','2','多媒体',NULL,5,10,'单周','计算机导论','删除','未通过',' 阿萨德','4a886a0a-81c1-49ba-bbaa-d9e620cdfdcc',NULL,'admin','2017-10-09 10:57:42',NULL,NULL,NULL,NULL,NULL),('a0b5f4af-0fc6-4b78-9fbe-6e5802b46d0d','e352b49b-9ffa-11e7-ab7f-408d5ce8eb96','1234','57','1234','10','20','多媒体',NULL,1,6,'无','马克思','修改','未通过','  是','119d883d-3a58-4f4a-87f9-516b8eb381d1',NULL,'admin','2017-09-25 16:40:15',NULL,'2018/2019第一学期',NULL,NULL,NULL),('a6b8b40f-ccab-4e57-bb75-1bec44985a4b','6db09320-9d1b-11e7-a67a-408d5ce8eb96','1234','2222','1234','1','50','语音室',NULL,1,15,'单周','马克思','新增','已通过','',NULL,NULL,'1234','2017-09-21 14:28:16',NULL,'2018/2019第一学期',NULL,NULL,NULL),('a87aadd1-980b-413b-83c3-97059385e399','e352b49b-9ffa-11e7-ab7f-408d5ce8eb96','1234','003','1234','1','50','多媒体',NULL,1,2,'单周','马克思','新增','已通过','',NULL,NULL,'1234','2017-09-23 09:53:56',NULL,'2018/2019第一学期',NULL,NULL,NULL),('a99be69d-c5d9-4f6c-8d8d-b988fc5b5ad7','ef882aef-9ffa-11e7-ab7f-408d5ce8eb96','1234','005','1234','01','12','多媒体',NULL,1,5,'无','计算机导论','新增','已通过','',NULL,NULL,'1234','2017-09-23 09:54:21',NULL,'2018/2019第一学期',NULL,NULL,NULL),('acc3dd4e-0050-4aa7-baa4-3677f742f1f4','f64e6c9a-affc-11e7-ba56-408d5ce8eb96','1234','56','1234','1','5','多媒体',NULL,1,5,'单周','原木','新增','已通过','',NULL,NULL,'1234','2017-10-13 18:00:12',NULL,'2018/2019第一学期',NULL,NULL,NULL),('b0c7bb0e-89d6-4bc8-9752-3c942f0fc424','7ab0b0c2-98f2-11e7-bfa0-408d5ce8eb96','1234','东深科技','1234','1','12','多媒体',NULL,1,2,'无','马克思','新增','已通过','',NULL,NULL,'admin','2017-09-26 10:11:58',NULL,'2018/2019第一学期',NULL,NULL,NULL),('b1df3d46-a514-483a-b5df-25143027c9d3','7ab0b0c2-98f2-11e7-bfa0-408d5ce8eb96','1234','1','1234','10','12','多媒体',NULL,1,2,'无','马克思','新增','已通过','',NULL,NULL,'admin','2017-09-27 10:47:22',NULL,'2018/2019第一学期',NULL,NULL,NULL),('b363e05c-a7be-4666-9238-8e52f91ec1f9','6a23b5e6-5db8-441b-8569-f7e39272a4f0','1234','1','1ae1dd7d-a458-40bd-b61f-4c1968bbbca6','2','7','讲授',NULL,1,2,'双周','心理学','新增','已通过','',NULL,NULL,'admin','2017-08-19 13:56:57',NULL,'2016/2017第二学期',NULL,NULL,NULL),('bb3262aa-ac99-11e7-8b5c-408d5ce8eb96','4cd49ba0-9e6a-11e7-bfbd-408d5ce8eb96','1234','一班','1234','50','2','多媒体',NULL,5,10,'单周','计算机导论','删除','未通过',' 都是','4a886a0a-81c1-49ba-bbaa-d9e620cdfdcc',NULL,'admin','2017-10-09 10:29:52',NULL,NULL,NULL,NULL,NULL),('be8dd5d8-d5f7-43c6-8d74-43fd51dc2e07','e86e4a54-a3e8-11e7-b16f-408d5ce8eb96','1234','1','1234','1','2','多媒体',NULL,1,5,'单周','原木','新增','已通过','',NULL,NULL,'admin','2017-09-28 16:19:38',NULL,'2018/2019第一学期',NULL,NULL,NULL),('c0b59e3c-376f-47b7-9139-ffe701b4adea','1ffd41aa-9916-11e7-bfa0-408d5ce8eb96','1234','1111','1234','20','30','多媒体',NULL,1,15,'双周','计算机导论','新增','已通过','',NULL,NULL,'1234','2017-09-14 14:34:24',NULL,'2018/2019第一学期',NULL,NULL,NULL),('c11cf2cd-16f6-413d-bc7c-1bee2edd7d11','769a99aa-98f0-11e7-bfa0-408d5ce8eb96','1234','软件2班','1234','20','100','多媒体',NULL,1,5,'无','好好学习','新增','已通过','',NULL,NULL,'1234','2017-09-14 10:20:37',NULL,'2018/2019第一学期',NULL,NULL,NULL),('c76fd047-91b8-47cb-94e4-b4cbece3721b','7ab0b0c2-98f2-11e7-bfa0-408d5ce8eb96','1234','AAAAA','1234','1','12','多媒体',NULL,1,2,'无','马克思','修改','未通过','  是','0ce598ec-6d5f-4b39-b429-6853cdb54c1b',NULL,'admin','2017-09-26 10:19:49',NULL,'2018/2019第一学期',NULL,NULL,NULL),('c8949ce5-a2b9-4a7b-ad89-c40a7cc10fd9','ab11d52c-9ffa-11e7-ab7f-408d5ce8eb96','1234','001','1234','1','50','多媒体',NULL,1,5,'单周','马克思','新增','已通过','',NULL,NULL,'1234','2017-09-23 09:52:21',NULL,'2018/2019第一学期',NULL,NULL,NULL),('c8d64852-dbec-48d7-b54c-a1d5073f891c','ee2f510f-99d8-11e7-bd45-408d5ce8eb96','1234','5858','1234','2','50','多媒体',NULL,4,5,'单周','马克思','新增','已通过','',NULL,NULL,'1234','2017-09-15 15:13:32',NULL,'2018/2019第一学期',NULL,NULL,NULL),('c9caca5c-641a-4619-80ff-6f9b4e7f71e0','cc1ed133-9c0a-11e7-95ae-408d5ce8eb96','1234','213','1234','1','6','多媒体',NULL,1,5,'单周','马克思','新增','已通过','',NULL,NULL,'1234','2017-09-18 08:48:56',NULL,'2018/2019第一学期',NULL,NULL,NULL),('cf5f1b4e-e8c5-45f1-af65-5ce5c179552c','7ab0b0c2-98f2-11e7-bfa0-408d5ce8eb96','1234','AAAAAAAAA','1234','10','212','多媒体',NULL,12,14,'无','马克思','新增','未通过',' 阿萨德',NULL,NULL,'admin','2017-09-26 15:24:25',NULL,'2018/2019第一学期',NULL,NULL,NULL),('d0571931-ce1e-4163-8d0a-44bd5e3fa8ac','85895a4a-9913-11e7-bfa0-408d5ce8eb96','1234','9999','1234','20','30','多媒体',NULL,1,2,'单周','测试','新增','已通过','',NULL,NULL,'1234','2017-09-14 14:23:35',NULL,'2018/2019第一学期',NULL,NULL,NULL),('d126c31a-a1d3-11e7-ace9-408d5ce8eb96','85895a4a-9913-11e7-bfa0-408d5ce8eb96',NULL,'999','1234','2','0','体育',NULL,1,5,'单周','测试','删除','未通过',' \n52','15653ce3-fc88-4211-8853-db59c7290af0',NULL,'admin','2017-09-25 17:27:57',NULL,NULL,NULL,NULL,NULL),('d4d5c330-7e03-4c38-b943-2344f9089026','8faa6c80-9d9f-11e7-8ad7-408d5ce8eb96','1234','213','1234','1','6','多媒体',NULL,1,5,'单周','好好学习','修改','未通过',' 少时诵诗书所所','32056e6e-3360-4fbe-bdcb-4ba00fef1826',NULL,'admin','2017-09-26 08:58:26',NULL,'2018/2019第一学期',NULL,NULL,NULL),('d51bfc41-6cbc-484f-b250-f0f89c24290d','7ab0b0c2-98f2-11e7-bfa0-408d5ce8eb96','1234','宋健-测试1','1234','1','12','多媒体',NULL,1,2,'无','马克思','修改','已通过','','',NULL,'admin','2017-09-27 08:43:31',NULL,'2018/2019第一学期',NULL,NULL,NULL),('d67fd978-4b6b-416c-bfc7-0ad7897b7520','6db09320-9d1b-11e7-a67a-408d5ce8eb96','1234','143','1234','1','5','多媒体',NULL,1,5,'无','马克思','新增','已通过','',NULL,NULL,'1234','2017-09-19 17:23:33',NULL,'2018/2019第一学期',NULL,NULL,NULL),('da0a9657-d91d-4b8f-b9d4-af2847e0a973','7ab0b0c2-98f2-11e7-bfa0-408d5ce8eb96','1234','宋健的测试计划','1234','10','12','多媒体',NULL,1,2,'无','马克思','修改','已通过','','',NULL,'admin','2017-09-26 15:22:11',NULL,'2018/2019第一学期',NULL,NULL,NULL),('defd19bc-7450-4eef-bbd5-3b2d5b9fa4ea','7ab0b0c2-98f2-11e7-bfa0-408d5ce8eb96','1234','1','1234','1','2','多媒体',NULL,2,4,'无','马克思','新增','未通过','  阿萨德',NULL,NULL,'admin','2017-09-25 16:55:17',NULL,'2018/2019第一学期',NULL,NULL,NULL),('e36e496f-a28b-11e7-9ac9-408d5ce8eb96','7ab0b0c2-98f2-11e7-bfa0-408d5ce8eb96',NULL,'AAAAA','1234','1','12','多媒体',NULL,1,2,'无','马克思','删除','未通过',' 爱上我多','0ce598ec-6d5f-4b39-b429-6853cdb54c1b',NULL,'admin','2017-09-26 15:25:35',NULL,NULL,NULL,NULL,NULL),('e9282aa3-a45d-4639-ba3a-62a8dc16992b','7ab0b0c2-98f2-11e7-bfa0-408d5ce8eb96','1234','sj测试','1234','1','12','多媒体',NULL,1,2,'无','马克思','新增','未通过','   是',NULL,NULL,'admin','2017-09-26 10:17:24',NULL,'2018/2019第一学期',NULL,NULL,NULL),('e9c8f358-a323-11e7-993c-408d5ce8eb96','085c8107-98f4-11e7-bfa0-408d5ce8eb96','1234','2班','1234','23','50','多媒体',NULL,1,10,'无','测试','删除','未通过',' 都是','2f322995-15bb-48d3-bc26-ce6706e89784',NULL,'admin','2017-09-27 09:33:49',NULL,NULL,NULL,NULL,NULL),('eaed0bb2-6dbc-48f9-9f38-20ae2affcd78','4cd49ba0-9e6a-11e7-bfbd-408d5ce8eb96','1234','维修1班','1234','1','0','多媒体',NULL,1,10,'单周','马克思','修改','已通过','','',NULL,'1234','2017-09-22 16:59:02',NULL,'2018/2019第一学期',NULL,NULL,NULL),('ef9c7dec-ac9d-11e7-8b5c-408d5ce8eb96','4cd49ba0-9e6a-11e7-bfbd-408d5ce8eb96','1234','一班','1234','50','2','多媒体',NULL,5,10,'单周','计算机导论','删除','未通过',' 阿萨德','4a886a0a-81c1-49ba-bbaa-d9e620cdfdcc',NULL,'admin','2017-10-09 10:59:58',NULL,NULL,NULL,NULL,NULL),('f13cbfdc-a31d-11e7-993c-408d5ce8eb96','7ab0b0c2-98f2-11e7-bfa0-408d5ce8eb96',NULL,'宋健-测试1','1234','1','12','多媒体',NULL,1,2,'无','马克思','删除','未通过',' 是','d51bfc41-6cbc-484f-b250-f0f89c24290d',NULL,'admin','2017-09-27 08:51:05',NULL,NULL,NULL,NULL,NULL),('f7deb980-bfec-4c1d-b8ec-c20df872947e','6a23b5e6-5db8-441b-8569-f7e39272a4f0','1234','1','1ae1dd7d-a458-40bd-b61f-4c1968bbbca6','1','10','多媒体',NULL,1,12,'无','计算机导论','修改','已通过','',NULL,NULL,'1234','2017-07-04 11:49:33',NULL,'2016/2017第二学期',NULL,NULL,NULL),('f87b0bbc-a320-11e7-993c-408d5ce8eb96','085c8107-98f4-11e7-bfa0-408d5ce8eb96','1234','2班','1234','23','50','多媒体',NULL,1,10,'无','测试','删除','未通过',' 是','2f322995-15bb-48d3-bc26-ce6706e89784',NULL,'admin','2017-09-27 09:12:46',NULL,NULL,NULL,NULL,NULL),('f92ff9cb-5f6d-434d-90d3-ba9a58868380','7ab0b0c2-98f2-11e7-bfa0-408d5ce8eb96','1234','去','1234','1','12','多媒体',NULL,1,2,'无','计算机导论','新增','已通过','',NULL,NULL,'admin','2017-09-26 10:09:49',NULL,'2018/2019第一学期',NULL,NULL,NULL),('ff8c0994-a32f-11e7-993c-408d5ce8eb96','7ab0b0c2-98f2-11e7-bfa0-408d5ce8eb96','1234','自行车','1234','10','12','多媒体',NULL,1,2,'无','马克思','删除','未通过',' 是','17fb5036-116f-4bd2-84c9-7a17b8b61e6a',NULL,'admin','2017-09-27 11:00:20',NULL,NULL,NULL,NULL,NULL);

/*Table structure for table `terrace` */

DROP TABLE IF EXISTS `terrace`;

CREATE TABLE `terrace` (
  `terraceId` varchar(45) NOT NULL COMMENT '平台Id',
  `terraceName` varchar(45) DEFAULT NULL COMMENT '平台名称',
  `minCredits` varchar(45) DEFAULT NULL COMMENT '刪）每学期至少选修学分',
  `minClasses` varchar(45) DEFAULT NULL COMMENT '刪）每学期至少选修课程门数',
  `maxCredits` varchar(45) DEFAULT NULL COMMENT '刪）每学期最多选修学分',
  `maxClasses` varchar(45) DEFAULT NULL COMMENT '刪）每学期最多选修课程门数',
  `startTime` datetime DEFAULT NULL COMMENT '刪）平台开放起始时间',
  `endTime` datetime DEFAULT NULL COMMENT '刪）平台开放结束时间',
  PRIMARY KEY (`terraceId`)
) ENGINE=InnoDB DEFAULT CHARSET=utf8mb4;

/*Data for the table `terrace` */

insert  into `terrace`(`terraceId`,`terraceName`,`minCredits`,`minClasses`,`maxCredits`,`maxClasses`,`startTime`,`endTime`) values ('05fceaed-9e79-11e7-bfbd-408d5ce8eb96','德玛西亚',NULL,NULL,NULL,NULL,NULL,NULL),('28842a4d-879d-11e7-85a7-408d5ce8eb96','日语学院',NULL,NULL,NULL,NULL,NULL,NULL),('44581b8b-978b-11e7-8989-408d5ce8eb96','选课系统',NULL,NULL,NULL,NULL,NULL,NULL),('bbdf1c4d-86d3-11e7-98c2-408d5ce8eb96','test平台',NULL,NULL,NULL,NULL,NULL,NULL),('d931469c-a3ff-11e7-b16f-408d5ce8eb96','===',NULL,NULL,NULL,NULL,NULL,NULL),('e2845cff-4aa8-11e7-8629-d8cb8ab8c894','宁夏理工',NULL,NULL,NULL,NULL,NULL,NULL),('f1202bf3-9de1-11e7-8ad7-408d5ce8eb96','阿萨德去',NULL,NULL,NULL,NULL,NULL,NULL);

/*Table structure for table `transferapply` */

DROP TABLE IF EXISTS `transferapply`;

CREATE TABLE `transferapply` (
  `transferid` varchar(45) NOT NULL COMMENT 'id',
  `studentId` varchar(45) DEFAULT NULL COMMENT '学生id',
  `term` varchar(45) DEFAULT NULL COMMENT '学期',
  `studentMajor` varchar(45) DEFAULT NULL COMMENT '专业',
  `otherMajor` varchar(45) DEFAULT NULL COMMENT '副专业',
  `reason` varchar(1500) DEFAULT NULL COMMENT '申请原因',
  `setdate` datetime DEFAULT NULL COMMENT '日期',
  `status` varchar(45) DEFAULT NULL COMMENT '审核状态(已通过 已驳回 待审核)',
  `reject` varchar(500) DEFAULT NULL COMMENT '拒绝原因',
  PRIMARY KEY (`transferid`)
) ENGINE=InnoDB DEFAULT CHARSET=utf8mb4;

/*Data for the table `transferapply` */

insert  into `transferapply`(`transferid`,`studentId`,`term`,`studentMajor`,`otherMajor`,`reason`,`setdate`,`status`,`reject`) values ('01f938b2-5570-11e7-9b65-00ac9c2c0afa','123','2017/2018第一学期','1101111','1101111','xgsdf sdffdsds vafdgdgdgdgdgdgdgdgdgdgdfsg dfsfddfgdfgfgdgf','2017-06-20 12:24:12','已通过',''),('57847648-8721-11e7-98c2-408d5ce8eb96','123','2016/2017第二学期','计算机科学技术','测量与控制','dfafdsfsdfsdfsdfs','2017-08-22 18:04:52','已通过','');

/*Table structure for table `user` */

DROP TABLE IF EXISTS `user`;

CREATE TABLE `user` (
  `userId` varchar(45) NOT NULL,
  `userName` varchar(45) DEFAULT NULL COMMENT '用户名',
  `password` blob COMMENT '用户密码,DES加密',
  `userEmail` varchar(45) DEFAULT NULL COMMENT '用户邮箱',
  `typeName` varchar(45) DEFAULT NULL COMMENT '类型名称:学生/教师/管理员',
  `isNeuNb` varchar(5) DEFAULT NULL COMMENT '是否是公司用户',
  `typeId` varchar(45) DEFAULT NULL COMMENT '类型ID,对应学生ID/教师ID/管理员ID',
  `roleId` varchar(45) DEFAULT NULL COMMENT '对应角色ID',
  `userStatus` varchar(5) DEFAULT NULL COMMENT '帐号状态：启用、停用',
  `codeContent` varchar(45) DEFAULT NULL COMMENT '邮箱验证码',
  `codeCreateDate` datetime DEFAULT NULL COMMENT '邮箱验证码的发送时间',
  `codePhone` varchar(45) DEFAULT NULL COMMENT '手机验证码',
  `codePhoneDate` datetime DEFAULT NULL COMMENT '手机验证码的发送时间',
  `codeEmail` varchar(45) DEFAULT NULL COMMENT '邮箱验证码',
  `codeEmailDate` datetime DEFAULT NULL COMMENT '邮箱验证码的发送时间',
  PRIMARY KEY (`userId`),
  KEY `roleId` (`roleId`),
  CONSTRAINT `user_ibfk_1` FOREIGN KEY (`roleId`) REFERENCES `role` (`roleId`) ON DELETE NO ACTION
) ENGINE=InnoDB DEFAULT CHARSET=utf8 COMMENT='用户表';

/*Data for the table `user` */

insert  into `user`(`userId`,`userName`,`password`,`userEmail`,`typeName`,`isNeuNb`,`typeId`,`roleId`,`userStatus`,`codeContent`,`codeCreateDate`,`codePhone`,`codePhoneDate`,`codeEmail`,`codeEmailDate`) values ('','luyu',NULL,NULL,NULL,NULL,NULL,NULL,NULL,NULL,NULL,NULL,NULL,NULL,NULL),('020410db-2999-11e7-adb7-00ac9c2c0afa','3300000','2ar$ixզ','710140038@qq.com','学生','否','fda18747-0bbc-11e7-9a3a-085700e51ea8','fe4a185d-0d4a-11e7-b2fe-00ac9c2c0afa','启用',NULL,NULL,NULL,NULL,NULL,NULL),('02895363-2700-11e7-a449-00ac9c2c0afa','5211314','2ar$ixզ','6','学生','否','53fb2bbd-0cda-42ef-b13a-a72da0f6e00b','ebf0cc00-2335-11e7-a910-00ac9c2c0afa','启用',NULL,NULL,NULL,NULL,NULL,NULL),('05b72053-35e6-11e7-b7a0-00ac9c2c0afa','23121','2ar$ixզ','132','学生','否','ff00ffb6-2635-4eee-b069-4b19ec20aa73','ebf0cc00-2335-11e7-a910-00ac9c2c0afa','启用',NULL,NULL,NULL,NULL,NULL,NULL),('09085b9e-3fa7-11e7-a6e6-00ac9c2c0afa','1670122','2ar$ixզ','2854478196@qq.com','学生','否','b4b7890a-390b-4d76-b269-ee1529fbc1ef','ebf0cc00-2335-11e7-a910-00ac9c2c0afa','启用',NULL,NULL,NULL,NULL,NULL,NULL),('0d2e3e48-392a-11e7-9e12-00ac9c2c0afa','1670801-t','2ar$ixզ','yao211x@qq.com','教师','否','c4f50eb5-9a66-4e51-9d88-f44275e90b0c','fe4a185d-0d4a-11e7-b2fe-00ac9c2c0afa','启用',NULL,NULL,NULL,NULL,NULL,NULL),('13254654-0921-11e7-8be9-00ac2794c53f','156456','2ar$ixզ','1258463@qq.com','教师','否','c31347a8-96f3-43df-9c69-2372b7978dce','c8a698e9-3ad4-11e7-9360-00ac9c2c0afa','启用',NULL,NULL,NULL,NULL,NULL,NULL),('1bd8b1f0-4f39-11e7-a1c4-00ac9c2c0afa','1670801','e9&].6-?\0pOxA@J0','yao211x@qq.com','学生','否','43123b8c-0df9-461b-abfe-b4b78b19e450','ebf0cc00-2335-11e7-a910-00ac9c2c0afa','启用','您的验证码是787882','2017-07-10 15:49:48',NULL,NULL,NULL,NULL),('1d5b6453-8300-11e7-899e-408d5ce8eb96','qingyu','(k[/d;	#jޗ m\'ң','123@qq.com','学生','是','6d182dfc-82ff-11e7-899e-408d5ce8eb96',NULL,'启用','您的验证码是521159','2017-08-17 11:57:58','您的验证码是387585','2017-08-17 17:30:16','您的验证码是140300','2017-08-17 16:29:55'),('224b8a4d-298d-11e7-adb7-00ac9c2c0afa','123','2ar$ixզ','1@qq.com','管理员','否','0d273313-f761-4d58-95fa-fcfc23eb619b','fe4a185d-0d4a-11e7-b2fe-00ac9c2c0afa','启用',NULL,NULL,NULL,NULL,NULL,NULL),('26055f04-298d-11e7-adb7-00ac9c2c0afa','2','2ar$ixզ','1@qq.com','管理员','否','1ab85022-d254-403d-8079-22d02050e264','fe4a185d-0d4a-11e7-b2fe-00ac9c2c0afa','启用',NULL,NULL,NULL,NULL,NULL,NULL),('275a4b99-84c1-11e7-8102-408d5ce8eb96','testadmin','<m,ɂ(!oAe7%','15841676699@163.com','管理员','否','0aadf383-d575-401b-ad31-fce7429ce33d','29a6c777-86d6-11e7-98c2-408d5ce8eb96','启用',NULL,NULL,NULL,NULL,NULL,NULL),('291ae422-8899-11e7-beae-408d5ce8eb96','930524','2ar$ixզ','1085174565@qq.com','学生','否','29f71fd1-7ba4-453b-be21-bb26f73c11b3','ebf0cc00-2335-11e7-a910-00ac9c2c0afa','启用',NULL,NULL,NULL,NULL,NULL,NULL),('29e400f1-298d-11e7-adb7-00ac9c2c0afa','12','2ar$ixզ','1@qq.com','管理员','否','e75dfe80-b290-4ca6-b5b8-60f872d3d448','fe4a185d-0d4a-11e7-b2fe-00ac9c2c0afa','启用',NULL,NULL,NULL,NULL,NULL,NULL),('2e304911-298d-11e7-adb7-00ac9c2c0afa','3','2ar$ixզ','1@qq.com','管理员','否','f12c1aee-63cb-48ff-af1f-22053810b5d4','fe4a185d-0d4a-11e7-b2fe-00ac9c2c0afa','启用',NULL,NULL,NULL,NULL,NULL,NULL),('2f9f7ca0-45a2-11e7-a0d1-00ac9c2c0afa','20130055','2ar$ixզ','561321321@qq.com','学生','否','b3b179b6-e7f9-471a-a537-51f8e8f1113d','fe4a185d-0d4a-11e7-b2fe-00ac9c2c0afa','启用',NULL,NULL,NULL,NULL,NULL,NULL),('31c32120-3926-11e7-9e12-00ac9c2c0afa','1670801','e9&].6-?\0pOxA@J0','yao211x@qq.com','教师','否','c465561b-27f4-42f5-83c8-59f08eb12738','c8a698e9-3ad4-11e7-9360-00ac9c2c0afa','启用','您的验证码是787882','2017-07-10 15:49:48',NULL,NULL,NULL,NULL),('3422b9ff-4f40-11e7-a1c4-00ac9c2c0afa','1670801','e9&].6-?\0pOxA@J0','yao211x@qq.com','学生','否','4511df32-40eb-463e-8fee-bc01a9111bc1','ebf0cc00-2335-11e7-a910-00ac9c2c0afa','启用','您的验证码是787882','2017-07-10 15:49:48',NULL,NULL,NULL,NULL),('3831be98-298d-11e7-adb7-00ac9c2c0afa','1111','2ar$ixզ','1@qq.com','管理员','否','8c8cb61f-f985-4bdd-ba69-4b3cbac103d6','fe4a185d-0d4a-11e7-b2fe-00ac9c2c0afa','启用',NULL,NULL,NULL,NULL,NULL,NULL),('3e0dd46b-5e2b-11e7-bdf5-00ac9c2c0afa','12314237890','2ar$ixզ','yao211x@qq.com','教师','否','93a82b24-0b35-43f6-84b1-22a803a84784','c8a698e9-3ad4-11e7-9360-00ac9c2c0afa','启用',NULL,NULL,NULL,NULL,NULL,NULL),('3ec01177-298d-11e7-adb7-00ac9c2c0afa','44','2ar$ixզ','1@qq.com','管理员','否','e2df3ddf-9c8d-444d-950e-ffb8fcfaab91','fe4a185d-0d4a-11e7-b2fe-00ac9c2c0afa','启用',NULL,NULL,NULL,NULL,NULL,NULL),('406d7acb-2a4d-11e7-8f54-00ac9c2c0afa','cp3','2ar$ixզ','1@qq.com','管理员','否','85651b49-28bb-4377-9841-8e3dacd99bd7','fe4a185d-0d4a-11e7-b2fe-00ac9c2c0afa','启用',NULL,NULL,NULL,NULL,NULL,NULL),('4107b8c0-4fea-11e7-b3db-00ac9c2c0afa','111','2ar$ixզ','462426398@qq.com','教师','否','b6f65007-b6cf-431b-88b1-b7d1645ebae5','c8a698e9-3ad4-11e7-9360-00ac9c2c0afa','启用',NULL,NULL,NULL,NULL,NULL,NULL),('437e8339-1f46-11e7-9c14-00ac9c2c0afa','1670814','2ar$ixզ',NULL,'学生','否','924e9467-2ac1-43ac-9ca6-8cdf1bf16173','ebf0cc00-2335-11e7-a910-00ac9c2c0afa','启用',NULL,NULL,NULL,NULL,NULL,NULL),('45268645-36b5-11e7-b12e-00ac9c2c0afa','1670801','e9&].6-?\0pOxA@J0','yao211x@qq.com','学生','否','2263c922-4497-4026-9d1f-a6bc20e938ea','ebf0cc00-2335-11e7-a910-00ac9c2c0afa','启用','您的验证码是787882','2017-07-10 15:49:48',NULL,NULL,NULL,NULL),('50978092-2999-11e7-adb7-00ac9c2c0afa','333333333','2ar$ixզ','','学生','否','446aad38-3865-41ef-9d3b-285fcea986ef','ebf0cc00-2335-11e7-a910-00ac9c2c0afa','启用',NULL,NULL,NULL,NULL,NULL,NULL),('545','12345','2ar$ixզ','yao211x@qq.com','学生','否','12345','ebf0cc00-2335-11e7-a910-00ac9c2c0afa','启用',NULL,NULL,'您的验证码是227227','2017-06-12 15:38:12',NULL,NULL),('5fde2b11-36b8-11e7-b12e-00ac9c2c0afa','test1','2ar$ixզ','2854478196@qq.com','学生','否','b4b7890a-390b-4d76-b269-ee1529fbc1ef','ebf0cc00-2335-11e7-a910-00ac9c2c0afa','启用','您的验证码是751320','2017-06-06 16:36:14',NULL,NULL,NULL,NULL),('6a2c78ea-299a-11e7-adb7-00ac9c2c0afa','1','2ar$ixզ','','管理员','否','8bda57bd-64e2-4f8d-9d8e-6ce443ca512f','fe4a185d-0d4a-11e7-b2fe-00ac9c2c0afa','启用',NULL,NULL,NULL,NULL,NULL,NULL),('6ce125c1-4b4f-11e7-a96a-00ac9c2c0afa','261405118','2ar$ixզ','564335@qq.com','教师','否','81fdf5c6-c728-45a8-a725-053493f55ea8','c8a698e9-3ad4-11e7-9360-00ac9c2c0afa','启用',NULL,NULL,NULL,NULL,NULL,NULL),('780990a7-299a-11e7-adb7-00ac9c2c0afa','111111','2ar$ixզ','','教师','是','70e23f5d-1a53-4e8f-a96b-461f074ba7a5','c8a698e9-3ad4-11e7-9360-00ac9c2c0afa','停用',NULL,NULL,NULL,NULL,NULL,NULL),('8d9bbcbb-ba1a-11e7-8c74-00acc501c3ab','110','2ar$ixզ','108584756@qq.com','学生','否','ba0fad8a-afd1-4bde-8fe8-edb16bba3956','ebf0cc00-2335-11e7-a910-00ac9c2c0afa','启用',NULL,NULL,NULL,NULL,NULL,NULL),('90a3bb1e-a27f-11e7-9ac9-408d5ce8eb96','2654','2ar$ixզ','108547@qq.com','学生','否','cd0b17fc-a968-4669-9365-b712310e7e80','ebf0cc00-2335-11e7-a910-00ac9c2c0afa','启用',NULL,NULL,NULL,NULL,NULL,NULL),('95ab0e25-2998-11e7-adb7-00ac9c2c0afa','11','2ar$ixզ','','教师','否','a912d48c-310d-4f21-9ea5-647c0fe7a626','c8a698e9-3ad4-11e7-9360-00ac9c2c0afa','启用',NULL,NULL,NULL,NULL,NULL,NULL),('95f8987f-392a-11e7-9e12-00ac9c2c0afa','1670801','e9&].6-?\0pOxA@J0','yao211x@qq.com','学生','否','1858608c-2137-4b47-8525-f437e2d3e89d','fe4a185d-0d4a-11e7-b2fe-00ac9c2c0afa','启用','您的验证码是787882','2017-07-10 15:49:48',NULL,NULL,NULL,NULL),('9a8020b0-4f38-11e7-a1c4-00ac9c2c0afa','20121209021076','2ar$ixզ','yao211x@qq.com','教师','否','5cf22248-6d22-4375-8cfe-26a6506071b5','c8a698e9-3ad4-11e7-9360-00ac9c2c0afa','启用',NULL,NULL,NULL,NULL,NULL,NULL),('9aea822b-8609-11e7-89db-408d5ce8eb96','4234234234','2ar$ixզ','2323@163.com','教师','否','ed9e0ce2-ffd5-469c-b2ce-2483f050c903','c8a698e9-3ad4-11e7-9360-00ac9c2c0afa','启用',NULL,NULL,NULL,NULL,NULL,NULL),('9bebe47c-4f35-11e7-a1c4-00ac9c2c0afa','1670801','e9&].6-?\0pOxA@J0','yao211x@qq.com','学生','否','c2a6a37a-311f-4c32-babc-f38a06c05c5b','fe4a185d-0d4a-11e7-b2fe-00ac9c2c0afa','启用','您的验证码是787882','2017-07-10 15:49:48',NULL,NULL,NULL,NULL),('a7f654b9-1f49-11e7-9c14-00ac9c2c0afa','test3','2ar$ixզ','710140038@qq.com','管理员','否','1c9b9654-f2a2-49d6-af91-971f0ee80c43','fe4a185d-0d4a-11e7-b2fe-00ac9c2c0afa','启用',NULL,NULL,'您的验证码是283734','2017-04-14 17:48:07','您的验证码是318625','2017-04-14 17:58:40'),('a848ebe5-3929-11e7-9e12-00ac9c2c0afa','lisy_admin','2ar$ixզ','yao211x@qq.com','管理员','否','92a961d7-2ef4-4ad9-a06b-3e2eb5f672e7','fe4a185d-0d4a-11e7-b2fe-00ac9c2c0afa','启用',NULL,NULL,NULL,NULL,NULL,NULL),('a8c0-00ac9c2c0afa','1234','2ar$ixզ','','教师','否','1234','c8a698e9-3ad4-11e7-9360-00ac9c2c0afa','启用',NULL,NULL,NULL,NULL,NULL,NULL),('acee8764-36b9-11e7-b12e-00ac9c2c0afa','1670801','e9&].6-?\0pOxA@J0','测试','学生','否','32334cbe-4a5d-4213-be8a-11118e49bb62','ebf0cc00-2335-11e7-a910-00ac9c2c0afa','启用',NULL,NULL,NULL,NULL,NULL,NULL),('b0a7d78e-5d3f-11e7-8574-00ac9c2c0afa','12332111','2ar$ixզ','1@qq.com','管理员','否','0d089548-45e4-44fc-b578-54934c10b32a','fe4a185d-0d4a-11e7-b2fe-00ac9c2c0afa','启用',NULL,NULL,NULL,NULL,NULL,NULL),('b376120d-2efe-11e7-aa3d-00ac9c2c0afa','120054','2ar$ixզ','','学生','否','79f86a0b-65a2-42d5-a9f2-3ea46c6c1d44','ebf0cc00-2335-11e7-a910-00ac9c2c0afa','启用',NULL,NULL,NULL,NULL,NULL,NULL),('b69d5e95-3a1d-11e7-b0f2-00ac9c2c0afa','123456','2ar$ixզ','11@qq.com','学生','否','123','ebf0cc00-2335-11e7-a910-00ac9c2c0afa','启用','您的验证码是157802','2017-09-20 13:53:17','您的验证码是976946','2017-09-20 14:53:01','您的验证码是055001','2017-09-20 14:38:30'),('b794eeb2-2efe-11e7-aa3d-00ac9c2c0afa','301','2ar$ixզ','243912@qq.com','学生','否','29','ebf0cc00-2335-11e7-a910-00ac9c2c0afa','启用',NULL,NULL,NULL,NULL,NULL,NULL),('bb699d0e-2efe-11e7-aa3d-00ac9c2c0afa','111111','2ar$ixզ','435725120@qq.com','学生','否','7b92b76a-bad7-4fa2-b31e-3753c3b02ecf','ebf0cc00-2335-11e7-a910-00ac9c2c0afa','启用','您的验证码是742999','2017-09-20 14:15:52',NULL,NULL,NULL,NULL),('bc2b229a-84bf-11e7-8102-408d5ce8eb96','110510032','2ar$ixզ','15841663300@163.com','学生','否','4bcb6571-ae14-458b-bddd-75ae80cffa98','ebf0cc00-2335-11e7-a910-00ac9c2c0afa','启用',NULL,NULL,NULL,NULL,NULL,NULL),('be3caba1-2efe-11e7-aa3d-00ac9c2c0afa','111111111111111111','2ar$ixզ','','学生','否','6029932f-22f8-4860-8339-587afd8364fe','ebf0cc00-2335-11e7-a910-00ac9c2c0afa','启用',NULL,NULL,NULL,NULL,NULL,NULL),('beb318e0-42b6-11e7-a8c0-00ac9c2c0afa','1212101','2ar$ixզ','435725120@qq.com','教师','否','778edf0c-a239-4624-abd6-532aea8c4a65','fe4a185d-0d4a-11e7-b2fe-00ac9c2c0afa','启用','您的验证码是337541','2017-09-20 14:08:25','13846529818',NULL,NULL,NULL),('bfa48510-8608-11e7-89db-408d5ce8eb96','220520032','2ar$ixզ','1111@163.com','教师','否','d90d112e-32c0-43f2-9633-3b7ab5f14a53','83392b4e-86e2-11e7-98c2-408d5ce8eb96','启用',NULL,NULL,NULL,NULL,NULL,NULL),('c3e9f50c-9db5-11e7-8ad7-408d5ce8eb96','001001','2ar$ixզ','4365725120@qq.com','学生','否','2f4959bb-e2c4-4a24-bbb1-5ab654e4085b','ebf0cc00-2335-11e7-a910-00ac9c2c0afa','启用',NULL,NULL,NULL,NULL,NULL,NULL),('c4bc94ee-1f47-11e7-9c14-00ac9c2c0afa','test2','2ar$ixզ','710140038@qq.com','教师','否','f5450b1f-3bd1-4e43-aff1-80f93f5e905b','c8a698e9-3ad4-11e7-9360-00ac9c2c0afa','启用','您的验证码是807877','2017-08-16 17:01:54','您的验证码是213852','2017-06-07 15:48:57','您的验证码是870025','2017-04-14 18:15:04'),('cb1deb03-3929-11e7-9e12-00ac9c2c0afa','lu111','2ar$ixզ','1@qq.com','管理员','否','ce724ea8-39f8-44dc-8937-de61fe29aacd','fe4a185d-0d4a-11e7-b2fe-00ac9c2c0afa','启用','您的验证码是607053','2017-08-16 17:03:50',NULL,NULL,NULL,NULL),('cbd9ce0e-a1c3-11e7-ace9-408d5ce8eb96','0001','2ar$ixզ','108514747@qq.com','教师','否','e8962d1a-11b7-4785-b3c4-043b0b14770c','c8a698e9-3ad4-11e7-9360-00ac9c2c0afa','启用',NULL,NULL,NULL,NULL,NULL,NULL),('d85a3291-4aad-11e7-b97b-00ac9c2c0afa','20130057','2ar$ixզ','35469@qq.com','学生','否','907efead-f175-4280-a50a-f4d0bd530c12','fe4a185d-0d4a-11e7-b2fe-00ac9c2c0afa','启用',NULL,NULL,NULL,NULL,NULL,NULL),('dab26913-42b6-11e7-a8c0-00ac9c2c0afa','1212102','2ar$ixզ','','教师','否','1ae1dd7d-a458-40bd-b61f-4c1968bbbca6','c8a698e9-3ad4-11e7-9360-00ac9c2c0afa','启用',NULL,NULL,NULL,NULL,NULL,NULL),('e2610e3a-4f3f-11e7-a1c4-00ac9c2c0afa','1670801','e9&].6-?\0pOxA@J0','yao211x@qq.com','学生','否','e0583d5a-67f9-4b58-a63d-8e025a54979b','ebf0cc00-2335-11e7-a910-00ac9c2c0afa','启用','您的验证码是787882','2017-07-10 15:49:48',NULL,NULL,NULL,NULL),('e2e06016-3929-11e7-9e12-00ac9c2c0afa','123321','2ar$ixզ','435725120@qq.com','学生','否','b36aeb0b-8916-4e0a-84bc-2a230cacb07f','ebf0cc00-2335-11e7-a910-00ac9c2c0afa','启用','您的验证码是800794','2017-09-20 14:05:12',NULL,NULL,NULL,NULL),('ed15f9f3-99c7-11e7-bd45-408d5ce8eb96','001','2ar$ixզ','108547546@qq.com','学生','否','3c01dbf3-b6b6-4f0b-b095-639d1f45fa0a','ebf0cc00-2335-11e7-a910-00ac9c2c0afa','启用',NULL,NULL,NULL,NULL,NULL,NULL),('ed5d7a49-4b4d-11e7-a96a-00ac9c2c0afa','gq','2ar$ixզ','564335@qq.com','管理员','否','5f52401d-0114-42b6-9a1d-8b05ad2a614a','fe4a185d-0d4a-11e7-b2fe-00ac9c2c0afa','启用',NULL,NULL,NULL,NULL,NULL,NULL),('edbc4023-992c-11e7-bfa0-408d5ce8eb96','000001','2ar$ixզ','435725120@qq.com','学生','否','4bba2967-ec4d-4397-874f-dacb24d979a6','ebf0cc00-2335-11e7-a910-00ac9c2c0afa','启用',NULL,NULL,NULL,NULL,NULL,NULL),('f9b11026-26fe-11e7-a449-00ac9c2c0afa','521','2ar$ixզ','4','学生','否','71dbc99c-2d66-4c66-8f83-e25849ed8611','ebf0cc00-2335-11e7-a910-00ac9c2c0afa','启用',NULL,NULL,NULL,NULL,NULL,NULL),('fca3b7d9-0921-11e7-8be9-00ac2794c53f','admin','2ar$ixզ','1@qq.com','管理员','是','管理员','195501cf-00b1-11e7-829b-00ac2794c53f','启用','您的验证码是849712','2017-08-16 16:58:18','您的验证码是622982','2017-08-17 17:08:45',NULL,NULL);

/*Table structure for table `wordbook` */

DROP TABLE IF EXISTS `wordbook`;

CREATE TABLE `wordbook` (
  `wordbookId` varchar(45) NOT NULL,
  `wordbookKey` varchar(45) DEFAULT NULL COMMENT '字典的键',
  `wordbookValue` varchar(200) DEFAULT NULL COMMENT '字典的值',
  `createMan` varchar(200) DEFAULT NULL,
  `createDate` datetime DEFAULT NULL,
  `updateMan` varchar(45) DEFAULT NULL,
  `updateDate` datetime DEFAULT NULL,
  PRIMARY KEY (`wordbookId`)
) ENGINE=InnoDB DEFAULT CHARSET=utf8 COMMENT='字典表';

/*Data for the table `wordbook` */

insert  into `wordbook`(`wordbookId`,`wordbookKey`,`wordbookValue`,`createMan`,`createDate`,`updateMan`,`updateDate`) values ('08ee45ce-a3f1-11e7-b16f-408d5ce8eb96','学院','计算机学院','admin','2017-09-28 10:02:09',NULL,NULL),('123','当前学期','2016/2017第二学期',NULL,NULL,NULL,NULL),('27358ab4-2fa6-11e7-9817-00ac9c2c0afa','课程类别一','通识必修','test1','2017-05-03 10:13:52',NULL,NULL),('331b84ea-2fa6-11e7-9817-00ac9c2c0afa','课程类别一','学院层面必修','test1','2017-05-03 10:14:12',NULL,NULL),('38ff5109-49a3-11e7-9cf7-00ac9c2c0af2','排课错误信息','0','0正常,-101教室资源不足,-102未设置每周上课天数,-103未设置每天上课节数,-104未设置教学起始周,-105未设置当前学期,-106未设置动态规则惩罚值-110未知错误','2017-06-05 11:58:24',NULL,NULL),('38ff5109-49a3-11e7-9cf7-00ac9c2c0afa','排课状态','3','0未开始,1准备开始,2开始排课,3排课结束,4排课错误','2017-06-05 11:58:24',NULL,NULL),('39041296-2fa6-11e7-9817-00ac9c2c0afa','课程类别一','专业内必修','test1','2017-05-03 10:14:22',NULL,NULL),('3db96fbb-981d-11e7-a287-408d5ce8eb96','日语学院','日语商学院','admin','2017-09-13 08:48:21',NULL,NULL),('3ee92629-09f1-11e7-982e-00ac2794c53f','教室类型','多媒体教室','admin','2017-03-16 10:35:40',NULL,NULL),('41836123-2fa6-11e7-9817-00ac9c2c0afa','课程类别一','选修','test1','2017-05-03 10:14:36',NULL,NULL),('4c39023a-2fa6-11e7-9817-00ac9c2c0afa','课程类别一','工科类','test1','2017-05-03 10:14:54',NULL,NULL),('50388b00-8617-11e7-89db-408d5ce8eb96','专业','语文','admin','2017-08-21 10:20:34',NULL,NULL),('509b8ebe-981d-11e7-a287-408d5ce8eb96','日语大学院','日语商学院','admin','2017-09-13 08:48:53',NULL,NULL),('51dbe218-2fa6-11e7-9817-00ac9c2c0afa','课程类别一','文科类','test1','2017-05-03 10:15:04',NULL,NULL),('58b909be-8617-11e7-89db-408d5ce8eb96','专业','数学','admin','2017-08-21 10:20:48',NULL,NULL),('5ac836c1-981d-11e7-a287-408d5ce8eb96','日语学院','日语商学院','admin','2017-09-13 08:49:10',NULL,NULL),('5afc75b8-a3f3-11e7-b16f-408d5ce8eb96','学院','应用技术学院','admin','2017-09-28 10:18:45',NULL,NULL),('5e5201c0-49b9-11e7-9cf7-00ac9c2c0afa','排课开始时间','2017-08-01 11:54:12','admin','2017-06-05 14:36:55','1234','2017-09-28 11:54:24'),('6ab8de7d-8617-11e7-89db-408d5ce8eb96','专业','数学','admin','2017-08-21 10:21:19',NULL,NULL),('6d02c934-49b9-11e7-9cf7-00ac9c2c0afa','排课结束时间','2017-12-12 11:55:12','admin','2017-06-05 14:37:20','1234','2017-09-28 11:54:24'),('8d39edf4-09f0-11e7-9640-00ac2794c53f','校区','宁夏理工学院','admin','2017-03-16 10:30:42',NULL,NULL),('9af79998-3a11-11e7-b0f2-00ac9c2c0afa','调剂结束时间','2017-10-29 20:21:05','admin','2017-05-16 16:28:14','admin','2017-10-26 14:58:51'),('9af80fa3-3a11-11e7-b0f2-00ac9c2c0afa','调剂开始时间','2017-10-29 05:41:00','admin','2017-05-16 16:28:14','admin','2017-10-26 14:58:51'),('9af88cf7-3a11-11e7-b0f2-00ac9c2c0afa','其他专业课程选课结束时间','2017-10-28 13:22:56','admin','2017-05-16 16:28:14','admin','2017-10-26 14:58:51'),('9af8eee2-3a11-11e7-b0f2-00ac9c2c0afa','其他专业课程选课开始时间','2017-10-28 09:22:53','admin','2017-05-16 16:28:14','admin','2017-10-26 14:58:51'),('9af95afe-3a11-11e7-b0f2-00ac9c2c0afa','本专业课程选课结束时间','2017-10-27 23:22:30','admin','2017-05-16 16:28:14','admin','2017-10-26 14:58:51'),('9af9bd2a-3a11-11e7-b0f2-00ac9c2c0afa','本专业课程选课开始时间','2017-10-01 17:42:04','admin','2017-05-16 16:28:14','admin','2017-10-26 14:58:51'),('9afa1ca7-3a11-11e7-b0f2-00ac9c2c0afa','辅修选课开始时间','2017-10-01 08:37:23','admin','2017-05-16 16:28:14','admin','2017-10-26 14:58:51'),('9afa7127-3a11-11e7-b0f2-00ac9c2c0afa','调剂确认开始时间','2017-10-30 10:22:54','admin','2017-05-16 16:28:14','admin','2017-10-26 14:58:51'),('9afa7127-3a11-11e7-b0f2-00ac9c2c0wew','调剂确认结束时间','2017-10-30 15:21:53','admin','2017-05-16 16:28:14','admin','2017-10-26 14:58:51'),('9afa7bb7-3a11-11e7-b0f2-00ac9c2c0afa','辅修选课结束时间','2017-10-27 17:33:37','admin','2017-05-16 16:28:14','admin','2017-10-26 14:58:51'),('cf3d65c9-39da-11e7-b0f2-00ac9c2c0afa','最低学分','4','admin','2017-05-16 09:56:00','admin','2017-07-03 09:12:12'),('cf3dbe18-39da-11e7-b0f2-00ac9c2c0afa','最高学分','12.5','admin','2017-05-16 09:56:00','admin','2017-07-03 09:12:12'),('d8d9656d-09df-11e7-9640-00ac2794c53f','学院','马克思主义学院','admin','2017-03-16 08:31:07','test1','2017-04-25 16:21:08'),('ddf68751-4759-11e7-9460-00ac9c2c0afa','年级','2016','admin','2017-06-02 14:08:15',NULL,NULL),('e218e729-4759-11e7-9460-00ac9c2c0afa','年级','2017','admin','2017-06-02 14:08:22',NULL,NULL),('e26393ad-09df-11e7-9640-00ac2794c53f','年级','2015','admin','2017-03-16 08:31:23','admin','2017-03-16 09:54:06'),('e5727760-0ae3-11e7-8a10-00ac2794c53f','学习形式','普通全日制','admin','2017-03-17 15:32:38',NULL,NULL),('f217b200-09fb-11e7-982e-00ac2794c530','课程类别五','国际化类',NULL,NULL,NULL,NULL),('f217b200-09fb-11e7-982e-00ac2794c531','课程类别五','艺术类',NULL,NULL,NULL,NULL),('f217b200-09fb-11e7-982e-00ac2794c532','课程类别五','体育专项类',NULL,NULL,NULL,NULL),('f217b200-09fb-11e7-982e-00ac2794c534','课程类别五','文化与科技类',NULL,NULL,NULL,NULL),('f217b200-09fb-11e7-982e-00ac2794c535','课程类别五','语言文学类',NULL,NULL,NULL,NULL),('f217b200-09fb-11e7-982e-00ac2794c536','课程类别五','课程类',NULL,NULL,NULL,NULL),('f217b200-09fb-11e7-982e-00ac2794c537','课程类别五','人文科学类',NULL,NULL,NULL,NULL),('f217b200-09fb-11e7-982e-00ac2794c538','课程类别五','艺术与体育类',NULL,NULL,NULL,NULL),('f217b200-09fb-11e7-982e-00ac2794c539','课程类别五','计算机科学类',NULL,NULL,NULL,NULL),('f217b200-09fb-11e7-982e-00ac2794c53f0','课程类别五','社会科学类',NULL,NULL,NULL,NULL),('f217b200-09fb-11e7-982e-00ac2794c53f1','课程类别三','课程课','admin',NULL,NULL,NULL),('f217b200-09fb-11e7-982e-00ac2794c53f2','课程类别三','实践课','admin',NULL,NULL,NULL),('f217b200-09fb-11e7-982e-00ac2794c53f3','课程类别四','普通课','admin',NULL,NULL,NULL),('f217b200-09fb-11e7-982e-00ac2794c53f4','课程类别四','上机课','admin',NULL,NULL,NULL),('f217b200-09fb-11e7-982e-00ac2794c53f5','课程类别四','实验课','admin',NULL,NULL,NULL),('f217b200-09fb-11e7-982e-00ac2794c53f6','课程类别四','实训课','admin',NULL,NULL,NULL),('f217b200-09fb-11e7-982e-00ac2794c53f7','课程类别四','体育课','admin',NULL,NULL,NULL),('f217b200-09fb-11e7-982e-00ac2794c53f8','课程类别四','外语课','admin',NULL,NULL,NULL),('f217b200-09fb-11e7-982e-00ac2794c53f9','课程类别五','自然科学类',NULL,NULL,NULL,NULL),('f217b200-09fb-11e7-982e-00ac2794c53f92','考核方式','笔试',NULL,NULL,NULL,NULL),('f217b200-09fb-11e7-982e-00ac2794c53f93','考核方式','上机',NULL,NULL,NULL,NULL),('f33faaa4-0ae3-11e7-8a10-00ac2794c53f','学习形式','普通非全日制','admin','2017-03-17 15:33:01',NULL,NULL),('f66a6aed-39fe-11e7-b0f2-00ac9c2c0afa','教材自助缴费开始时间','2017-09-26 10:31:19','admin','2017-05-16 14:14:47','admin','2017-09-26 15:59:53'),('f66b0ceb-39fe-11e7-b0f2-00ac9c2c0afa','教材自助缴费结束时间','2017-09-28 10:31:20','admin','2017-05-16 14:14:47','admin','2017-09-26 15:59:53'),('fbe82f5d47-09fb-11e7-982e-00ac2794c53f','培养层次','本科',NULL,NULL,NULL,NULL),('fbe8f2d47-09fb-11e7-982e-00ac2794c53f','学科','语文',NULL,NULL,NULL,NULL),('fbe8f5d347-091fb-11e7-982e-00ac2794c53f','学科','地理',NULL,NULL,NULL,NULL),('fbe8f5d4-09fb-11e7-982e-00ac2794c53f','教室类型','一般教室','admin',NULL,NULL,NULL),('fbe8f5d427-091fb-11e7-982e-00ac2794c53f','学科','英语',NULL,NULL,NULL,NULL),('fbe8f5d44-09fb-11e7-982e-00ac2794c53f','教室类型','会议室',NULL,NULL,NULL,NULL),('fbe8f5d45-09fb-11e7-982e-00ac2794c53f','教学楼','大成',NULL,NULL,NULL,NULL),('fbe8f5d47-091fb-11e7-982e-00ac2794c53f','学科','数学',NULL,NULL,NULL,NULL),('fbe8f5d47-09fb-11e7-982e-00ac2794c53f','教学楼','冶金',NULL,NULL,NULL,NULL),('fbe8f5d47-209fb-11e7-982e-00ac271','退课开始时间','2017-10-31 13:56:17',NULL,NULL,'admin','2017-10-26 14:58:51'),('fbe8f5d47-209fb-11e7-982e-00ac272','退课结束时间','2017-10-31 15:18:04',NULL,NULL,'admin','2017-10-26 14:58:51'),('fbe8f5d47-209fb-11e7-982e-00ac2794c53a','选修开始时间','2017-01-01 00:00:00','admin','2017-04-20 16:51:44','admin','2017-09-27 14:08:10'),('fbe8f5d47-209fb-11e7-982e-00ac2794c53b','选修结束时间','2017-12-28 23:59:59','admin','2017-04-20 16:51:44','admin','2017-09-27 14:08:10'),('fbe8f5d47-209fb-11e7-982e-00ac2794c53c','辅修开始时间','2017-06-07 00:00:00','admin','2017-04-20 16:51:44','admin','2017-09-27 14:08:10'),('fbe8f5d47-209fb-11e7-982e-00ac2794c53d','辅修结束时间','2018-01-04 14:15:59','admin','2017-04-20 16:51:44','admin','2017-09-27 14:08:10'),('fbe8f5d47-209fb-11e7-982e-00ac2794c53f','培养层次','专科','admin',NULL,NULL,NULL),('ff056bd8-b932-11e7-8c74-00acc501c3ab','1','12','admin','2017-10-25 11:17:09',NULL,NULL);

/* Function  structure for function  `getMenuNameById` */

/*!50003 DROP FUNCTION IF EXISTS `getMenuNameById` */;
DELIMITER $$

/*!50003 CREATE DEFINER=`neunb`@`%` FUNCTION `getMenuNameById`(id VARCHAR(50)) RETURNS varchar(50) CHARSET utf8
BEGIN
	DECLARE result VARCHAR(50);
	SELECT `menuName` INTO result FROM menu WHERE `menuId`= id;
	RETURN result;
    END */$$
DELIMITER ;

/* Function  structure for function  `getRoleIdByName` */

/*!50003 DROP FUNCTION IF EXISTS `getRoleIdByName` */;
DELIMITER $$

/*!50003 CREATE DEFINER=`neunb`@`%` FUNCTION `getRoleIdByName`(rName VARCHAR(50)) RETURNS varchar(50) CHARSET utf8
BEGIN
	DECLARE result VARCHAR(50);
	SELECT `roleId` INTO result FROM role WHERE `roleName`= rName;
	RETURN result;
END */$$
DELIMITER ;

/* Procedure structure for procedure `forinsert` */

/*!50003 DROP PROCEDURE IF EXISTS  `forinsert` */;

DELIMITER $$

/*!50003 CREATE DEFINER=`neunb`@`%` PROCEDURE `forinsert`()
BEGIN
	declare i int;
	set i=1;
	while i<=20 do
		insert into message(messageId,messageTitle,messageContent,messageDate,isRead,receiverId,isDelete) 
			values(uuid(),'消息标题','消息内容消息内容消息内容消息内容',now(),'否','fca3b7d9-0921-11e7-8be9-00ac2794c53f','否');
		set i=i+1;
	end while;
END */$$
DELIMITER ;

/*Table structure for table `bookdistribution_info` */

DROP TABLE IF EXISTS `bookdistribution_info`;

/*!50001 DROP VIEW IF EXISTS `bookdistribution_info` */;
/*!50001 DROP TABLE IF EXISTS `bookdistribution_info` */;

/*!50001 CREATE TABLE  `bookdistribution_info`(
 `distributionId` varchar(45) ,
 `className` varchar(45) ,
 `bookid` varchar(45) ,
 `booktotalnum` int(10) ,
 `is_giveout` varchar(45) ,
 `semester` varchar(45) ,
 `is_now` varchar(45) ,
 `tmId` varchar(45) ,
 `name` varchar(45) ,
 `press` varchar(45) ,
 `edition` varchar(45) ,
 `booknumber` varchar(45) ,
 `price` varchar(45) ,
 `collegeName` varchar(45) ,
 `majorName` varchar(45) ,
 `gradeName` varchar(45) 
)*/;

/*Table structure for table `checkth` */

DROP TABLE IF EXISTS `checkth`;

/*!50001 DROP VIEW IF EXISTS `checkth` */;
/*!50001 DROP TABLE IF EXISTS `checkth` */;

/*!50001 CREATE TABLE  `checkth`(
 `teacherId` varchar(45) ,
 `teacherNumber` varchar(45) ,
 `teacherName` varchar(45) ,
 `department` varchar(45) ,
 `administrative` varchar(45) ,
 `teachUnit` varchar(45) ,
 `teachCollege` varchar(45) ,
 `teachMajor` varchar(45) ,
 `teachStatus` varchar(45) ,
 `teachArea` varchar(45) ,
 `phone` varchar(45) ,
 `email` varchar(45) ,
 `status` varchar(45) ,
 `spareTime` varchar(45) ,
 `mostClasses` varchar(45) ,
 `al_timeweek` varchar(45) ,
 `al_timepitch` varchar(45) ,
 `tc_teachodd` varchar(45) ,
 `tc_thweek_start` int(45) ,
 `tc_thweek_end` int(45) 
)*/;

/*Table structure for table `courseload` */

DROP TABLE IF EXISTS `courseload`;

/*!50001 DROP VIEW IF EXISTS `courseload` */;
/*!50001 DROP TABLE IF EXISTS `courseload` */;

/*!50001 CREATE TABLE  `courseload`(
 `majorName` varchar(45) ,
 `tcm_grade` varchar(45) ,
 `mtc_grade` varchar(45) ,
 `tcm_majorid` varchar(45) ,
 `tcm_tc_id` varchar(45) ,
 `tc_id` varchar(45) ,
 `courseId` varchar(45) ,
 `tc_class` varchar(45) ,
 `mtc_id` varchar(45) ,
 `majorId` varchar(45) ,
 `terraceId` varchar(45) ,
 `mtc_checkWay` varchar(45) ,
 `mtc_courseTerm` varchar(45) ,
 `mtc_majorWay` varchar(45) ,
 `mtc_note` varchar(45) ,
 `mtc_checkStatus` varchar(45) ,
 `mtc_isDelete` varchar(45) ,
 `tmId` varchar(45) ,
 `name` varchar(45) ,
 `press` varchar(45) ,
 `edition` varchar(45) ,
 `booknumber` varchar(45) ,
 `price` varchar(45) ,
 `tc_courseid` varchar(45) ,
 `tc_mainteacherid` varchar(45) ,
 `tc_classteacherid` varchar(45) ,
 `tc_numrange` varchar(45) ,
 `tc_teachway` varchar(45) ,
 `tc_thweek_start` int(45) ,
 `tc_thweek_end` int(45) ,
 `tc_teachodd` varchar(45) ,
 `tc_teachmore` varchar(45) ,
 `tc_checkType` varchar(45) ,
 `tc_checkStatus` varchar(45) ,
 `tc_studentnum` varchar(45) ,
 `teacherId` varchar(45) ,
 `teacherNumber` varchar(45) ,
 `teacherName` varchar(45) ,
 `department` varchar(45) ,
 `administrative` varchar(45) ,
 `teachUnit` varchar(45) ,
 `duty` varchar(45) ,
 `dutyDate` date ,
 `dutyLevel` varchar(45) ,
 `education` varchar(45) ,
 `educationMajor` varchar(45) ,
 `educationSchool` varchar(45) ,
 `educationStructure` varchar(45) ,
 `degree` varchar(45) ,
 `certificate` varchar(45) ,
 `teachDate` date ,
 `teachMajor` varchar(45) ,
 `teachSection` varchar(45) ,
 `teachStatus` varchar(45) ,
 `teachArea` varchar(45) ,
 `certificateLevel` varchar(45) ,
 `courseCode` varchar(45) ,
 `assumeUnit` varchar(45) ,
 `chineseName` varchar(45) ,
 `coursebookid` varchar(45) ,
 `issparecourse` varchar(45) ,
 `totalCredit` varchar(45) ,
 `totalTime` varchar(45) ,
 `courseCategory_3` varchar(45) ,
 `courseCategory_4` varchar(45) ,
 `courseCategory_5` varchar(45) ,
 `al_timeweek` varchar(45) ,
 `al_timepitch` varchar(45) ,
 `classroomId` varchar(45) ,
 `classroomName` varchar(45) ,
 `tcm_id` varchar(45) 
)*/;

/*Table structure for table `withdrawcourse_info` */

DROP TABLE IF EXISTS `withdrawcourse_info`;

/*!50001 DROP VIEW IF EXISTS `withdrawcourse_info` */;
/*!50001 DROP TABLE IF EXISTS `withdrawcourse_info` */;

/*!50001 CREATE TABLE  `withdrawcourse_info`(
 `scc` varchar(45) ,
 `studentId` varchar(45) ,
 `majorId` varchar(45) ,
 `courseId` varchar(45) ,
 `tc_id` varchar(45) ,
 `terraceId` varchar(45) ,
 `class` varchar(45) ,
 `studentNum` varchar(45) ,
 `teacherName` varchar(45) ,
 `courseCode` varchar(45) ,
 `chineseName` varchar(45) ,
 `term` varchar(45) ,
 `iscomfirm` varchar(10) ,
 `istiaojicomfirm` varchar(45) ,
 `isautotiaoji` int(10) ,
 `scc_status` varchar(45) ,
 `Areason` varchar(45) ,
 `Rreason` varchar(45) ,
 `terraceName` varchar(45) ,
 `courseCategory_3` varchar(45) ,
 `courseCategory_4` varchar(45) ,
 `courseCategory_5` varchar(45) ,
 `studentName` varchar(45) ,
 `majorName` varchar(45) ,
 `endTime` datetime ,
 `maxClasses` varchar(45) ,
 `maxCredits` varchar(45) ,
 `minClasses` varchar(45) ,
 `minCredits` varchar(45) ,
 `startTime` datetime 
)*/;

/*View structure for view bookdistribution_info */

/*!50001 DROP TABLE IF EXISTS `bookdistribution_info` */;
/*!50001 DROP VIEW IF EXISTS `bookdistribution_info` */;

/*!50001 CREATE ALGORITHM=UNDEFINED DEFINER=`neunb`@`%` SQL SECURITY DEFINER VIEW `bookdistribution_info` AS select `bookdistribution`.`distributionId` AS `distributionId`,`bookdistribution`.`className` AS `className`,`bookdistribution`.`bookid` AS `bookid`,`bookdistribution`.`booktotalnum` AS `booktotalnum`,`bookdistribution`.`is_giveout` AS `is_giveout`,`bookdistribution`.`semester` AS `semester`,`bookdistribution`.`is_now` AS `is_now`,`teachingmaterials`.`tmId` AS `tmId`,`teachingmaterials`.`name` AS `name`,`teachingmaterials`.`press` AS `press`,`teachingmaterials`.`edition` AS `edition`,`teachingmaterials`.`booknumber` AS `booknumber`,`teachingmaterials`.`price` AS `price`,`class`.`collegeName` AS `collegeName`,`class`.`majorName` AS `majorName`,`class`.`gradeName` AS `gradeName` from ((`bookdistribution` left join `class` on((`bookdistribution`.`className` = `class`.`className`))) left join `teachingmaterials` on((`bookdistribution`.`bookid` = `teachingmaterials`.`tmId`))) */;

/*View structure for view checkth */

/*!50001 DROP TABLE IF EXISTS `checkth` */;
/*!50001 DROP VIEW IF EXISTS `checkth` */;

/*!50001 CREATE ALGORITHM=UNDEFINED DEFINER=`neunb`@`%` SQL SECURITY DEFINER VIEW `checkth` AS (select `teacher`.`teacherId` AS `teacherId`,`teacher`.`teacherNumber` AS `teacherNumber`,`teacher`.`teacherName` AS `teacherName`,`teacher`.`department` AS `department`,`teacher`.`administrative` AS `administrative`,`teacher`.`teachUnit` AS `teachUnit`,`teacher`.`teachCollege` AS `teachCollege`,`teacher`.`teachMajor` AS `teachMajor`,`teacher`.`teachStatus` AS `teachStatus`,`teacher`.`teachArea` AS `teachArea`,`teacher`.`phone` AS `phone`,`teacher`.`email` AS `email`,`teacher`.`status` AS `status`,`teacher`.`spareTime` AS `spareTime`,`teacher`.`mostClasses` AS `mostClasses`,`arrangelesson`.`al_timeweek` AS `al_timeweek`,`arrangelesson`.`al_timepitch` AS `al_timepitch`,`teachtask`.`tc_teachodd` AS `tc_teachodd`,`teachtask`.`tc_thweek_start` AS `tc_thweek_start`,`teachtask`.`tc_thweek_end` AS `tc_thweek_end` from (((`teacher` left join `teachtask` on((convert(`teacher`.`teacherId` using utf8mb4) = `teachtask`.`tc_classteacherid`))) left join `arrangelesson` on((convert(`arrangelesson`.`tc_id` using utf8mb4) = `teachtask`.`tc_id`))) left join `arrangecourse` on((convert(`arrangelesson`.`acId` using utf8mb4) = `arrangecourse`.`acId`))) where ((`teacher`.`status` <> '离职') and (`arrangecourse`.`is_now` = 1) and (`teacher`.`isDelete` <> '是'))) */;

/*View structure for view courseload */

/*!50001 DROP TABLE IF EXISTS `courseload` */;
/*!50001 DROP VIEW IF EXISTS `courseload` */;

/*!50001 CREATE ALGORITHM=TEMPTABLE DEFINER=`neunb`@`%` SQL SECURITY DEFINER VIEW `courseload` AS select `major`.`majorName` AS `majorName`,`tcmajor`.`tcm_grade` AS `tcm_grade`,`majorterracecourse`.`mtc_grade` AS `mtc_grade`,`tcmajor`.`tcm_majorid` AS `tcm_majorid`,`tcmajor`.`tcm_tc_id` AS `tcm_tc_id`,`teachtask`.`tc_id` AS `tc_id`,`majorterracecourse`.`courseId` AS `courseId`,`teachtask`.`tc_class` AS `tc_class`,`majorterracecourse`.`mtc_id` AS `mtc_id`,`majorterracecourse`.`majorId` AS `majorId`,`majorterracecourse`.`terraceId` AS `terraceId`,`majorterracecourse`.`mtc_checkWay` AS `mtc_checkWay`,`majorterracecourse`.`mtc_courseTerm` AS `mtc_courseTerm`,`majorterracecourse`.`mtc_majorWay` AS `mtc_majorWay`,`majorterracecourse`.`mtc_note` AS `mtc_note`,`majorterracecourse`.`mtc_checkStatus` AS `mtc_checkStatus`,`majorterracecourse`.`mtc_isDelete` AS `mtc_isDelete`,`teachingmaterials`.`tmId` AS `tmId`,`teachingmaterials`.`name` AS `name`,`teachingmaterials`.`press` AS `press`,`teachingmaterials`.`edition` AS `edition`,`teachingmaterials`.`booknumber` AS `booknumber`,`teachingmaterials`.`price` AS `price`,`teachtask`.`tc_courseid` AS `tc_courseid`,`teachtask`.`tc_mainteacherid` AS `tc_mainteacherid`,`teachtask`.`tc_classteacherid` AS `tc_classteacherid`,`teachtask`.`tc_numrange` AS `tc_numrange`,`teachtask`.`tc_teachway` AS `tc_teachway`,`teachtask`.`tc_thweek_start` AS `tc_thweek_start`,`teachtask`.`tc_thweek_end` AS `tc_thweek_end`,`teachtask`.`tc_teachodd` AS `tc_teachodd`,`teachtask`.`tc_teachmore` AS `tc_teachmore`,`teachtask`.`tc_checkType` AS `tc_checkType`,`teachtask`.`tc_checkStatus` AS `tc_checkStatus`,`teachtask`.`tc_studentnum` AS `tc_studentnum`,`teacher`.`teacherId` AS `teacherId`,`teacher`.`teacherNumber` AS `teacherNumber`,`teacher`.`teacherName` AS `teacherName`,`teacher`.`department` AS `department`,`teacher`.`administrative` AS `administrative`,`teacher`.`teachUnit` AS `teachUnit`,`teacher`.`duty` AS `duty`,`teacher`.`dutyDate` AS `dutyDate`,`teacher`.`dutyLevel` AS `dutyLevel`,`teacher`.`education` AS `education`,`teacher`.`educationMajor` AS `educationMajor`,`teacher`.`educationSchool` AS `educationSchool`,`teacher`.`educationStructure` AS `educationStructure`,`teacher`.`degree` AS `degree`,`teacher`.`certificate` AS `certificate`,`teacher`.`teachDate` AS `teachDate`,`teacher`.`teachMajor` AS `teachMajor`,`teacher`.`teachSection` AS `teachSection`,`teacher`.`teachStatus` AS `teachStatus`,`teacher`.`teachArea` AS `teachArea`,`teacher`.`certificateLevel` AS `certificateLevel`,`course`.`courseCode` AS `courseCode`,`course`.`assumeUnit` AS `assumeUnit`,`course`.`chineseName` AS `chineseName`,`course`.`coursebookid` AS `coursebookid`,`course`.`issparecourse` AS `issparecourse`,`course`.`totalCredit` AS `totalCredit`,`course`.`totalTime` AS `totalTime`,`course`.`courseCategory_3` AS `courseCategory_3`,`course`.`courseCategory_4` AS `courseCategory_4`,`course`.`courseCategory_5` AS `courseCategory_5`,`arrangelesson`.`al_timeweek` AS `al_timeweek`,`arrangelesson`.`al_timepitch` AS `al_timepitch`,`arrangelesson`.`classroomId` AS `classroomId`,`arrangelesson`.`classroomName` AS `classroomName`,`tcmajor`.`tcm_id` AS `tcm_id` from (((((((`majorterracecourse` left join `course` on((`majorterracecourse`.`courseId` = `course`.`courseId`))) left join `major` on((`majorterracecourse`.`majorId` = convert(`major`.`majorId` using utf8mb4)))) left join `teachtask` on(((`majorterracecourse`.`courseId` = `teachtask`.`tc_courseid`) and (`majorterracecourse`.`mtc_courseTerm` = `teachtask`.`tc_semester`)))) join `tcmajor` on(((`tcmajor`.`tcm_tc_id` = `teachtask`.`tc_id`) and (`majorterracecourse`.`majorId` = `tcmajor`.`tcm_majorid`) and (`majorterracecourse`.`mtc_grade` = `tcmajor`.`tcm_grade`)))) left join `arrangelesson` on((`teachtask`.`tc_id` = convert(`arrangelesson`.`tc_id` using utf8mb4)))) left join `teacher` on((`teachtask`.`tc_classteacherid` = convert(`teacher`.`teacherId` using utf8mb4)))) left join `teachingmaterials` on((`course`.`sparecoursebookid` = `teachingmaterials`.`tmId`))) where ((`majorterracecourse`.`mtc_checkStatus` = '已通过') and (isnull(`majorterracecourse`.`mtc_isDelete`) or (`majorterracecourse`.`mtc_isDelete` = '否')) and (`teachtask`.`tc_checkStatus` = '已通过') and (isnull(`teachtask`.`tc_isDelete`) or (`teachtask`.`tc_isDelete` = '否')) and ((`course`.`issparecourse` = '0') or (isnull(`course`.`issparecourse`) and (`course`.`checkStatus` = '已通过'))) and (`major`.`checkStatus` = '已通过')) union select `major`.`majorName` AS `majorName`,`tcmajor`.`tcm_grade` AS `tcm_grade`,`majorterracecourse`.`mtc_grade` AS `mtc_grade`,`tcmajor`.`tcm_majorid` AS `tcm_majorid`,`tcmajor`.`tcm_tc_id` AS `tcm_tc_id`,`teachtask`.`tc_id` AS `tc_id`,`majorterracecourse`.`courseId` AS `courseId`,`teachtask`.`tc_class` AS `tc_class`,`majorterracecourse`.`mtc_id` AS `mtc_id`,`majorterracecourse`.`majorId` AS `majorId`,`majorterracecourse`.`terraceId` AS `terraceId`,`majorterracecourse`.`mtc_checkWay` AS `mtc_checkWay`,`majorterracecourse`.`mtc_courseTerm` AS `mtc_courseTerm`,`majorterracecourse`.`mtc_majorWay` AS `mtc_majorWay`,`majorterracecourse`.`mtc_note` AS `mtc_note`,`majorterracecourse`.`mtc_checkStatus` AS `mtc_checkStatus`,`majorterracecourse`.`mtc_isDelete` AS `mtc_isDelete`,`teachingmaterials`.`tmId` AS `tmId`,`teachingmaterials`.`name` AS `name`,`teachingmaterials`.`press` AS `press`,`teachingmaterials`.`edition` AS `edition`,`teachingmaterials`.`booknumber` AS `booknumber`,`teachingmaterials`.`price` AS `price`,`teachtask`.`tc_courseid` AS `tc_courseid`,`teachtask`.`tc_mainteacherid` AS `tc_mainteacherid`,`teachtask`.`tc_classteacherid` AS `tc_classteacherid`,`teachtask`.`tc_numrange` AS `tc_numrange`,`teachtask`.`tc_teachway` AS `tc_teachway`,`teachtask`.`tc_thweek_start` AS `tc_thweek_start`,`teachtask`.`tc_thweek_end` AS `tc_thweek_end`,`teachtask`.`tc_teachodd` AS `tc_teachodd`,`teachtask`.`tc_teachmore` AS `tc_teachmore`,`teachtask`.`tc_checkType` AS `tc_checkType`,`teachtask`.`tc_checkStatus` AS `tc_checkStatus`,`teachtask`.`tc_studentnum` AS `tc_studentnum`,`teacher`.`teacherId` AS `teacherId`,`teacher`.`teacherNumber` AS `teacherNumber`,`teacher`.`teacherName` AS `teacherName`,`teacher`.`department` AS `department`,`teacher`.`administrative` AS `administrative`,`teacher`.`teachUnit` AS `teachUnit`,`teacher`.`duty` AS `duty`,`teacher`.`dutyDate` AS `dutyDate`,`teacher`.`dutyLevel` AS `dutyLevel`,`teacher`.`education` AS `education`,`teacher`.`educationMajor` AS `educationMajor`,`teacher`.`educationSchool` AS `educationSchool`,`teacher`.`educationStructure` AS `educationStructure`,`teacher`.`degree` AS `degree`,`teacher`.`certificate` AS `certificate`,`teacher`.`teachDate` AS `teachDate`,`teacher`.`teachMajor` AS `teachMajor`,`teacher`.`teachSection` AS `teachSection`,`teacher`.`teachStatus` AS `teachStatus`,`teacher`.`teachArea` AS `teachArea`,`teacher`.`certificateLevel` AS `certificateLevel`,`course`.`courseCode` AS `courseCode`,`course`.`assumeUnit` AS `assumeUnit`,`course`.`chineseName` AS `chineseName`,`course`.`coursebookid` AS `coursebookid`,`course`.`issparecourse` AS `issparecourse`,`course`.`totalCredit` AS `totalCredit`,`course`.`totalTime` AS `totalTime`,`course`.`courseCategory_3` AS `courseCategory_3`,`course`.`courseCategory_4` AS `courseCategory_4`,`course`.`courseCategory_5` AS `courseCategory_5`,`arrangelesson`.`al_timeweek` AS `al_timeweek`,`arrangelesson`.`al_timepitch` AS `al_timepitch`,`arrangelesson`.`classroomId` AS `classroomId`,`arrangelesson`.`classroomName` AS `classroomName`,`tcmajor`.`tcm_id` AS `tcm_id` from (((((((`majorterracecourse` left join `course` on((`majorterracecourse`.`courseId` = `course`.`courseId`))) left join `major` on((`majorterracecourse`.`majorId` = convert(`major`.`majorId` using utf8mb4)))) left join `teachtask` on(((`majorterracecourse`.`courseId` = `teachtask`.`tc_courseid`) and (`majorterracecourse`.`mtc_courseTerm` = `teachtask`.`tc_semester`)))) join `tcmajor` on(((`tcmajor`.`tcm_tc_id` = `teachtask`.`tc_id`) and (`majorterracecourse`.`majorId` = `tcmajor`.`tcm_majorid`) and (`majorterracecourse`.`mtc_grade` = `tcmajor`.`tcm_grade`)))) left join `arrangelesson` on((`teachtask`.`tc_id` = convert(`arrangelesson`.`tc_id` using utf8mb4)))) left join `teacher` on((`teachtask`.`tc_classteacherid` = convert(`teacher`.`teacherId` using utf8mb4)))) left join `teachingmaterials` on((`course`.`sparecoursebookid` = `teachingmaterials`.`tmId`))) where ((`majorterracecourse`.`mtc_checkStatus` = '已通过') and (isnull(`majorterracecourse`.`mtc_isDelete`) or (`majorterracecourse`.`mtc_isDelete` = '否')) and (`teachtask`.`tc_checkStatus` = '已通过') and (isnull(`teachtask`.`tc_isDelete`) or (`teachtask`.`tc_isDelete` = '否')) and (`course`.`issparecourse` = '1') and (`course`.`checkStatus` = '已通过') and (`major`.`checkStatus` = '已通过') and (isnull(`major`.`isDelete`) or (`major`.`isDelete` = '否'))) */;

/*View structure for view withdrawcourse_info */

/*!50001 DROP TABLE IF EXISTS `withdrawcourse_info` */;
/*!50001 DROP VIEW IF EXISTS `withdrawcourse_info` */;

/*!50001 CREATE ALGORITHM=UNDEFINED DEFINER=`neunb`@`%` SQL SECURITY DEFINER VIEW `withdrawcourse_info` AS select `stuchoosecourse`.`scc` AS `scc`,`stuchoosecourse`.`studentId` AS `studentId`,`stuchoosecourse`.`majorId` AS `majorId`,`stuchoosecourse`.`courseId` AS `courseId`,`stuchoosecourse`.`tc_id` AS `tc_id`,`stuchoosecourse`.`terraceId` AS `terraceId`,`stuchoosecourse`.`class` AS `class`,`stuchoosecourse`.`studentNum` AS `studentNum`,`stuchoosecourse`.`teacherName` AS `teacherName`,`stuchoosecourse`.`courseCode` AS `courseCode`,`stuchoosecourse`.`chineseName` AS `chineseName`,`stuchoosecourse`.`term` AS `term`,`stuchoosecourse`.`iscomfirm` AS `iscomfirm`,`stuchoosecourse`.`istiaojicomfirm` AS `istiaojicomfirm`,`stuchoosecourse`.`isautotiaoji` AS `isautotiaoji`,`stuchoosecourse`.`scc_status` AS `scc_status`,`stuchoosecourse`.`Areason` AS `Areason`,`stuchoosecourse`.`Rreason` AS `Rreason`,`terrace`.`terraceName` AS `terraceName`,`course`.`courseCategory_3` AS `courseCategory_3`,`course`.`courseCategory_4` AS `courseCategory_4`,`course`.`courseCategory_5` AS `courseCategory_5`,`student`.`studentName` AS `studentName`,`major`.`majorName` AS `majorName`,`terrace`.`endTime` AS `endTime`,`terrace`.`maxClasses` AS `maxClasses`,`terrace`.`maxCredits` AS `maxCredits`,`terrace`.`minClasses` AS `minClasses`,`terrace`.`minCredits` AS `minCredits`,`terrace`.`startTime` AS `startTime` from ((((`stuchoosecourse` left join `course` on((`stuchoosecourse`.`courseId` = `course`.`courseId`))) left join `terrace` on((`stuchoosecourse`.`terraceId` = `terrace`.`terraceId`))) left join `student` on((`stuchoosecourse`.`studentId` = convert(`student`.`studentId` using utf8mb4)))) left join `major` on((`stuchoosecourse`.`majorId` = convert(`major`.`majorId` using utf8mb4)))) */;

/*!40101 SET SQL_MODE=@OLD_SQL_MODE */;
/*!40014 SET FOREIGN_KEY_CHECKS=@OLD_FOREIGN_KEY_CHECKS */;
/*!40014 SET UNIQUE_CHECKS=@OLD_UNIQUE_CHECKS */;
/*!40111 SET SQL_NOTES=@OLD_SQL_NOTES */;
